Strategy,Seed,Step,Detected_Serious,Detected_Criminals,False_Positives,Active_Serious_Remaining,Total_Serious_Offences,Total_Minor_Offences,Total_Offences
SSP,0,0,1,5,5,6,0,0,0
SSP,0,1,1,7,8,6,0,0,0
SSP,0,2,1,9,8,6,0,0,0
SSP,0,3,1,9,8,6,0,1,1
SSP,0,4,1,9,8,6,0,3,3
SSP,0,5,1,9,8,6,0,5,5
SSP,0,6,1,9,8,6,0,7,7
SSP,0,7,1,9,8,6,0,9,9
SSP,0,8,1,9,8,6,0,12,12
SSP,0,9,1,9,8,6,0,12,12
SSP,0,10,1,9,8,6,0,14,14
SSP,0,11,1,9,8,6,0,14,14
SSP,0,12,1,9,8,6,0,19,19
SSP,0,13,1,9,9,7,1,21,22
SSP,0,14,1,9,9,7,1,23,24
SSP,0,15,1,9,9,7,1,24,25
SSP,0,16,1,9,10,7,1,26,27
SSP,0,17,1,9,10,7,1,28,29
SSP,0,18,1,9,10,7,1,29,30
SSP,0,19,1,9,10,7,1,32,33
SSP,0,20,1,9,10,7,1,34,35
SSP,0,21,1,9,10,7,2,36,38
SSP,0,22,1,9,11,7,3,38,41
SSP,0,23,1,9,12,7,3,41,44
SSP,0,24,1,10,12,11,7,42,49
SSP,0,25,1,10,12,11,7,42,49
SSP,0,26,1,10,12,12,8,45,53
SSP,0,27,1,10,12,12,9,49,58
SSP,0,28,1,10,12,12,9,52,61
SSP,0,29,1,10,12,13,10,56,66
SSP,0,30,1,11,12,13,10,61,71
SSP,0,31,1,11,13,13,11,62,73
SSP,0,32,1,11,13,13,11,65,76
SSP,0,33,1,11,14,13,12,67,79
SSP,0,34,1,12,14,14,13,68,81
SSP,0,35,1,12,14,14,13,69,82
SSP,0,36,1,12,14,14,13,70,83
SSP,0,37,1,12,14,14,15,70,85
SSP,0,38,1,12,14,15,17,73,90
SSP,0,39,1,12,14,15,17,75,92
SSP,0,40,1,12,14,15,18,82,100
SSP,0,41,1,12,15,15,19,84,103
SSP,0,42,1,13,15,15,20,86,106
SSP,0,43,1,13,15,16,21,89,110
SSP,0,44,1,13,15,16,21,90,111
SSP,0,45,1,13,15,18,24,92,116
SSP,0,46,1,13,15,19,25,92,117
SSP,0,47,1,13,16,19,26,93,119
SSP,0,48,1,13,16,19,27,95,122
SSP,0,49,1,13,17,19,27,96,123
SSP,0,50,1,13,17,19,28,100,128
SSP,0,51,1,15,17,19,28,100,128
SSP,0,52,1,15,17,19,28,102,130
SSP,0,53,1,15,17,19,28,103,131
SSP,0,54,1,15,17,19,31,103,134
SSP,0,55,1,15,17,19,31,104,135
SSP,0,56,1,15,17,19,32,109,141
SSP,0,57,1,15,17,19,33,110,143
SSP,0,58,1,15,17,19,36,114,150
SSP,0,59,1,15,17,20,38,117,155
SSP,0,60,1,15,17,20,41,118,159
SSP,0,61,1,15,17,21,42,119,161
SSP,0,62,2,16,17,20,44,119,163
SSP,0,63,2,16,17,20,45,119,164
SSP,0,64,2,16,17,21,47,121,168
SSP,0,65,2,16,17,21,49,121,170
SSP,0,66,2,16,18,21,49,123,172
SSP,0,67,2,16,18,21,49,126,175
SSP,0,68,2,16,18,21,49,129,178
SSP,0,69,2,16,19,22,50,132,182
SSP,0,70,2,16,19,23,52,133,185
SSP,0,71,2,16,19,24,54,136,190
SSP,0,72,2,16,20,24,54,137,191
SSP,0,73,2,16,20,24,55,137,192
SSP,0,74,2,16,20,25,56,138,194
SSP,0,75,2,16,20,25,56,140,196
SSP,0,76,2,16,20,26,57,144,201
SSP,0,77,2,16,21,29,61,144,205
SSP,0,78,2,16,21,29,62,148,210
SSP,0,79,2,16,22,29,62,150,212
SSP,0,80,2,16,23,29,65,153,218
SSP,0,81,2,16,23,29,66,154,220
SSP,0,82,2,16,23,29,66,156,222
SSP,0,83,2,17,23,30,68,156,224
SSP,0,84,2,17,23,31,69,157,226
SSP,0,85,2,17,23,31,69,159,228
SSP,0,86,2,17,23,32,72,161,233
SSP,0,87,2,17,23,32,72,162,234
SSP,0,88,2,17,23,32,72,164,236
SSP,0,89,2,17,23,32,73,164,237
SSP,0,90,2,17,23,32,73,165,238
SSP,0,91,2,18,23,32,73,167,240
SSP,0,92,2,18,23,32,75,168,243
SSP,0,93,2,18,23,32,76,170,246
SSP,0,94,2,18,23,32,77,174,251
SSP,0,95,2,18,23,32,78,175,253
SSP,0,96,2,19,23,32,78,179,257
SSP,0,97,2,20,23,32,78,179,257
SSP,0,98,2,20,23,32,78,182,260
SSP,0,99,2,20,23,32,80,182,262
SSP,0,100,2,20,23,33,81,183,264
SSP,0,101,3,21,23,32,81,184,265
SSP,0,102,3,21,24,33,82,186,268
SSP,0,103,3,22,24,33,82,189,271
SSP,0,104,4,23,24,32,83,192,275
SSP,0,105,4,23,24,33,84,194,278
SSP,0,106,4,23,24,33,84,196,280
SSP,0,107,4,23,24,33,85,197,282
SSP,0,108,4,23,24,33,85,199,284
SSP,0,109,4,23,26,33,85,201,286
SSP,0,110,4,25,26,34,87,204,291
SSP,0,111,4,26,26,34,89,207,296
SSP,0,112,4,26,26,35,92,207,299
SSP,0,113,4,26,26,35,93,208,301
SSP,0,114,4,26,26,35,93,210,303
SSP,0,115,4,26,26,35,94,213,307
SSP,0,116,5,27,26,34,94,213,307
SSP,0,117,5,27,26,34,94,214,308
SSP,0,118,5,27,26,34,94,215,309
SSP,0,119,5,27,26,34,95,215,310
SSP,0,120,5,27,26,34,95,219,314
SSP,0,121,5,27,26,35,96,219,315
SSP,0,122,5,27,26,35,98,221,319
SSP,0,123,6,28,26,34,100,224,324
SSP,0,124,6,28,27,34,100,228,328
SSP,0,125,6,29,27,34,101,229,330
SSP,0,126,6,30,27,34,101,229,330
SSP,0,127,6,30,28,34,102,232,334
SSP,0,128,7,32,29,33,102,237,339
SSP,0,129,7,32,29,33,103,238,341
SSP,0,130,7,32,29,33,104,239,343
SSP,0,131,7,32,29,33,104,239,343
SSP,0,132,7,32,29,33,105,241,346
SSP,0,133,7,33,29,33,105,241,346
SSP,0,134,7,33,29,33,107,243,350
SSP,0,135,7,33,29,34,110,244,354
SSP,0,136,7,33,29,34,111,245,356
SSP,0,137,7,33,29,34,111,245,356
SSP,0,138,7,33,29,34,111,246,357
SSP,0,139,7,33,29,36,114,248,362
SSP,0,140,7,33,29,36,114,251,365
SSP,0,141,7,33,29,36,114,252,366
SSP,0,142,7,33,29,37,116,252,368
SSP,0,143,7,33,30,37,117,254,371
SSP,0,144,7,33,30,37,117,255,372
SSP,0,145,7,33,31,38,119,256,375
SSP,0,146,7,33,31,38,119,257,376
SSP,0,147,7,33,31,38,120,259,379
SSP,0,148,7,34,31,38,120,259,379
SSP,0,149,7,34,31,38,122,262,384
SSP,0,150,7,34,31,38,123,263,386
SSP,0,151,7,34,31,38,123,263,386
SSP,0,152,7,34,31,38,124,267,391
SSP,0,153,7,34,31,38,124,269,393
SSP,0,154,7,34,31,39,125,269,394
SSP,0,155,7,34,31,39,125,270,395
SSP,0,156,7,36,31,39,125,272,397
SSP,0,157,7,36,31,39,126,275,401
SSP,0,158,7,36,31,39,127,275,402
SSP,0,159,7,36,31,39,128,277,405
SSP,0,160,7,36,32,39,128,279,407
SSP,0,161,7,36,32,39,128,279,407
SSP,0,162,7,36,32,39,129,280,409
SSP,0,163,7,36,32,39,129,281,410
SSP,0,164,7,36,32,39,129,285,414
SSP,0,165,8,37,32,38,129,289,418
SSP,0,166,8,37,32,38,130,292,422
SSP,0,167,8,37,32,38,131,294,425
SSP,0,168,8,37,32,38,132,295,427
SSP,0,169,8,37,32,38,134,296,430
SSP,0,170,8,37,32,39,136,296,432
SSP,0,171,8,37,32,39,138,297,435
SSP,0,172,9,38,32,38,139,297,436
SSP,0,173,9,38,32,38,140,297,437
SSP,0,174,9,38,32,38,142,297,439
SSP,0,175,9,38,32,39,144,298,442
SSP,0,176,9,38,32,39,144,298,442
SSP,0,177,9,38,32,39,145,298,443
SSP,0,178,9,38,32,39,145,302,447
SSP,0,179,9,38,32,39,146,304,450
SSP,0,180,9,38,32,40,147,307,454
SSP,0,181,9,38,32,40,147,308,455
SSP,0,182,9,38,32,41,149,308,457
SSP,0,183,9,38,32,41,151,309,460
SSP,0,184,9,38,32,41,151,310,461
SSP,0,185,9,38,32,42,153,311,464
SSP,0,186,9,38,32,42,154,313,467
SSP,0,187,9,38,33,42,155,313,468
SSP,0,188,9,38,33,42,156,314,470
SSP,0,189,9,38,33,42,157,316,473
SSP,0,190,10,39,33,41,158,316,474
SSP,0,191,10,39,33,41,158,318,476
SSP,0,192,10,39,33,41,158,318,476
SSP,0,193,10,39,33,41,160,320,480
SSP,0,194,10,39,33,41,160,322,482
SSP,0,195,11,40,33,40,161,323,484
SSP,0,196,11,40,33,41,162,325,487
SSP,0,197,12,41,33,40,165,326,491
SSP,0,198,12,41,33,40,165,326,491
SSP,0,199,12,41,33,40,168,326,494
SSP,0,200,12,41,33,40,168,328,496
SSP,0,201,12,41,33,40,168,330,498
SSP,0,202,12,41,33,40,169,333,502
SSP,0,203,12,41,33,40,169,335,504
SSP,0,204,12,41,33,40,170,335,505
SSP,0,205,12,41,33,40,170,335,505
SSP,0,206,12,42,33,40,170,336,506
SSP,0,207,12,42,33,40,172,339,511
SSP,0,208,12,42,34,40,173,341,514
SSP,0,209,13,43,34,39,173,341,514
SSP,0,210,13,43,34,39,173,341,514
SSP,0,211,13,43,34,39,173,341,514
SSP,0,212,13,43,34,39,173,342,515
SSP,0,213,13,43,34,39,173,344,517
SSP,0,214,13,43,34,39,174,344,518
SSP,0,215,13,43,34,39,175,345,520
SSP,0,216,13,43,34,39,175,345,520
SSP,0,217,13,43,34,39,175,347,522
SSP,0,218,13,43,34,39,175,347,522
SSP,0,219,13,43,34,39,175,351,526
SSP,0,220,13,43,34,39,176,352,528
SSP,0,221,13,43,34,39,176,356,532
SSP,0,222,13,44,34,39,177,359,536
SSP,0,223,13,44,34,39,177,361,538
SSP,0,224,13,44,34,40,178,362,540
SSP,0,225,13,44,34,40,179,364,543
SSP,0,226,13,44,34,40,179,365,544
SSP,0,227,13,44,34,40,181,365,546
SSP,0,228,13,44,34,40,181,366,547
SSP,0,229,13,44,34,40,182,366,548
SSP,0,230,13,44,34,40,182,369,551
SSP,0,231,13,44,34,40,183,371,554
SSP,0,232,13,44,34,40,184,375,559
SSP,0,233,14,45,34,39,184,377,561
SSP,0,234,14,45,34,39,184,377,561
SSP,0,235,14,45,34,39,185,378,563
SSP,0,236,14,45,34,39,186,380,566
SSP,0,237,14,45,34,39,187,381,568
SSP,0,238,14,45,34,39,187,383,570
SSP,0,239,14,45,34,39,187,383,570
SSP,0,240,14,45,34,39,187,385,572
SSP,0,241,14,45,34,39,188,386,574
SSP,0,242,14,45,34,39,188,389,577
SSP,0,243,14,45,35,39,188,390,578
SSP,0,244,14,45,35,39,190,391,581
SSP,0,245,14,45,35,39,192,391,583
SSP,0,246,14,45,35,39,193,392,585
SSP,0,247,14,45,35,39,193,393,586
SSP,0,248,14,45,35,39,193,394,587
SSP,0,249,14,45,35,39,194,398,592
SSP,0,250,15,46,35,38,194,400,594
SSP,0,251,15,46,35,38,194,401,595
SSP,0,252,15,46,35,38,195,401,596
SSP,0,253,15,46,35,38,195,402,597
SSP,0,254,15,46,35,38,196,402,598
SSP,0,255,15,46,35,38,197,405,602
SSP,0,256,15,46,35,38,197,407,604
SSP,0,257,15,46,35,38,197,408,605
SSP,0,258,16,47,35,37,197,410,607
SSP,0,259,16,47,35,37,197,411,608
SSP,0,260,16,47,35,37,198,412,610
SSP,0,261,16,47,35,37,198,414,612
SSP,0,262,16,47,35,37,198,416,614
SSP,0,263,16,47,35,37,199,416,615
SSP,0,264,16,47,35,37,199,417,616
SSP,0,265,16,48,35,37,199,420,619
SSP,0,266,16,48,35,37,200,420,620
SSP,0,267,16,48,35,37,201,421,622
SSP,0,268,16,48,35,37,202,424,626
SSP,0,269,16,48,35,37,203,425,628
SSP,0,270,16,48,35,37,203,426,629
SSP,0,271,16,48,35,37,205,428,633
SSP,0,272,16,48,35,37,205,429,634
SSP,0,273,16,48,35,37,206,429,635
SSP,0,274,16,48,35,37,206,431,637
SSP,0,275,16,48,35,37,206,432,638
SSP,0,276,16,48,35,37,207,432,639
SSP,0,277,16,48,35,37,207,432,639
SSP,0,278,16,48,35,37,209,433,642
SSP,0,279,16,48,35,37,209,436,645
SSP,0,280,16,48,35,37,211,437,648
SSP,0,281,17,49,35,36,211,437,648
SSP,0,282,17,49,35,36,213,437,650
SSP,0,283,17,49,35,36,213,438,651
SSP,0,284,17,49,35,36,214,440,654
SSP,0,285,17,49,35,36,214,442,656
SSP,0,286,17,49,35,36,214,443,657
SSP,0,287,17,49,35,36,215,446,661
SSP,0,288,17,49,35,36,215,447,662
SSP,0,289,17,49,35,36,216,448,664
SSP,0,290,17,49,35,36,216,449,665
SSP,0,291,17,49,35,36,216,450,666
SSP,0,292,17,49,35,36,217,451,668
SSP,0,293,17,49,35,36,217,453,670
SSP,0,294,17,49,35,36,217,454,671
SSP,0,295,17,49,36,36,218,457,675
SSP,0,296,17,49,36,36,218,458,676
SSP,0,297,17,49,37,37,219,461,680
SSP,0,298,17,50,37,37,219,462,681
SSP,0,299,17,50,37,37,219,463,682
SSP,0,300,17,50,37,37,219,463,682
SSP,0,301,17,50,37,37,219,464,683
SSP,0,302,17,50,37,37,219,465,684
SSP,0,303,17,50,37,37,219,466,685
SSP,0,304,17,50,37,37,219,466,685
SSP,0,305,17,50,37,37,219,468,687
SSP,0,306,17,50,37,37,219,468,687
SSP,0,307,17,50,37,37,219,473,692
SSP,0,308,18,51,37,36,219,476,695
SSP,0,309,18,51,37,36,221,479,700
SSP,0,310,18,51,38,36,221,479,700
SSP,0,311,18,51,39,36,221,481,702
SSP,0,312,18,51,39,36,221,482,703
SSP,0,313,18,51,39,36,221,483,704
SSP,0,314,18,51,40,36,223,485,708
SSP,0,315,18,51,41,36,223,486,709
SSP,0,316,18,51,42,36,224,487,711
SSP,0,317,18,51,42,36,224,488,712
SSP,0,318,18,51,42,36,225,489,714
SSP,0,319,18,51,42,36,226,492,718
SSP,0,320,18,51,42,36,227,492,719
SSP,0,321,18,51,42,36,229,495,724
SSP,0,322,18,51,42,36,232,495,727
SSP,0,323,18,51,42,36,232,495,727
SSP,0,324,18,51,42,36,232,497,729
SSP,0,325,18,51,42,36,232,497,729
SSP,0,326,18,51,42,36,232,498,730
SSP,0,327,19,52,42,35,232,500,732
SSP,0,328,19,52,43,35,232,501,733
SSP,0,329,19,52,43,35,232,501,733
SSP,0,330,19,52,43,35,232,503,735
SSP,0,331,19,52,43,36,233,506,739
SSP,0,332,19,52,43,36,234,506,740
SSP,0,333,19,52,43,37,235,506,741
SSP,0,334,19,52,43,37,235,507,742
SSP,0,335,19,52,43,37,236,511,747
SSP,0,336,20,53,43,36,237,511,748
SSP,0,337,20,53,44,36,237,511,748
SSP,0,338,20,53,44,36,238,512,750
SSP,0,339,20,53,44,36,238,513,751
SSP,0,340,20,53,44,36,238,515,753
SSP,0,341,20,53,44,36,239,519,758
SSP,0,342,20,53,44,36,239,522,761
SSP,0,343,21,54,47,35,239,523,762
SSP,0,344,21,54,48,35,239,525,764
SSP,0,345,22,55,48,34,240,526,766
SSP,0,346,22,55,48,34,241,527,768
SSP,0,347,22,55,48,34,241,527,768
SSP,0,348,22,55,48,34,241,527,768
SSP,0,349,22,55,48,34,241,527,768
SSP,0,350,22,55,48,34,243,527,770
SSP,0,351,22,55,48,34,243,527,770
SSP,0,352,23,56,48,33,243,530,773
SSP,0,353,23,56,48,33,244,531,775
SSP,0,354,23,56,48,33,244,534,778
SSP,0,355,23,56,48,33,245,534,779
SSP,0,356,23,56,48,33,245,534,779
SSP,0,357,23,56,48,33,245,536,781
SSP,0,358,23,56,48,33,247,537,784
SSP,0,359,23,56,48,33,247,539,786
SSP,0,360,23,56,48,33,248,539,787
SSP,0,361,23,56,48,33,248,539,787
SSP,0,362,23,56,48,33,248,540,788
SSP,0,363,23,56,48,33,248,541,789
SSP,0,364,23,56,48,33,248,542,790
SSP,0,365,23,56,48,33,248,544,792
SSP,0,366,23,56,48,33,249,545,794
SSP,0,367,23,56,48,33,250,546,796
SSP,0,368,23,56,48,33,252,546,798
SSP,0,369,23,56,48,33,253,546,799
SSP,0,370,23,56,48,33,253,548,801
SSP,0,371,23,56,48,33,254,549,803
SSP,0,372,24,57,48,32,256,550,806
SSP,0,373,24,57,48,32,256,551,807
SSP,0,374,25,58,48,31,257,553,810
SSP,0,375,25,58,48,31,257,553,810
SSP,0,376,25,58,48,31,257,554,811
SSP,0,377,25,58,48,31,257,555,812
SSP,0,378,25,58,49,31,257,556,813
SSP,0,379,26,59,49,30,258,559,817
SSP,0,380,26,59,49,30,258,560,818
SSP,0,381,26,60,49,30,258,561,819
SSP,0,382,26,60,49,30,261,562,823
SSP,0,383,26,60,49,30,261,562,823
SSP,0,384,26,60,49,30,262,562,824
SSP,0,385,26,60,49,30,262,563,825
SSP,0,386,26,60,49,30,262,564,826
SSP,0,387,26,60,49,30,262,565,827
SSP,0,388,26,60,49,30,262,566,828
SSP,0,389,26,60,49,30,264,566,830
SSP,0,390,26,60,49,30,264,567,831
SSP,0,391,26,60,49,30,265,567,832
SSP,0,392,26,60,49,30,265,568,833
SSP,0,393,26,60,49,30,266,568,834
SSP,0,394,26,60,49,30,268,569,837
SSP,0,395,26,60,49,30,268,570,838
SSP,0,396,26,60,49,30,268,570,838
SSP,0,397,26,60,49,30,268,571,839
SSP,0,398,26,60,49,31,269,571,840
SSP,0,399,26,60,49,31,270,574,844
SSP,0,400,26,60,49,31,270,574,844
SSP,0,401,27,61,49,30,270,575,845
SSP,0,402,27,61,49,30,270,576,846
SSP,0,403,27,61,49,30,270,578,848
SSP,0,404,27,61,49,30,270,580,850
SSP,0,405,27,61,49,30,270,581,851
SSP,0,406,27,61,49,30,270,585,855
SSP,0,407,27,61,49,30,270,586,856
SSP,0,408,27,61,49,30,270,586,856
SSP,0,409,27,61,49,30,270,586,856
SSP,0,410,27,61,49,30,271,586,857
SSP,0,411,27,61,49,30,272,586,858
SSP,0,412,27,61,49,31,274,587,861
SSP,0,413,28,62,49,30,274,588,862
SSP,0,414,28,62,50,30,274,588,862
SSP,0,415,28,62,50,30,274,590,864
SSP,0,416,28,62,50,30,274,592,866
SSP,0,417,28,62,50,30,275,593,868
SSP,0,418,28,62,50,30,275,595,870
SSP,0,419,28,62,50,30,276,598,874
SSP,0,420,28,62,50,30,276,600,876
SSP,0,421,28,62,50,30,277,601,878
SSP,0,422,28,62,50,30,277,601,878
SSP,0,423,28,62,50,30,277,603,880
SSP,0,424,28,63,50,30,277,604,881
SSP,0,425,28,63,50,30,278,604,882
SSP,0,426,28,63,50,30,278,605,883
SSP,0,427,28,63,50,30,278,606,884
SSP,0,428,28,63,50,30,279,608,887
SSP,0,429,28,63,50,30,279,609,888
SSP,0,430,28,63,51,31,280,610,890
SSP,0,431,29,64,51,30,280,610,890
SSP,0,432,29,64,51,30,280,611,891
SSP,0,433,29,64,51,30,283,613,896
SSP,0,434,29,64,51,30,283,613,896
SSP,0,435,29,64,51,30,284,614,898
SSP,0,436,29,64,52,30,284,615,899
SSP,0,437,30,65,52,29,284,618,902
SSP,0,438,30,65,53,29,285,619,904
SSP,0,439,30,65,53,29,286,619,905
SSP,0,440,30,65,53,29,286,620,906
SSP,0,441,30,65,53,29,286,621,907
SSP,0,442,30,65,53,29,286,621,907
SSP,0,443,30,65,53,29,286,621,907
SSP,0,444,30,65,53,29,286,621,907
SSP,0,445,30,65,53,29,286,622,908
SSP,0,446,30,65,53,29,286,622,908
SSP,0,447,30,65,53,29,287,623,910
SSP,0,448,31,66,53,28,288,625,913
SSP,0,449,31,66,53,28,288,626,914
SSP,0,450,31,66,53,28,289,626,915
SSP,0,451,31,66,53,28,289,626,915
SSP,0,452,31,66,53,28,289,626,915
SSP,0,453,31,66,53,28,289,627,916
SSP,0,454,31,66,53,28,289,628,917
SSP,0,455,31,66,53,29,291,629,920
SSP,0,456,32,67,53,28,291,631,922
SSP,0,457,32,67,53,28,291,631,922
SSP,0,458,32,67,53,28,292,632,924
SSP,0,459,32,67,53,28,292,634,926
SSP,0,460,32,67,53,28,292,635,927
SSP,0,461,32,67,53,28,293,636,929
SSP,0,462,32,67,53,28,293,637,930
SSP,0,463,32,67,54,28,293,639,932
SSP,0,464,32,67,54,28,294,639,933
SSP,0,465,32,67,54,28,294,639,933
SSP,0,466,32,67,54,28,294,640,934
SSP,0,467,32,67,54,28,295,641,936
SSP,0,468,32,67,54,29,296,642,938
SSP,0,469,32,67,54,29,296,642,938
SSP,0,470,32,67,54,29,297,643,940
SSP,0,471,32,67,54,29,299,644,943
SSP,0,472,32,67,54,29,299,645,944
SSP,0,473,32,67,54,29,299,646,945
SSP,0,474,33,68,54,28,300,648,948
SSP,0,475,33,68,54,28,301,648,949
SSP,0,476,33,68,54,28,302,648,950
SSP,0,477,33,68,54,28,304,648,952
SSP,0,478,33,68,54,29,305,649,954
SSP,0,479,33,68,54,29,305,651,956
SSP,0,480,33,68,54,29,305,651,956
SSP,0,481,33,68,54,29,305,651,956
SSP,0,482,33,68,54,29,305,654,959
SSP,0,483,33,68,54,29,306,654,960
SSP,0,484,33,68,54,29,306,654,960
SSP,0,485,33,68,54,29,306,655,961
SSP,0,486,33,68,54,29,306,657,963
SSP,0,487,33,68,54,30,307,657,964
SSP,0,488,33,68,54,30,307,658,965
SSP,0,489,33,68,54,30,308,658,966
SSP,0,490,33,68,54,30,308,659,967
SSP,0,491,33,68,54,30,308,660,968
SSP,0,492,33,68,54,30,308,661,969
SSP,0,493,34,69,54,29,309,661,970
SSP,0,494,34,69,54,29,309,661,970
SSP,0,495,34,69,54,29,309,662,971
SSP,0,496,34,69,54,29,309,663,972
SSP,0,497,34,69,54,29,309,664,973
SSP,0,498,34,69,54,29,312,665,977
SSP,0,499,34,69,54,29,313,666,979
SSP,1,0,0,4,1,17,0,1,1
SSP,1,1,1,5,1,16,0,1,1
SSP,1,2,1,7,1,16,0,3,3
SSP,1,3,1,7,1,16,0,5,5
SSP,1,4,1,7,1,16,0,7,7
SSP,1,5,1,7,1,16,0,9,9
SSP,1,6,1,7,1,16,0,9,9
SSP,1,7,1,7,1,16,0,11,11
SSP,1,8,1,7,1,16,0,13,13
SSP,1,9,2,8,1,15,0,14,14
SSP,1,10,2,8,1,15,0,15,15
SSP,1,11,2,8,1,15,0,15,15
SSP,1,12,2,8,1,15,0,19,19
SSP,1,13,2,8,1,16,1,24,25
SSP,1,14,2,8,1,16,1,25,26
SSP,1,15,2,8,1,16,1,26,27
SSP,1,16,2,8,1,16,1,30,31
SSP,1,17,2,8,1,16,1,31,32
SSP,1,18,2,8,1,16,1,34,35
SSP,1,19,2,8,2,16,1,42,43
SSP,1,20,2,8,2,17,2,46,48
SSP,1,21,3,10,2,17,4,49,53
SSP,1,22,3,10,3,18,5,50,55
SSP,1,23,3,10,4,18,5,51,56
SSP,1,24,3,10,4,19,6,54,60
SSP,1,25,3,10,5,20,7,56,63
SSP,1,26,3,11,5,20,7,57,64
SSP,1,27,3,11,5,20,8,58,66
SSP,1,28,3,11,5,20,8,61,69
SSP,1,29,3,11,5,20,9,64,73
SSP,1,30,3,11,6,21,12,64,76
SSP,1,31,3,11,7,21,14,68,82
SSP,1,32,3,11,8,22,15,69,84
SSP,1,33,3,11,8,22,15,73,88
SSP,1,34,3,11,8,22,15,75,90
SSP,1,35,3,11,8,23,17,75,92
SSP,1,36,3,11,8,23,17,77,94
SSP,1,37,3,11,8,23,18,78,96
SSP,1,38,3,12,8,23,18,80,98
SSP,1,39,3,12,8,23,18,81,99
SSP,1,40,3,12,8,23,19,84,103
SSP,1,41,3,12,8,23,19,88,107
SSP,1,42,3,13,8,23,21,89,110
SSP,1,43,3,13,8,23,21,91,112
SSP,1,44,3,13,8,23,22,91,113
SSP,1,45,3,13,8,24,23,95,118
SSP,1,46,3,13,8,24,24,96,120
SSP,1,47,3,13,9,24,24,99,123
SSP,1,48,3,13,9,24,25,100,125
SSP,1,49,3,13,9,24,25,104,129
SSP,1,50,3,13,9,25,27,108,135
SSP,1,51,3,13,9,25,27,110,137
SSP,1,52,3,13,9,25,28,112,140
SSP,1,53,4,15,9,24,30,115,145
SSP,1,54,4,15,10,24,30,117,147
SSP,1,55,4,15,11,24,31,119,150
SSP,1,56,4,15,12,24,33,121,154
SSP,1,57,4,15,12,24,34,122,156
SSP,1,58,4,15,12,24,36,123,159
SSP,1,59,4,16,12,24,36,126,162
SSP,1,60,4,16,12,24,37,127,164
SSP,1,61,4,16,12,24,38,128,166
SSP,1,62,4,17,12,24,38,130,168
SSP,1,63,4,17,13,24,38,132,170
SSP,1,64,4,17,14,24,38,133,171
SSP,1,65,5,18,14,23,40,133,173
SSP,1,66,5,18,14,23,41,133,174
SSP,1,67,5,18,14,23,43,134,177
SSP,1,68,5,18,14,23,45,135,180
SSP,1,69,5,18,14,23,47,138,185
SSP,1,70,5,19,14,24,50,140,190
SSP,1,71,5,21,14,25,51,141,192
SSP,1,72,6,22,14,24,51,141,192
SSP,1,73,6,22,14,24,54,142,196
SSP,1,74,6,22,15,24,54,143,197
SSP,1,75,6,22,15,24,54,145,199
SSP,1,76,6,23,15,27,57,148,205
SSP,1,77,6,23,15,27,57,149,206
SSP,1,78,6,23,16,27,59,150,209
SSP,1,79,6,23,16,27,60,150,210
SSP,1,80,7,24,17,27,61,155,216
SSP,1,81,7,24,18,27,62,155,217
SSP,1,82,7,24,18,27,62,158,220
SSP,1,83,7,24,18,27,62,159,221
SSP,1,84,7,24,18,27,62,159,221
SSP,1,85,7,25,18,27,62,163,225
SSP,1,86,7,25,18,28,64,164,228
SSP,1,87,7,25,19,28,64,165,229
SSP,1,88,7,25,19,28,64,168,232
SSP,1,89,7,25,19,29,66,171,237
SSP,1,90,8,27,20,28,66,173,239
SSP,1,91,8,27,20,28,66,173,239
SSP,1,92,8,27,20,28,66,174,240
SSP,1,93,8,27,20,28,66,176,242
SSP,1,94,8,27,20,28,66,178,244
SSP,1,95,8,27,20,28,67,179,246
SSP,1,96,8,27,20,28,67,180,247
SSP,1,97,8,27,20,29,69,182,251
SSP,1,98,8,27,21,29,70,183,253
SSP,1,99,9,28,21,28,70,183,253
SSP,1,100,9,28,21,30,73,184,257
SSP,1,101,9,28,21,32,75,187,262
SSP,1,102,9,28,21,32,75,193,268
SSP,1,103,9,29,21,32,75,197,272
SSP,1,104,9,29,22,32,76,198,274
SSP,1,105,9,29,22,32,76,198,274
SSP,1,106,9,29,22,32,78,202,280
SSP,1,107,9,29,23,32,79,203,282
SSP,1,108,9,29,23,32,79,203,282
SSP,1,109,9,29,23,32,80,204,284
SSP,1,110,9,29,23,33,81,204,285
SSP,1,111,9,29,23,33,81,206,287
SSP,1,112,9,29,23,34,83,206,289
SSP,1,113,9,29,23,34,83,207,290
SSP,1,114,9,29,23,34,84,213,297
SSP,1,115,9,29,23,34,85,216,301
SSP,1,116,10,30,23,33,85,220,305
SSP,1,117,10,30,23,33,86,221,307
SSP,1,118,10,30,23,33,87,222,309
SSP,1,119,10,30,23,33,87,223,310
SSP,1,120,10,30,23,34,89,224,313
SSP,1,121,10,30,23,34,90,225,315
SSP,1,122,10,30,23,34,91,227,318
SSP,1,123,10,30,23,35,93,229,322
SSP,1,124,10,30,23,35,95,230,325
SSP,1,125,11,31,24,34,95,230,325
SSP,1,126,11,31,24,34,95,232,327
SSP,1,127,11,31,24,34,96,234,330
SSP,1,128,11,31,24,34,96,238,334
SSP,1,129,11,31,24,34,96,238,334
SSP,1,130,11,31,24,35,97,238,335
SSP,1,131,11,31,24,36,99,242,341
SSP,1,132,11,31,24,36,101,244,345
SSP,1,133,11,31,24,36,101,246,347
SSP,1,134,11,31,24,36,101,247,348
SSP,1,135,11,31,24,36,102,247,349
SSP,1,136,11,31,24,36,102,247,349
SSP,1,137,11,31,24,37,103,247,350
SSP,1,138,11,31,24,37,103,249,352
SSP,1,139,11,31,24,37,103,249,352
SSP,1,140,11,31,24,38,106,250,356
SSP,1,141,11,31,24,38,107,251,358
SSP,1,142,11,31,24,38,107,252,359
SSP,1,143,11,31,24,38,108,254,362
SSP,1,144,11,31,24,39,111,255,366
SSP,1,145,11,31,24,39,112,255,367
SSP,1,146,11,31,24,40,115,256,371
SSP,1,147,11,31,24,40,116,258,374
SSP,1,148,11,31,24,40,116,259,375
SSP,1,149,11,31,24,40,116,261,377
SSP,1,150,11,31,24,40,117,261,378
SSP,1,151,11,31,24,40,118,262,380
SSP,1,152,11,31,24,40,119,263,382
SSP,1,153,11,31,24,40,119,263,382
SSP,1,154,11,31,24,40,120,263,383
SSP,1,155,11,31,24,40,120,264,384
SSP,1,156,11,31,24,40,120,267,387
SSP,1,157,11,31,24,40,121,272,393
SSP,1,158,11,31,24,40,122,272,394
SSP,1,159,11,31,24,40,123,274,397
SSP,1,160,11,31,24,40,123,275,398
SSP,1,161,11,31,24,40,125,276,401
SSP,1,162,11,31,24,40,125,280,405
SSP,1,163,12,33,24,39,126,282,408
SSP,1,164,12,33,24,39,128,284,412
SSP,1,165,12,33,24,39,128,285,413
SSP,1,166,12,33,24,40,129,286,415
SSP,1,167,12,33,24,40,130,287,417
SSP,1,168,12,33,24,40,133,287,420
SSP,1,169,12,35,24,40,135,290,425
SSP,1,170,12,35,25,40,135,293,428
SSP,1,171,12,35,26,40,136,294,430
SSP,1,172,13,36,26,39,137,295,432
SSP,1,173,13,36,26,39,138,295,433
SSP,1,174,13,36,26,39,138,296,434
SSP,1,175,13,36,26,39,138,296,434
SSP,1,176,13,36,26,39,140,297,437
SSP,1,177,13,36,26,39,141,299,440
SSP,1,178,13,36,26,40,142,299,441
SSP,1,179,13,37,26,40,143,302,445
SSP,1,180,13,37,26,40,143,305,448
SSP,1,181,13,37,26,40,143,306,449
SSP,1,182,13,37,26,40,145,306,451
SSP,1,183,15,39,26,38,146,307,453
SSP,1,184,16,40,26,37,148,307,455
SSP,1,185,16,40,26,37,148,307,455
SSP,1,186,16,40,26,37,148,307,455
SSP,1,187,16,40,26,37,148,309,457
SSP,1,188,16,40,26,37,148,309,457
SSP,1,189,16,40,26,37,150,309,459
SSP,1,190,16,40,26,37,153,310,463
SSP,1,191,16,40,26,37,154,310,464
SSP,1,192,16,40,26,38,155,310,465
SSP,1,193,16,40,27,38,156,312,468
SSP,1,194,16,40,27,38,157,312,469
SSP,1,195,16,40,27,38,157,313,470
SSP,1,196,17,41,27,37,160,316,476
SSP,1,197,17,41,27,38,161,316,477
SSP,1,198,17,41,27,38,161,317,478
SSP,1,199,17,41,27,38,162,318,480
SSP,1,200,18,42,27,37,162,320,482
SSP,1,201,18,42,27,37,163,320,483
SSP,1,202,19,43,27,36,163,321,484
SSP,1,203,19,43,27,36,163,322,485
SSP,1,204,19,43,27,36,163,323,486
SSP,1,205,19,43,27,36,163,324,487
SSP,1,206,19,43,27,36,163,324,487
SSP,1,207,19,43,27,36,164,324,488
SSP,1,208,19,43,27,36,165,326,491
SSP,1,209,19,43,27,37,167,328,495
SSP,1,210,19,43,27,37,168,329,497
SSP,1,211,19,43,27,38,170,333,503
SSP,1,212,19,43,27,38,170,336,506
SSP,1,213,19,43,27,38,170,336,506
SSP,1,214,19,44,27,38,170,337,507
SSP,1,215,19,44,27,38,172,338,510
SSP,1,216,19,44,27,38,173,338,511
SSP,1,217,19,44,27,38,173,338,511
SSP,1,218,19,44,27,38,173,339,512
SSP,1,219,19,44,27,38,173,340,513
SSP,1,220,19,44,27,38,173,340,513
SSP,1,221,19,44,27,38,173,341,514
SSP,1,222,19,44,27,38,173,341,514
SSP,1,223,19,44,27,38,173,342,515
SSP,1,224,19,44,27,38,174,344,518
SSP,1,225,19,44,27,38,174,346,520
SSP,1,226,19,44,27,38,175,347,522
SSP,1,227,19,44,27,38,175,347,522
SSP,1,228,19,44,28,38,175,348,523
SSP,1,229,19,44,28,38,177,350,527
SSP,1,230,19,45,28,38,177,351,528
SSP,1,231,19,45,28,38,179,353,532
SSP,1,232,19,45,28,38,179,355,534
SSP,1,233,19,45,28,38,181,356,537
SSP,1,234,19,45,28,38,181,358,539
SSP,1,235,19,45,28,38,181,359,540
SSP,1,236,19,45,28,38,182,361,543
SSP,1,237,19,45,28,38,183,362,545
SSP,1,238,19,45,28,39,184,362,546
SSP,1,239,19,45,28,39,186,365,551
SSP,1,240,19,45,28,39,187,366,553
SSP,1,241,19,45,28,39,187,366,553
SSP,1,242,19,45,28,39,188,367,555
SSP,1,243,19,45,28,39,189,369,558
SSP,1,244,19,45,28,39,189,371,560
SSP,1,245,19,45,28,39,189,371,560
SSP,1,246,19,45,28,39,189,371,560
SSP,1,247,19,45,28,39,190,371,561
SSP,1,248,19,45,28,39,190,371,561
SSP,1,249,19,45,28,40,191,375,566
SSP,1,250,20,46,28,39,191,376,567
SSP,1,251,20,46,28,39,192,377,569
SSP,1,252,20,46,28,39,193,378,571
SSP,1,253,20,46,28,39,193,380,573
SSP,1,254,20,46,28,39,194,380,574
SSP,1,255,20,46,28,39,196,382,578
SSP,1,256,20,46,28,40,198,383,581
SSP,1,257,21,47,28,39,198,384,582
SSP,1,258,21,47,28,39,198,385,583
SSP,1,259,21,47,28,39,198,386,584
SSP,1,260,21,47,28,39,199,387,586
SSP,1,261,21,47,28,40,201,387,588
SSP,1,262,21,47,29,40,202,389,591
SSP,1,263,21,47,29,40,202,390,592
SSP,1,264,21,47,29,40,204,390,594
SSP,1,265,21,47,29,40,204,393,597
SSP,1,266,21,47,29,40,205,394,599
SSP,1,267,21,47,29,40,205,396,601
SSP,1,268,21,47,29,40,205,399,604
SSP,1,269,21,47,29,40,208,400,608
SSP,1,270,21,47,29,40,208,402,610
SSP,1,271,21,47,29,40,208,403,611
SSP,1,272,21,47,29,40,208,405,613
SSP,1,273,21,47,29,41,209,406,615
SSP,1,274,21,47,29,41,209,406,615
SSP,1,275,21,47,29,41,210,406,616
SSP,1,276,21,47,29,41,210,407,617
SSP,1,277,21,47,29,41,213,407,620
SSP,1,278,21,47,29,41,213,409,622
SSP,1,279,21,47,29,41,213,411,624
SSP,1,280,21,47,29,41,213,412,625
SSP,1,281,21,47,29,41,214,415,629
SSP,1,282,21,47,30,41,216,416,632
SSP,1,283,22,48,30,40,217,417,634
SSP,1,284,22,48,30,40,217,417,634
SSP,1,285,22,48,30,40,217,417,634
SSP,1,286,22,48,30,40,218,417,635
SSP,1,287,22,48,30,40,218,420,638
SSP,1,288,22,48,30,40,218,421,639
SSP,1,289,22,48,30,40,218,421,639
SSP,1,290,22,48,30,40,218,424,642
SSP,1,291,22,48,30,40,219,427,646
SSP,1,292,22,48,30,40,219,428,647
SSP,1,293,22,48,30,40,220,430,650
SSP,1,294,22,48,30,40,222,431,653
SSP,1,295,22,48,30,40,222,431,653
SSP,1,296,22,48,30,40,222,433,655
SSP,1,297,22,48,30,40,222,434,656
SSP,1,298,22,48,30,40,222,436,658
SSP,1,299,22,48,30,40,222,437,659
SSP,1,300,22,48,30,40,223,438,661
SSP,1,301,22,48,31,40,224,440,664
SSP,1,302,23,49,31,39,224,440,664
SSP,1,303,23,49,31,39,225,440,665
SSP,1,304,23,49,31,39,226,441,667
SSP,1,305,23,49,31,39,227,442,669
SSP,1,306,23,49,31,39,228,444,672
SSP,1,307,24,50,31,38,229,446,675
SSP,1,308,24,50,31,38,230,448,678
SSP,1,309,24,51,31,38,230,449,679
SSP,1,310,24,51,31,38,231,450,681
SSP,1,311,24,51,31,38,231,451,682
SSP,1,312,24,51,32,38,232,453,685
SSP,1,313,24,51,32,38,234,453,687
SSP,1,314,24,51,33,38,234,455,689
SSP,1,315,24,51,33,38,235,459,694
SSP,1,316,24,51,33,38,235,460,695
SSP,1,317,24,51,33,38,235,460,695
SSP,1,318,24,51,33,38,235,461,696
SSP,1,319,24,51,33,38,235,463,698
SSP,1,320,24,51,33,38,235,467,702
SSP,1,321,24,51,33,38,236,468,704
SSP,1,322,24,51,33,38,237,470,707
SSP,1,323,24,51,33,38,238,470,708
SSP,1,324,25,52,33,37,239,471,710
SSP,1,325,25,52,33,37,239,471,710
SSP,1,326,25,52,33,37,239,472,711
SSP,1,327,25,52,33,37,241,473,714
SSP,1,328,26,53,33,36,242,474,716
SSP,1,329,26,53,33,36,243,475,718
SSP,1,330,26,53,33,36,243,475,718
SSP,1,331,26,53,33,36,244,476,720
SSP,1,332,26,53,33,36,245,476,721
SSP,1,333,26,53,33,36,245,478,723
SSP,1,334,26,53,34,36,245,480,725
SSP,1,335,27,54,34,35,247,481,728
SSP,1,336,27,54,34,35,247,483,730
SSP,1,337,27,54,34,35,247,485,732
SSP,1,338,28,55,34,34,248,486,734
SSP,1,339,28,55,34,34,248,486,734
SSP,1,340,28,55,34,34,248,488,736
SSP,1,341,28,55,34,34,248,489,737
SSP,1,342,28,55,34,34,251,489,740
SSP,1,343,28,55,34,34,251,490,741
SSP,1,344,28,55,34,34,251,490,741
SSP,1,345,28,55,34,34,252,491,743
SSP,1,346,28,55,34,34,252,492,744
SSP,1,347,28,55,34,34,252,493,745
SSP,1,348,28,55,34,34,253,494,747
SSP,1,349,28,55,34,34,254,495,749
SSP,1,350,28,55,34,34,256,496,752
SSP,1,351,28,55,34,34,257,497,754
SSP,1,352,28,55,34,34,257,497,754
SSP,1,353,28,55,34,34,258,498,756
SSP,1,354,28,55,34,34,259,500,759
SSP,1,355,29,56,34,33,259,502,761
SSP,1,356,29,56,34,33,259,503,762
SSP,1,357,29,56,34,33,259,504,763
SSP,1,358,29,56,34,33,259,505,764
SSP,1,359,29,56,34,33,260,506,766
SSP,1,360,29,56,34,33,260,507,767
SSP,1,361,29,56,34,33,261,509,770
SSP,1,362,29,56,34,33,261,509,770
SSP,1,363,29,56,34,33,263,510,773
SSP,1,364,29,56,34,33,263,510,773
SSP,1,365,29,57,34,33,263,513,776
SSP,1,366,29,57,34,33,263,513,776
SSP,1,367,29,57,35,33,263,513,776
SSP,1,368,29,57,35,33,264,513,777
SSP,1,369,29,57,35,33,264,514,778
SSP,1,370,29,57,35,33,265,518,783
SSP,1,371,29,57,35,33,265,518,783
SSP,1,372,29,57,35,33,265,518,783
SSP,1,373,29,57,35,33,267,520,787
SSP,1,374,29,57,35,33,267,522,789
SSP,1,375,29,57,35,33,268,522,790
SSP,1,376,29,57,35,33,268,524,792
SSP,1,377,29,57,35,33,268,526,794
SSP,1,378,29,57,35,33,269,526,795
SSP,1,379,29,57,35,33,269,527,796
SSP,1,380,30,58,35,32,270,527,797
SSP,1,381,30,58,35,32,270,527,797
SSP,1,382,30,58,35,32,270,527,797
SSP,1,383,30,58,35,32,270,527,797
SSP,1,384,30,58,36,32,271,528,799
SSP,1,385,30,58,36,32,272,530,802
SSP,1,386,31,59,36,31,273,531,804
SSP,1,387,31,59,36,31,273,532,805
SSP,1,388,31,59,36,31,273,533,806
SSP,1,389,31,59,36,31,274,533,807
SSP,1,390,32,60,36,30,276,534,810
SSP,1,391,32,61,36,30,276,536,812
SSP,1,392,32,61,36,30,276,536,812
SSP,1,393,32,61,36,30,277,536,813
SSP,1,394,32,61,36,30,277,536,813
SSP,1,395,32,61,36,30,277,537,814
SSP,1,396,32,61,36,30,279,537,816
SSP,1,397,32,61,36,30,279,537,816
SSP,1,398,32,61,36,30,279,537,816
SSP,1,399,32,61,36,31,280,539,819
SSP,1,400,33,62,37,30,280,541,821
SSP,1,401,34,63,37,29,280,541,821
SSP,1,402,34,63,37,30,282,542,824
SSP,1,403,34,63,37,30,283,543,826
SSP,1,404,34,63,37,30,284,544,828
SSP,1,405,34,63,37,30,285,544,829
SSP,1,406,34,63,37,30,286,544,830
SSP,1,407,34,63,37,30,287,545,832
SSP,1,408,34,63,37,30,287,547,834
SSP,1,409,34,63,37,30,287,547,834
SSP,1,410,34,63,37,30,287,547,834
SSP,1,411,34,63,37,30,287,548,835
SSP,1,412,34,63,37,30,287,549,836
SSP,1,413,34,63,37,30,288,550,838
SSP,1,414,34,63,37,30,288,550,838
SSP,1,415,34,63,37,30,288,550,838
SSP,1,416,34,63,37,30,288,552,840
SSP,1,417,34,63,37,30,288,553,841
SSP,1,418,34,63,37,30,289,554,843
SSP,1,419,34,63,37,30,289,554,843
SSP,1,420,35,64,37,29,289,556,845
SSP,1,421,35,64,37,29,289,556,845
SSP,1,422,35,64,37,29,289,557,846
SSP,1,423,35,64,37,29,289,557,846
SSP,1,424,35,64,37,29,290,557,847
SSP,1,425,35,64,37,29,291,559,850
SSP,1,426,35,64,37,29,291,560,851
SSP,1,427,36,65,38,28,292,563,855
SSP,1,428,36,65,38,28,292,563,855
SSP,1,429,36,65,39,28,293,564,857
SSP,1,430,36,65,39,28,293,565,858
SSP,1,431,36,65,39,29,294,567,861
SSP,1,432,36,65,39,29,294,567,861
SSP,1,433,36,65,39,29,294,567,861
SSP,1,434,36,65,39,29,294,568,862
SSP,1,435,36,65,39,29,294,569,863
SSP,1,436,36,65,39,29,294,569,863
SSP,1,437,36,65,39,29,294,570,864
SSP,1,438,36,65,39,29,294,570,864
SSP,1,439,36,65,39,29,295,571,866
SSP,1,440,36,65,39,29,296,572,868
SSP,1,441,36,65,39,29,296,573,869
SSP,1,442,36,65,39,29,296,574,870
SSP,1,443,36,65,39,29,298,574,872
SSP,1,444,36,65,39,29,298,575,873
SSP,1,445,36,65,39,29,300,575,875
SSP,1,446,36,65,39,29,301,575,876
SSP,1,447,36,65,39,29,302,575,877
SSP,1,448,36,65,39,29,302,575,877
SSP,1,449,36,65,39,29,302,575,877
SSP,1,450,36,65,39,29,303,575,878
SSP,1,451,36,65,39,29,303,576,879
SSP,1,452,36,65,39,29,304,578,882
SSP,1,453,36,65,39,29,304,579,883
SSP,1,454,37,66,39,28,304,580,884
SSP,1,455,37,66,39,28,304,583,887
SSP,1,456,37,66,39,28,304,583,887
SSP,1,457,37,66,39,28,305,583,888
SSP,1,458,37,66,39,28,305,585,890
SSP,1,459,37,66,39,28,305,585,890
SSP,1,460,37,66,39,28,305,585,890
SSP,1,461,37,66,39,28,305,586,891
SSP,1,462,37,66,39,28,306,586,892
SSP,1,463,37,66,39,28,306,586,892
SSP,1,464,37,66,39,28,306,586,892
SSP,1,465,37,66,39,28,306,587,893
SSP,1,466,37,66,39,28,307,587,894
SSP,1,467,37,66,39,28,309,587,896
SSP,1,468,37,66,39,28,309,588,897
SSP,1,469,37,66,40,28,310,589,899
SSP,1,470,37,66,40,28,310,590,900
SSP,1,471,38,67,40,27,310,592,902
SSP,1,472,38,67,40,27,310,594,904
SSP,1,473,38,67,40,27,311,594,905
SSP,1,474,39,68,41,26,311,594,905
SSP,1,475,39,68,41,26,311,595,906
SSP,1,476,39,68,41,26,312,595,907
SSP,1,477,39,68,41,26,312,595,907
SSP,1,478,39,68,41,26,312,595,907
SSP,1,479,39,68,41,26,312,595,907
SSP,1,480,39,68,41,26,313,595,908
SSP,1,481,39,68,41,26,315,596,911
SSP,1,482,39,68,41,26,316,596,912
SSP,1,483,39,68,41,27,319,597,916
SSP,1,484,39,68,41,27,319,598,917
SSP,1,485,39,68,42,27,320,600,920
SSP,1,486,39,68,42,27,321,600,921
SSP,1,487,39,68,42,27,322,601,923
SSP,1,488,39,68,42,27,322,602,924
SSP,1,489,40,69,42,26,322,604,926
SSP,1,490,40,69,42,27,324,605,929
SSP,1,491,40,69,42,27,325,605,930
SSP,1,492,40,69,42,27,325,605,930
SSP,1,493,40,69,42,27,325,606,931
SSP,1,494,40,69,42,27,325,606,931
SSP,1,495,40,69,43,27,325,607,932
SSP,1,496,40,69,43,27,325,607,932
SSP,1,497,40,69,43,27,325,608,933
SSP,1,498,40,69,43,27,325,608,933
SSP,1,499,40,69,43,27,325,608,933
SSP,2,0,0,5,5,15,0,2,2
SSP,2,1,0,8,7,15,0,2,2
SSP,2,2,0,11,10,15,0,3,3
SSP,2,3,0,11,10,15,0,4,4
SSP,2,4,1,12,10,14,0,5,5
SSP,2,5,1,12,10,14,0,6,6
SSP,2,6,1,12,10,14,0,6,6
SSP,2,7,1,12,10,14,0,7,7
SSP,2,8,1,12,10,14,0,10,10
SSP,2,9,1,12,10,14,0,10,10
SSP,2,10,1,12,10,14,0,12,12
SSP,2,11,1,12,10,14,0,12,12
SSP,2,12,1,12,10,14,0,12,12
SSP,2,13,1,12,10,14,0,12,12
SSP,2,14,1,13,10,14,0,14,14
SSP,2,15,1,13,10,14,0,17,17
SSP,2,16,1,13,11,14,0,20,20
SSP,2,17,1,13,11,15,1,22,23
SSP,2,18,2,14,11,14,3,25,28
SSP,2,19,2,14,11,14,3,26,29
SSP,2,20,2,14,11,14,3,26,29
SSP,2,21,2,14,11,14,3,27,30
SSP,2,22,2,14,11,14,3,28,31
SSP,2,23,2,14,11,15,4,33,37
SSP,2,24,2,14,11,15,6,36,42
SSP,2,25,3,15,11,14,7,39,46
SSP,2,26,3,15,11,14,7,41,48
SSP,2,27,3,15,11,15,9,45,54
SSP,2,28,3,15,11,16,10,47,57
SSP,2,29,3,15,11,17,12,48,60
SSP,2,30,3,15,11,17,13,48,61
SSP,2,31,3,15,11,17,13,49,62
SSP,2,32,3,15,11,18,15,51,66
SSP,2,33,3,17,11,18,15,55,70
SSP,2,34,3,18,11,18,15,56,71
SSP,2,35,3,18,11,18,16,57,73
SSP,2,36,3,18,11,18,16,59,75
SSP,2,37,3,18,12,19,19,62,81
SSP,2,38,3,19,13,19,19,63,82
SSP,2,39,4,20,13,18,19,67,86
SSP,2,40,4,20,13,18,19,69,88
SSP,2,41,4,21,13,18,20,72,92
SSP,2,42,5,22,13,17,20,74,94
SSP,2,43,5,22,13,17,20,74,94
SSP,2,44,5,22,14,17,20,78,98
SSP,2,45,5,22,14,17,20,79,99
SSP,2,46,5,23,14,19,22,82,104
SSP,2,47,5,23,14,19,22,83,105
SSP,2,48,5,23,14,19,22,88,110
SSP,2,49,5,23,14,19,22,89,111
SSP,2,50,5,23,14,21,25,89,114
SSP,2,51,5,23,14,21,26,89,115
SSP,2,52,5,23,14,21,27,92,119
SSP,2,53,5,23,14,21,28,94,122
SSP,2,54,5,23,14,21,28,95,123
SSP,2,55,6,25,14,20,28,97,125
SSP,2,56,6,25,14,20,28,99,127
SSP,2,57,6,25,14,20,29,101,130
SSP,2,58,6,25,15,21,30,105,135
SSP,2,59,7,26,15,20,30,108,138
SSP,2,60,7,26,15,20,30,113,143
SSP,2,61,7,26,15,20,31,114,145
SSP,2,62,7,26,15,20,31,115,146
SSP,2,63,7,26,15,20,31,117,148
SSP,2,64,7,26,15,20,31,118,149
SSP,2,65,7,26,15,20,31,119,150
SSP,2,66,7,26,15,20,31,121,152
SSP,2,67,7,26,15,20,31,122,153
SSP,2,68,7,26,15,20,32,123,155
SSP,2,69,8,28,15,19,32,127,159
SSP,2,70,8,28,15,19,32,129,161
SSP,2,71,8,28,15,19,33,130,163
SSP,2,72,8,28,15,19,33,130,163
SSP,2,73,8,28,15,19,33,130,163
SSP,2,74,8,29,15,21,35,135,170
SSP,2,75,8,29,15,21,35,138,173
SSP,2,76,8,31,16,21,35,140,175
SSP,2,77,8,31,16,21,36,141,177
SSP,2,78,8,31,16,21,37,143,180
SSP,2,79,8,31,16,21,37,146,183
SSP,2,80,8,31,16,21,38,147,185
SSP,2,81,8,31,16,21,38,147,185
SSP,2,82,8,31,16,21,38,147,185
SSP,2,83,8,32,16,21,38,151,189
SSP,2,84,8,33,16,21,38,152,190
SSP,2,85,8,33,16,21,39,153,192
SSP,2,86,8,33,16,21,40,155,195
SSP,2,87,8,33,16,21,41,158,199
SSP,2,88,8,33,16,22,42,158,200
SSP,2,89,8,33,17,22,45,160,205
SSP,2,90,8,33,17,22,45,161,206
SSP,2,91,8,33,17,22,46,163,209
SSP,2,92,8,33,17,23,47,164,211
SSP,2,93,8,33,17,23,48,165,213
SSP,2,94,8,33,17,23,48,166,214
SSP,2,95,9,34,17,23,49,169,218
SSP,2,96,9,35,17,23,49,172,221
SSP,2,97,9,35,17,23,49,173,222
SSP,2,98,9,35,17,23,50,173,223
SSP,2,99,9,35,17,23,50,173,223
SSP,2,100,9,35,18,23,50,175,225
SSP,2,101,9,35,19,23,50,175,225
SSP,2,102,9,36,19,23,52,178,230
SSP,2,103,9,37,19,23,54,179,233
SSP,2,104,9,37,19,23,55,180,235
SSP,2,105,9,37,19,24,56,182,238
SSP,2,106,9,37,20,24,56,183,239
SSP,2,107,9,37,20,24,56,185,241
SSP,2,108,9,37,20,25,57,188,245
SSP,2,109,9,37,20,25,57,190,247
SSP,2,110,9,37,20,25,57,191,248
SSP,2,111,9,37,20,25,59,191,250
SSP,2,112,10,38,20,24,59,191,250
SSP,2,113,10,38,20,25,60,191,251
SSP,2,114,10,38,20,25,60,191,251
SSP,2,115,10,38,20,25,61,191,252
SSP,2,116,10,38,20,26,62,194,256
SSP,2,117,10,38,20,26,62,197,259
SSP,2,118,10,38,20,27,63,197,260
SSP,2,119,10,38,20,28,65,197,262
SSP,2,120,10,38,20,28,65,198,263
SSP,2,121,10,38,20,28,67,199,266
SSP,2,122,10,38,20,28,67,199,266
SSP,2,123,10,38,20,28,67,200,267
SSP,2,124,10,38,20,28,67,204,271
SSP,2,125,10,38,20,28,68,204,272
SSP,2,126,10,38,21,28,68,206,274
SSP,2,127,11,39,21,28,69,207,276
SSP,2,128,11,39,21,28,69,208,277
SSP,2,129,11,39,21,28,70,211,281
SSP,2,130,12,40,21,27,70,213,283
SSP,2,131,12,40,22,27,70,217,287
SSP,2,132,12,40,23,27,71,218,289
SSP,2,133,12,40,23,27,72,218,290
SSP,2,134,13,41,23,26,73,218,291
SSP,2,135,13,41,23,26,73,218,291
SSP,2,136,13,41,23,27,75,218,293
SSP,2,137,14,42,23,26,75,220,295
SSP,2,138,14,42,24,27,77,223,300
SSP,2,139,14,42,24,28,78,223,301
SSP,2,140,14,42,25,28,78,223,301
SSP,2,141,14,42,25,28,79,224,303
SSP,2,142,14,42,25,28,79,225,304
SSP,2,143,14,42,25,28,79,227,306
SSP,2,144,14,42,26,29,82,228,310
SSP,2,145,14,43,26,29,84,231,315
SSP,2,146,14,43,26,29,84,231,315
SSP,2,147,14,43,26,29,85,232,317
SSP,2,148,14,43,26,29,85,232,317
SSP,2,149,14,43,26,29,85,232,317
SSP,2,150,14,43,26,29,85,234,319
SSP,2,151,14,43,26,29,85,236,321
SSP,2,152,14,43,26,29,86,237,323
SSP,2,153,14,43,26,29,87,239,326
SSP,2,154,14,43,26,29,87,240,327
SSP,2,155,14,43,26,29,87,240,327
SSP,2,156,14,43,26,29,87,242,329
SSP,2,157,14,43,26,29,87,247,334
SSP,2,158,15,44,26,28,87,250,337
SSP,2,159,15,44,26,28,87,251,338
SSP,2,160,15,44,26,28,87,251,338
SSP,2,161,15,44,26,28,87,251,338
SSP,2,162,15,44,26,28,88,251,339
SSP,2,163,15,44,26,28,89,251,340
SSP,2,164,15,44,26,28,89,252,341
SSP,2,165,15,44,26,28,89,254,343
SSP,2,166,15,44,26,28,89,255,344
SSP,2,167,15,44,26,28,92,256,348
SSP,2,168,15,44,26,28,94,256,350
SSP,2,169,15,44,26,29,96,258,354
SSP,2,170,15,45,27,29,96,260,356
SSP,2,171,15,45,28,29,97,262,359
SSP,2,172,15,45,28,29,98,262,360
SSP,2,173,15,45,28,29,98,263,361
SSP,2,174,15,45,28,29,98,264,362
SSP,2,175,15,45,28,29,98,266,364
SSP,2,176,15,45,28,29,98,266,364
SSP,2,177,15,45,28,29,99,267,366
SSP,2,178,15,45,28,29,99,267,366
SSP,2,179,15,45,29,29,99,268,367
SSP,2,180,15,45,30,29,99,270,369
SSP,2,181,15,45,30,29,99,272,371
SSP,2,182,15,45,30,29,99,273,372
SSP,2,183,15,45,30,29,99,275,374
SSP,2,184,15,45,30,29,99,276,375
SSP,2,185,15,45,30,29,101,276,377
SSP,2,186,15,45,30,29,101,277,378
SSP,2,187,16,46,30,29,102,278,380
SSP,2,188,16,46,30,29,103,279,382
SSP,2,189,16,46,31,30,106,283,389
SSP,2,190,16,47,31,31,107,286,393
SSP,2,191,16,47,31,31,108,286,394
SSP,2,192,16,47,31,31,108,286,394
SSP,2,193,16,47,31,31,109,286,395
SSP,2,194,16,47,31,31,109,287,396
SSP,2,195,16,47,31,32,110,289,399
SSP,2,196,16,47,31,32,112,290,402
SSP,2,197,16,47,31,32,114,291,405
SSP,2,198,16,47,31,32,115,291,406
SSP,2,199,16,47,31,32,115,292,407
SSP,2,200,16,47,31,32,115,293,408
SSP,2,201,16,47,31,32,116,293,409
SSP,2,202,16,47,31,33,118,293,411
SSP,2,203,16,47,31,33,119,293,412
SSP,2,204,17,48,31,32,119,293,412
SSP,2,205,17,48,31,32,120,293,413
SSP,2,206,17,48,31,32,121,293,414
SSP,2,207,17,48,31,32,121,295,416
SSP,2,208,17,48,31,32,121,297,418
SSP,2,209,17,48,31,32,121,299,420
SSP,2,210,17,48,31,32,121,299,420
SSP,2,211,18,49,31,31,122,301,423
SSP,2,212,18,49,31,31,122,302,424
SSP,2,213,18,49,31,31,123,303,426
SSP,2,214,18,49,31,31,123,303,426
SSP,2,215,18,49,31,31,123,304,427
SSP,2,216,18,49,31,31,123,305,428
SSP,2,217,18,49,31,31,123,307,430
SSP,2,218,18,49,31,31,123,307,430
SSP,2,219,18,49,31,31,125,307,432
SSP,2,220,18,50,31,32,127,310,437
SSP,2,221,18,50,31,32,128,311,439
SSP,2,222,18,50,31,32,128,311,439
SSP,2,223,18,50,31,32,129,312,441
SSP,2,224,18,50,31,32,130,313,443
SSP,2,225,18,50,31,32,132,317,449
SSP,2,226,18,50,31,32,134,318,452
SSP,2,227,18,50,31,32,136,320,456
SSP,2,228,18,50,31,32,137,321,458
SSP,2,229,18,50,31,32,139,322,461
SSP,2,230,18,50,31,33,140,322,462
SSP,2,231,18,50,31,34,141,324,465
SSP,2,232,18,50,31,34,141,325,466
SSP,2,233,18,50,31,34,141,325,466
SSP,2,234,18,50,31,34,142,325,467
SSP,2,235,18,50,31,34,142,325,467
SSP,2,236,18,50,31,34,142,325,467
SSP,2,237,18,50,31,34,142,326,468
SSP,2,238,18,50,31,34,142,327,469
SSP,2,239,18,50,31,34,142,327,469
SSP,2,240,18,50,31,34,142,329,471
SSP,2,241,18,50,31,34,142,329,471
SSP,2,242,18,50,31,34,144,332,476
SSP,2,243,18,50,31,34,144,333,477
SSP,2,244,18,50,31,34,145,334,479
SSP,2,245,18,50,31,34,146,335,481
SSP,2,246,18,50,31,34,146,335,481
SSP,2,247,18,50,31,35,148,336,484
SSP,2,248,18,50,31,35,149,337,486
SSP,2,249,18,50,31,35,149,337,486
SSP,2,250,18,50,31,35,150,337,487
SSP,2,251,18,50,31,35,151,341,492
SSP,2,252,18,50,31,35,151,341,492
SSP,2,253,19,51,31,34,152,341,493
SSP,2,254,19,51,31,34,153,343,496
SSP,2,255,19,51,31,34,154,343,497
SSP,2,256,19,51,31,34,154,346,500
SSP,2,257,19,51,31,34,156,347,503
SSP,2,258,19,51,31,34,158,348,506
SSP,2,259,19,51,33,34,159,349,508
SSP,2,260,19,51,33,34,159,351,510
SSP,2,261,19,51,33,34,159,352,511
SSP,2,262,19,51,33,34,159,352,511
SSP,2,263,19,51,33,34,159,352,511
SSP,2,264,19,52,33,34,159,353,512
SSP,2,265,19,52,33,35,160,353,513
SSP,2,266,19,52,33,35,161,354,515
SSP,2,267,19,52,33,35,161,354,515
SSP,2,268,19,52,33,35,162,355,517
SSP,2,269,19,52,33,35,162,358,520
SSP,2,270,19,52,33,35,163,358,521
SSP,2,271,19,52,33,35,164,359,523
SSP,2,272,19,52,33,35,164,359,523
SSP,2,273,19,52,33,35,164,359,523
SSP,2,274,19,52,33,35,164,359,523
SSP,2,275,19,52,33,35,165,360,525
SSP,2,276,19,52,33,35,166,360,526
SSP,2,277,19,52,33,35,166,362,528
SSP,2,278,19,52,33,35,166,362,528
SSP,2,279,19,52,33,35,167,367,534
SSP,2,280,19,52,33,36,168,367,535
SSP,2,281,19,52,33,36,168,368,536
SSP,2,282,19,52,33,36,169,368,537
SSP,2,283,19,52,33,36,170,368,538
SSP,2,284,19,52,33,36,170,370,540
SSP,2,285,19,52,33,36,170,371,541
SSP,2,286,19,52,33,36,170,371,541
SSP,2,287,19,52,33,36,172,374,546
SSP,2,288,19,52,33,36,172,374,546
SSP,2,289,19,52,33,36,172,375,547
SSP,2,290,19,52,33,36,172,377,549
SSP,2,291,19,52,33,36,172,377,549
SSP,2,292,19,52,33,36,172,379,551
SSP,2,293,19,52,33,36,172,380,552
SSP,2,294,19,52,33,36,172,382,554
SSP,2,295,19,52,33,36,172,383,555
SSP,2,296,19,52,33,36,173,384,557
SSP,2,297,19,52,33,36,174,385,559
SSP,2,298,19,52,34,37,175,387,562
SSP,2,299,19,52,34,37,176,388,564
SSP,2,300,19,52,34,37,176,388,564
SSP,2,301,19,52,34,37,176,389,565
SSP,2,302,19,52,34,37,177,393,570
SSP,2,303,19,52,34,37,177,393,570
SSP,2,304,19,52,34,37,178,394,572
SSP,2,305,19,52,35,37,179,396,575
SSP,2,306,20,53,35,36,179,399,578
SSP,2,307,20,53,35,36,180,401,581
SSP,2,308,20,53,35,36,180,402,582
SSP,2,309,20,53,35,36,181,404,585
SSP,2,310,20,53,35,36,181,405,586
SSP,2,311,20,53,35,36,182,406,588
SSP,2,312,20,53,35,36,182,406,588
SSP,2,313,20,53,35,36,184,406,590
SSP,2,314,20,53,36,37,185,407,592
SSP,2,315,20,53,37,37,186,408,594
SSP,2,316,21,54,37,36,186,408,594
SSP,2,317,21,54,37,36,187,409,596
SSP,2,318,22,55,37,35,187,411,598
SSP,2,319,22,55,37,35,187,414,601
SSP,2,320,22,55,37,35,189,414,603
SSP,2,321,22,55,38,35,190,414,604
SSP,2,322,22,55,38,36,191,416,607
SSP,2,323,22,55,38,36,194,417,611
SSP,2,324,22,55,38,36,194,418,612
SSP,2,325,22,55,38,36,194,419,613
SSP,2,326,22,55,38,36,194,419,613
SSP,2,327,22,55,38,36,194,419,613
SSP,2,328,22,55,38,36,194,419,613
SSP,2,329,22,55,38,36,194,420,614
SSP,2,330,22,55,38,37,195,421,616
SSP,2,331,22,55,38,37,195,421,616
SSP,2,332,22,55,38,37,196,421,617
SSP,2,333,22,55,38,37,196,423,619
SSP,2,334,22,56,38,37,196,424,620
SSP,2,335,22,56,38,37,197,427,624
SSP,2,336,22,56,38,37,197,430,627
SSP,2,337,22,56,38,37,197,430,627
SSP,2,338,22,56,38,37,198,430,628
SSP,2,339,22,56,38,37,199,431,630
SSP,2,340,22,56,38,37,199,432,631
SSP,2,341,22,56,38,37,199,433,632
SSP,2,342,22,56,38,37,200,433,633
SSP,2,343,22,56,38,37,200,435,635
SSP,2,344,22,56,39,37,201,436,637
SSP,2,345,23,57,39,36,201,437,638
SSP,2,346,24,58,39,35,201,438,639
SSP,2,347,24,58,39,35,201,438,639
SSP,2,348,24,58,39,36,202,440,642
SSP,2,349,24,58,39,36,202,442,644
SSP,2,350,24,58,39,36,202,442,644
SSP,2,351,24,58,39,36,205,443,648
SSP,2,352,24,58,39,36,205,443,648
SSP,2,353,24,58,39,36,206,446,652
SSP,2,354,24,58,39,36,207,447,654
SSP,2,355,24,58,39,36,207,447,654
SSP,2,356,24,58,39,36,207,447,654
SSP,2,357,24,58,39,36,207,447,654
SSP,2,358,24,58,39,36,207,448,655
SSP,2,359,24,58,39,36,207,449,656
SSP,2,360,24,58,39,36,209,449,658
SSP,2,361,24,58,39,36,209,449,658
SSP,2,362,24,58,39,36,210,452,662
SSP,2,363,24,58,39,36,211,454,665
SSP,2,364,24,58,39,36,211,454,665
SSP,2,365,24,58,39,36,211,456,667
SSP,2,366,25,59,39,35,211,457,668
SSP,2,367,25,59,39,35,211,459,670
SSP,2,368,25,59,41,35,212,459,671
SSP,2,369,26,60,41,34,212,459,671
SSP,2,370,26,60,41,35,213,460,673
SSP,2,371,26,60,41,35,213,461,674
SSP,2,372,26,60,41,35,215,461,676
SSP,2,373,26,60,41,35,215,463,678
SSP,2,374,26,60,41,35,216,465,681
SSP,2,375,26,60,41,35,216,466,682
SSP,2,376,26,60,41,35,216,467,683
SSP,2,377,26,60,41,35,217,469,686
SSP,2,378,26,60,41,35,218,470,688
SSP,2,379,26,60,41,35,220,471,691
SSP,2,380,26,60,41,35,220,471,691
SSP,2,381,26,60,41,35,220,472,692
SSP,2,382,26,60,41,35,220,474,694
SSP,2,383,26,60,41,35,220,474,694
SSP,2,384,26,60,41,35,221,475,696
SSP,2,385,26,60,42,35,221,475,696
SSP,2,386,26,60,42,35,221,476,697
SSP,2,387,26,60,42,35,222,476,698
SSP,2,388,26,60,42,35,223,477,700
SSP,2,389,26,60,42,35,223,479,702
SSP,2,390,26,60,42,35,223,481,704
SSP,2,391,26,60,42,35,223,482,705
SSP,2,392,26,60,42,35,223,482,705
SSP,2,393,26,60,42,35,223,486,709
SSP,2,394,26,60,42,35,224,487,711
SSP,2,395,26,60,42,35,224,487,711
SSP,2,396,26,60,42,35,224,488,712
SSP,2,397,26,60,42,35,225,489,714
SSP,2,398,26,60,42,35,225,490,715
SSP,2,399,27,61,42,34,226,492,718
SSP,2,400,27,61,42,34,226,493,719
SSP,2,401,27,61,42,34,226,493,719
SSP,2,402,27,61,42,34,226,493,719
SSP,2,403,27,61,42,34,226,493,719
SSP,2,404,27,61,42,34,227,494,721
SSP,2,405,27,61,42,34,228,495,723
SSP,2,406,27,61,42,34,228,497,725
SSP,2,407,27,61,42,34,228,497,725
SSP,2,408,27,61,42,34,228,497,725
SSP,2,409,27,61,42,34,228,498,726
SSP,2,410,27,61,42,34,229,498,727
SSP,2,411,27,61,42,34,229,499,728
SSP,2,412,27,61,42,34,229,501,730
SSP,2,413,27,61,42,34,229,502,731
SSP,2,414,27,61,42,34,229,504,733
SSP,2,415,27,61,42,34,229,505,734
SSP,2,416,27,61,42,34,229,505,734
SSP,2,417,28,62,42,33,230,506,736
SSP,2,418,28,62,42,33,230,507,737
SSP,2,419,28,62,42,33,230,509,739
SSP,2,420,28,62,42,33,230,510,740
SSP,2,421,28,62,43,33,231,514,745
SSP,2,422,28,62,43,33,232,514,746
SSP,2,423,28,62,43,33,232,514,746
SSP,2,424,28,62,43,33,233,516,749
SSP,2,425,28,62,43,33,233,518,751
SSP,2,426,28,62,43,33,233,519,752
SSP,2,427,28,62,43,33,235,521,756
SSP,2,428,28,62,43,33,235,522,757
SSP,2,429,28,62,43,33,235,524,759
SSP,2,430,28,62,43,33,236,525,761
SSP,2,431,28,62,43,33,236,525,761
SSP,2,432,28,62,43,33,237,527,764
SSP,2,433,29,63,43,32,237,527,764
SSP,2,434,29,63,43,32,237,527,764
SSP,2,435,29,63,43,32,237,527,764
SSP,2,436,29,63,43,32,238,529,767
SSP,2,437,29,63,43,32,238,529,767
SSP,2,438,29,63,43,32,238,532,770
SSP,2,439,29,63,43,32,238,534,772
SSP,2,440,29,63,43,32,238,535,773
SSP,2,441,29,63,43,32,238,537,775
SSP,2,442,29,63,43,32,238,537,775
SSP,2,443,29,63,43,32,238,538,776
SSP,2,444,29,63,43,32,238,539,777
SSP,2,445,29,63,43,32,239,539,778
SSP,2,446,29,63,43,32,239,542,781
SSP,2,447,29,63,43,32,240,543,783
SSP,2,448,29,63,43,32,240,543,783
SSP,2,449,29,63,43,32,240,543,783
SSP,2,450,29,63,43,32,240,543,783
SSP,2,451,29,63,43,32,240,544,784
SSP,2,452,29,63,43,32,241,545,786
SSP,2,453,29,63,43,32,241,545,786
SSP,2,454,29,63,43,32,243,545,788
SSP,2,455,29,63,43,32,243,545,788
SSP,2,456,29,63,43,32,243,547,790
SSP,2,457,29,63,43,32,244,548,792
SSP,2,458,29,63,43,32,244,549,793
SSP,2,459,29,63,43,32,244,549,793
SSP,2,460,29,63,43,32,245,549,794
SSP,2,461,29,63,43,32,245,549,794
SSP,2,462,29,63,43,32,245,549,794
SSP,2,463,29,63,44,32,246,552,798
SSP,2,464,29,63,44,32,246,553,799
SSP,2,465,29,63,45,32,246,553,799
SSP,2,466,29,63,45,32,246,553,799
SSP,2,467,29,63,45,32,247,553,800
SSP,2,468,29,63,45,32,247,553,800
SSP,2,469,29,63,45,32,247,556,803
SSP,2,470,29,63,45,32,247,556,803
SSP,2,471,29,63,45,32,247,556,803
SSP,2,472,29,63,45,32,247,556,803
SSP,2,473,29,63,45,32,247,556,803
SSP,2,474,29,63,45,32,247,557,804
SSP,2,475,29,63,45,32,248,557,805
SSP,2,476,29,63,45,32,248,559,807
SSP,2,477,29,63,45,32,249,559,808
SSP,2,478,30,64,45,31,250,561,811
SSP,2,479,30,64,45,31,250,561,811
SSP,2,480,30,64,45,31,250,561,811
SSP,2,481,30,64,45,31,250,562,812
SSP,2,482,30,64,45,31,250,563,813
SSP,2,483,30,64,45,32,251,563,814
SSP,2,484,30,64,45,32,252,563,815
SSP,2,485,30,64,45,33,253,564,817
SSP,2,486,30,64,45,33,255,567,822
SSP,2,487,30,64,45,33,256,567,823
SSP,2,488,30,65,45,33,256,568,824
SSP,2,489,30,65,45,33,256,570,826
SSP,2,490,30,65,45,33,256,570,826
SSP,2,491,30,65,45,33,256,570,826
SSP,2,492,30,65,46,33,256,572,828
SSP,2,493,30,65,46,33,257,572,829
SSP,2,494,30,65,47,33,257,572,829
SSP,2,495,30,65,47,33,257,573,830
SSP,2,496,30,65,47,33,259,573,832
SSP,2,497,30,65,47,33,259,575,834
SSP,2,498,30,65,47,33,260,575,835
SSP,2,499,30,65,47,33,262,575,837
SSP,3,0,0,3,5,12,0,1,1
SSP,3,1,0,4,7,12,0,2,2
SSP,3,2,0,6,8,12,0,2,2
SSP,3,3,0,6,8,12,0,3,3
SSP,3,4,0,6,8,12,0,5,5
SSP,3,5,0,6,8,12,0,7,7
SSP,3,6,0,6,8,12,0,8,8
SSP,3,7,0,6,8,12,0,9,9
SSP,3,8,0,6,8,12,0,10,10
SSP,3,9,0,6,8,12,0,10,10
SSP,3,10,0,6,8,12,0,12,12
SSP,3,11,0,7,8,12,0,13,13
SSP,3,12,0,7,8,12,0,13,13
SSP,3,13,0,7,8,12,0,16,16
SSP,3,14,0,8,9,12,0,19,19
SSP,3,15,0,8,9,13,1,23,24
SSP,3,16,0,9,10,13,1,25,26
SSP,3,17,0,9,10,13,2,29,31
SSP,3,18,0,9,10,13,2,30,32
SSP,3,19,0,9,10,13,2,33,35
SSP,3,20,0,9,10,15,4,34,38
SSP,3,21,0,9,10,15,5,34,39
SSP,3,22,0,9,10,15,6,36,42
SSP,3,23,0,9,10,15,10,38,48
SSP,3,24,0,10,10,15,10,41,51
SSP,3,25,0,10,10,15,12,41,53
SSP,3,26,0,10,10,16,13,42,55
SSP,3,27,0,10,10,18,15,44,59
SSP,3,28,0,10,11,19,19,46,65
SSP,3,29,0,10,12,20,20,48,68
SSP,3,30,0,11,12,21,21,53,74
SSP,3,31,0,12,12,22,22,55,77
SSP,3,32,0,12,13,23,24,56,80
SSP,3,33,0,12,13,23,25,58,83
SSP,3,34,0,13,13,24,26,58,84
SSP,3,35,0,13,13,24,26,61,87
SSP,3,36,0,13,13,24,26,64,90
SSP,3,37,0,13,13,25,27,64,91
SSP,3,38,0,13,13,25,27,65,92
SSP,3,39,0,13,13,25,28,66,94
SSP,3,40,0,13,13,25,28,66,94
SSP,3,41,0,13,13,25,29,67,96
SSP,3,42,0,13,13,25,30,68,98
SSP,3,43,0,13,14,26,31,69,100
SSP,3,44,0,13,14,27,34,69,103
SSP,3,45,0,14,14,29,37,71,108
SSP,3,46,0,15,15,29,38,73,111
SSP,3,47,1,16,16,28,39,77,116
SSP,3,48,1,16,16,28,41,80,121
SSP,3,49,1,16,16,28,42,81,123
SSP,3,50,1,16,16,28,45,81,126
SSP,3,51,1,16,16,28,45,84,129
SSP,3,52,1,16,16,28,45,85,130
SSP,3,53,1,16,16,28,46,87,133
SSP,3,54,1,16,16,28,47,91,138
SSP,3,55,3,18,16,26,47,93,140
SSP,3,56,3,18,16,26,47,95,142
SSP,3,57,3,18,16,29,50,96,146
SSP,3,58,3,18,16,30,51,98,149
SSP,3,59,3,18,16,30,52,100,152
SSP,3,60,3,19,16,30,53,101,154
SSP,3,61,4,20,16,30,55,101,156
SSP,3,62,4,20,16,30,55,103,158
SSP,3,63,4,20,16,30,55,103,158
SSP,3,64,4,20,16,30,55,104,159
SSP,3,65,4,21,17,30,55,109,164
SSP,3,66,4,21,17,30,55,110,165
SSP,3,67,5,22,17,30,56,111,167
SSP,3,68,5,23,17,30,57,114,171
SSP,3,69,5,24,17,30,57,117,174
SSP,3,70,5,24,17,30,58,117,175
SSP,3,71,5,24,17,30,60,120,180
SSP,3,72,5,24,17,30,62,121,183
SSP,3,73,5,24,17,31,64,121,185
SSP,3,74,5,24,17,31,64,124,188
SSP,3,75,5,24,17,31,64,125,189
SSP,3,76,5,24,18,31,64,126,190
SSP,3,77,5,25,18,31,64,126,190
SSP,3,78,5,25,18,31,65,127,192
SSP,3,79,5,25,18,31,66,129,195
SSP,3,80,5,25,18,31,67,130,197
SSP,3,81,5,25,18,31,67,133,200
SSP,3,82,5,26,18,33,69,135,204
SSP,3,83,5,26,18,34,72,138,210
SSP,3,84,5,26,18,35,74,138,212
SSP,3,85,5,26,18,36,76,138,214
SSP,3,86,6,27,18,35,76,139,215
SSP,3,87,6,27,18,35,77,139,216
SSP,3,88,6,27,18,35,77,141,218
SSP,3,89,6,27,18,35,77,141,218
SSP,3,90,6,27,18,35,77,143,220
SSP,3,91,6,27,18,35,78,144,222
SSP,3,92,7,28,18,35,80,146,226
SSP,3,93,7,28,18,35,82,146,228
SSP,3,94,7,28,18,35,83,148,231
SSP,3,95,7,28,18,35,83,149,232
SSP,3,96,7,28,18,35,84,151,235
SSP,3,97,7,28,18,35,86,151,237
SSP,3,98,7,28,18,36,89,152,241
SSP,3,99,7,28,18,37,91,153,244
SSP,3,100,7,28,18,37,92,156,248
SSP,3,101,7,28,19,37,92,157,249
SSP,3,102,7,30,19,37,93,160,253
SSP,3,103,7,30,19,37,94,162,256
SSP,3,104,8,31,19,36,94,163,257
SSP,3,105,8,31,19,36,94,164,258
SSP,3,106,8,31,19,36,94,168,262
SSP,3,107,8,31,20,36,96,169,265
SSP,3,108,9,32,21,35,98,172,270
SSP,3,109,9,32,21,35,98,173,271
SSP,3,110,9,32,21,35,99,173,272
SSP,3,111,9,32,21,35,100,173,273
SSP,3,112,9,32,21,35,100,175,275
SSP,3,113,9,32,21,36,102,176,278
SSP,3,114,9,32,21,37,104,176,280
SSP,3,115,9,32,21,38,105,177,282
SSP,3,116,9,32,21,39,106,179,285
SSP,3,117,9,32,21,39,108,181,289
SSP,3,118,9,32,21,39,109,182,291
SSP,3,119,9,32,21,39,110,183,293
SSP,3,120,9,32,21,39,111,185,296
SSP,3,121,9,32,21,39,111,188,299
SSP,3,122,9,33,21,39,112,190,302
SSP,3,123,9,33,21,39,112,191,303
SSP,3,124,9,33,21,39,112,191,303
SSP,3,125,9,33,21,39,113,193,306
SSP,3,126,9,33,22,39,114,195,309
SSP,3,127,9,33,23,39,114,195,309
SSP,3,128,9,33,23,39,114,197,311
SSP,3,129,10,34,23,38,115,200,315
SSP,3,130,10,34,24,38,115,203,318
SSP,3,131,10,34,25,38,115,204,319
SSP,3,132,11,35,25,37,115,204,319
SSP,3,133,11,35,25,37,115,205,320
SSP,3,134,11,35,26,37,119,209,328
SSP,3,135,12,37,26,37,123,212,335
SSP,3,136,12,38,26,37,125,213,338
SSP,3,137,12,39,26,37,126,214,340
SSP,3,138,12,39,26,37,126,215,341
SSP,3,139,12,39,26,37,126,218,344
SSP,3,140,13,40,26,36,128,219,347
SSP,3,141,13,40,26,36,129,221,350
SSP,3,142,14,41,26,35,129,224,353
SSP,3,143,14,41,26,35,131,225,356
SSP,3,144,14,41,27,35,131,226,357
SSP,3,145,14,42,27,35,131,228,359
SSP,3,146,14,42,27,35,131,229,360
SSP,3,147,14,42,27,35,131,230,361
SSP,3,148,14,42,27,35,132,231,363
SSP,3,149,14,42,27,35,133,233,366
SSP,3,150,14,42,27,35,133,235,368
SSP,3,151,14,42,27,36,134,237,371
SSP,3,152,14,42,27,36,135,237,372
SSP,3,153,14,42,27,36,135,239,374
SSP,3,154,14,42,27,37,137,240,377
SSP,3,155,14,42,27,37,137,240,377
SSP,3,156,14,42,27,37,137,240,377
SSP,3,157,14,42,27,37,138,241,379
SSP,3,158,14,42,27,37,140,243,383
SSP,3,159,15,43,27,36,140,245,385
SSP,3,160,15,43,27,36,141,247,388
SSP,3,161,15,43,27,36,142,249,391
SSP,3,162,15,44,27,37,144,249,393
SSP,3,163,15,44,27,37,145,251,396
SSP,3,164,15,44,27,37,145,253,398
SSP,3,165,15,44,27,37,147,255,402
SSP,3,166,15,44,27,37,147,256,403
SSP,3,167,15,44,27,37,148,258,406
SSP,3,168,15,44,27,37,148,260,408
SSP,3,169,15,44,27,38,150,260,410
SSP,3,170,15,44,27,38,152,261,413
SSP,3,171,15,44,27,38,152,263,415
SSP,3,172,15,44,27,38,152,263,415
SSP,3,173,15,44,27,38,152,263,415
SSP,3,174,15,44,27,38,152,263,415
SSP,3,175,15,44,27,39,154,264,418
SSP,3,176,15,44,27,40,157,266,423
SSP,3,177,15,44,27,40,157,266,423
SSP,3,178,15,45,27,40,159,268,427
SSP,3,179,15,45,27,40,159,269,428
SSP,3,180,15,45,27,40,159,271,430
SSP,3,181,15,45,27,40,159,271,430
SSP,3,182,15,45,27,40,160,274,434
SSP,3,183,15,45,27,40,162,277,439
SSP,3,184,16,46,27,39,162,279,441
SSP,3,185,16,46,27,39,163,280,443
SSP,3,186,16,46,27,39,165,280,445
SSP,3,187,16,46,27,39,166,280,446
SSP,3,188,16,46,27,39,167,282,449
SSP,3,189,16,46,27,40,169,282,451
SSP,3,190,16,46,27,40,169,283,452
SSP,3,191,16,46,27,40,169,284,453
SSP,3,192,16,46,27,40,170,287,457
SSP,3,193,16,46,27,40,170,289,459
SSP,3,194,16,46,28,40,172,290,462
SSP,3,195,16,46,28,40,172,291,463
SSP,3,196,16,46,28,40,172,291,463
SSP,3,197,16,46,28,40,172,292,464
SSP,3,198,16,46,28,40,172,293,465
SSP,3,199,16,46,28,41,173,294,467
SSP,3,200,16,46,28,41,173,296,469
SSP,3,201,16,46,28,41,173,296,469
SSP,3,202,16,46,28,42,174,297,471
SSP,3,203,16,46,28,42,176,298,474
SSP,3,204,16,46,28,43,178,299,477
SSP,3,205,16,46,28,43,178,300,478
SSP,3,206,16,46,28,43,180,300,480
SSP,3,207,16,46,28,43,181,303,484
SSP,3,208,16,46,28,43,181,303,484
SSP,3,209,16,46,28,43,182,304,486
SSP,3,210,16,46,29,43,183,308,491
SSP,3,211,17,47,29,42,183,310,493
SSP,3,212,17,47,29,42,183,311,494
SSP,3,213,17,47,29,42,184,311,495
SSP,3,214,17,47,29,42,184,312,496
SSP,3,215,17,47,29,42,185,314,499
SSP,3,216,17,47,29,42,187,315,502
SSP,3,217,17,47,29,42,187,315,502
SSP,3,218,17,47,29,42,187,316,503
SSP,3,219,17,47,29,42,187,319,506
SSP,3,220,17,47,29,42,187,319,506
SSP,3,221,17,47,30,42,188,322,510
SSP,3,222,17,47,30,42,190,322,512
SSP,3,223,17,47,30,42,192,323,515
SSP,3,224,17,47,30,42,192,323,515
SSP,3,225,17,47,30,42,192,324,516
SSP,3,226,17,47,30,42,194,325,519
SSP,3,227,17,47,30,42,194,326,520
SSP,3,228,17,47,30,42,195,328,523
SSP,3,229,17,47,30,42,195,329,524
SSP,3,230,17,47,30,42,197,332,529
SSP,3,231,17,47,30,42,199,333,532
SSP,3,232,17,47,30,42,199,337,536
SSP,3,233,17,47,30,42,199,338,537
SSP,3,234,17,47,30,42,199,338,537
SSP,3,235,17,47,30,42,199,340,539
SSP,3,236,17,47,30,42,199,341,540
SSP,3,237,17,47,30,42,201,341,542
SSP,3,238,17,47,30,42,201,342,543
SSP,3,239,17,47,30,42,201,343,544
SSP,3,240,17,47,30,42,202,343,545
SSP,3,241,18,48,30,41,202,344,546
SSP,3,242,18,48,30,41,202,346,548
SSP,3,243,18,48,30,41,202,347,549
SSP,3,244,18,48,30,41,202,347,549
SSP,3,245,18,48,30,41,206,348,554
SSP,3,246,18,48,30,41,207,348,555
SSP,3,247,18,48,30,41,207,349,556
SSP,3,248,18,48,30,41,208,350,558
SSP,3,249,18,48,30,42,210,351,561
SSP,3,250,19,49,30,41,211,353,564
SSP,3,251,20,50,30,40,212,354,566
SSP,3,252,20,50,30,40,217,354,571
SSP,3,253,20,50,30,40,218,355,573
SSP,3,254,20,50,30,41,219,355,574
SSP,3,255,20,50,30,41,219,357,576
SSP,3,256,20,50,30,41,220,360,580
SSP,3,257,20,50,30,41,221,362,583
SSP,3,258,20,50,30,41,222,363,585
SSP,3,259,20,50,30,42,224,363,587
SSP,3,260,20,50,30,42,224,365,589
SSP,3,261,20,50,30,42,225,365,590
SSP,3,262,20,50,30,42,227,365,592
SSP,3,263,20,50,30,43,228,366,594
SSP,3,264,20,50,30,43,229,366,595
SSP,3,265,20,50,30,43,229,366,595
SSP,3,266,20,50,30,43,229,367,596
SSP,3,267,20,50,30,43,231,367,598
SSP,3,268,20,50,30,43,232,368,600
SSP,3,269,20,50,30,43,232,368,600
SSP,3,270,20,50,30,43,232,371,603
SSP,3,271,22,52,30,41,234,373,607
SSP,3,272,22,52,30,41,234,374,608
SSP,3,273,22,52,31,41,235,375,610
SSP,3,274,23,53,31,40,236,375,611
SSP,3,275,23,53,31,40,236,376,612
SSP,3,276,23,53,31,40,236,377,613
SSP,3,277,23,53,32,40,239,377,616
SSP,3,278,23,53,32,40,240,377,617
SSP,3,279,23,53,32,40,240,377,617
SSP,3,280,23,53,32,40,240,378,618
SSP,3,281,23,53,32,40,240,380,620
SSP,3,282,23,53,32,40,241,383,624
SSP,3,283,23,53,32,40,241,385,626
SSP,3,284,23,53,32,40,241,385,626
SSP,3,285,23,53,32,40,241,385,626
SSP,3,286,23,53,32,40,241,386,627
SSP,3,287,24,54,32,40,243,388,631
SSP,3,288,24,54,32,40,243,388,631
SSP,3,289,24,54,32,40,244,390,634
SSP,3,290,24,54,32,40,246,392,638
SSP,3,291,24,54,32,40,247,394,641
SSP,3,292,24,54,32,40,248,395,643
SSP,3,293,24,54,32,40,248,395,643
SSP,3,294,24,54,32,40,248,396,644
SSP,3,295,24,54,32,40,249,396,645
SSP,3,296,24,54,32,40,251,397,648
SSP,3,297,24,54,32,40,252,399,651
SSP,3,298,24,54,33,40,252,402,654
SSP,3,299,25,55,33,39,252,403,655
SSP,3,300,25,55,33,39,253,404,657
SSP,3,301,25,55,33,40,254,405,659
SSP,3,302,25,55,33,40,254,406,660
SSP,3,303,25,55,33,40,255,406,661
SSP,3,304,25,55,33,40,255,408,663
SSP,3,305,25,55,33,40,255,408,663
SSP,3,306,25,55,33,40,256,409,665
SSP,3,307,26,56,33,39,256,409,665
SSP,3,308,26,56,33,39,256,409,665
SSP,3,309,26,56,33,39,258,410,668
SSP,3,310,26,56,33,39,258,410,668
SSP,3,311,26,56,33,39,258,412,670
SSP,3,312,26,56,33,39,258,414,672
SSP,3,313,26,56,33,39,260,414,674
SSP,3,314,26,56,33,39,262,416,678
SSP,3,315,26,56,33,39,262,418,680
SSP,3,316,27,57,33,39,264,419,683
SSP,3,317,27,57,33,39,264,420,684
SSP,3,318,27,57,34,39,266,420,686
SSP,3,319,27,57,34,39,266,421,687
SSP,3,320,27,57,34,39,266,422,688
SSP,3,321,27,57,34,39,266,422,688
SSP,3,322,27,57,34,39,267,423,690
SSP,3,323,27,57,34,39,267,425,692
SSP,3,324,27,57,34,39,267,425,692
SSP,3,325,27,57,34,39,268,429,697
SSP,3,326,27,57,34,39,268,431,699
SSP,3,327,27,57,34,39,268,432,700
SSP,3,328,27,57,34,39,268,435,703
SSP,3,329,27,57,34,39,268,435,703
SSP,3,330,27,57,34,39,268,435,703
SSP,3,331,27,58,34,39,268,437,705
SSP,3,332,27,58,34,39,269,437,706
SSP,3,333,27,58,34,39,269,438,707
SSP,3,334,27,58,34,39,270,439,709
SSP,3,335,27,58,34,39,270,440,710
SSP,3,336,27,58,34,39,271,440,711
SSP,3,337,27,58,34,39,271,441,712
SSP,3,338,27,58,34,40,275,443,718
SSP,3,339,27,58,34,40,275,443,718
SSP,3,340,27,58,35,40,276,443,719
SSP,3,341,27,58,35,40,278,447,725
SSP,3,342,27,58,35,40,278,448,726
SSP,3,343,27,58,35,40,278,448,726
SSP,3,344,27,58,35,40,278,448,726
SSP,3,345,27,58,35,40,278,449,727
SSP,3,346,27,58,35,40,279,452,731
SSP,3,347,27,58,35,40,280,452,732
SSP,3,348,27,58,35,40,280,454,734
SSP,3,349,28,59,35,39,280,456,736
SSP,3,350,28,59,35,39,281,456,737
SSP,3,351,28,59,35,39,281,456,737
SSP,3,352,28,59,35,39,282,457,739
SSP,3,353,28,59,35,39,282,460,742
SSP,3,354,28,59,36,39,282,462,744
SSP,3,355,28,59,36,39,282,462,744
SSP,3,356,28,59,37,39,282,463,745
SSP,3,357,28,59,37,39,282,465,747
SSP,3,358,28,59,37,39,283,466,749
SSP,3,359,28,59,37,39,284,466,750
SSP,3,360,28,59,37,39,284,466,750
SSP,3,361,28,59,37,39,285,467,752
SSP,3,362,28,59,37,39,285,467,752
SSP,3,363,29,60,37,38,285,468,753
SSP,3,364,29,60,37,38,286,468,754
SSP,3,365,29,60,37,39,287,468,755
SSP,3,366,29,60,37,39,288,468,756
SSP,3,367,29,60,38,39,290,470,760
SSP,3,368,29,60,38,39,290,471,761
SSP,3,369,30,61,38,38,290,472,762
SSP,3,370,30,61,38,38,290,475,765
SSP,3,371,30,61,38,38,291,475,766
SSP,3,372,30,61,38,38,292,476,768
SSP,3,373,30,61,38,38,292,478,770
SSP,3,374,30,61,39,38,294,479,773
SSP,3,375,30,61,39,38,294,479,773
SSP,3,376,30,61,39,38,294,480,774
SSP,3,377,30,61,39,38,294,481,775
SSP,3,378,31,62,39,37,294,482,776
SSP,3,379,31,62,39,37,294,482,776
SSP,3,380,31,62,39,37,294,483,777
SSP,3,381,31,62,39,37,294,485,779
SSP,3,382,32,63,39,36,294,488,782
SSP,3,383,32,63,39,36,294,489,783
SSP,3,384,32,63,39,36,294,489,783
SSP,3,385,32,63,39,36,295,489,784
SSP,3,386,32,63,39,36,295,491,786
SSP,3,387,32,63,39,36,296,493,789
SSP,3,388,34,65,39,34,297,494,791
SSP,3,389,34,65,39,34,297,495,792
SSP,3,390,34,65,39,34,298,495,793
SSP,3,391,34,65,39,34,298,496,794
SSP,3,392,34,65,39,34,298,496,794
SSP,3,393,34,65,39,34,298,497,795
SSP,3,394,34,65,39,34,298,500,798
SSP,3,395,34,65,39,34,298,501,799
SSP,3,396,34,65,39,34,299,502,801
SSP,3,397,34,65,39,34,299,503,802
SSP,3,398,34,65,39,34,302,503,805
SSP,3,399,34,65,39,34,302,503,805
SSP,3,400,34,65,39,34,302,504,806
SSP,3,401,34,65,39,34,303,504,807
SSP,3,402,34,65,39,34,304,504,808
SSP,3,403,34,65,39,34,304,504,808
SSP,3,404,34,65,39,34,305,504,809
SSP,3,405,34,65,39,34,306,505,811
SSP,3,406,34,65,39,34,306,506,812
SSP,3,407,34,65,39,34,306,507,813
SSP,3,408,34,65,39,34,308,508,816
SSP,3,409,34,65,39,34,309,508,817
SSP,3,410,34,65,39,34,309,508,817
SSP,3,411,34,65,39,34,309,510,819
SSP,3,412,34,65,39,34,310,511,821
SSP,3,413,34,65,39,34,310,512,822
SSP,3,414,34,65,39,34,311,513,824
SSP,3,415,35,66,39,33,311,513,824
SSP,3,416,35,66,39,33,311,514,825
SSP,3,417,35,66,39,33,311,516,827
SSP,3,418,35,66,39,33,311,517,828
SSP,3,419,35,66,39,33,311,518,829
SSP,3,420,35,66,39,33,314,518,832
SSP,3,421,35,66,39,33,314,518,832
SSP,3,422,36,67,39,32,314,518,832
SSP,3,423,36,67,39,32,315,519,834
SSP,3,424,36,67,39,32,316,519,835
SSP,3,425,36,67,40,32,316,519,835
SSP,3,426,36,67,40,32,316,521,837
SSP,3,427,36,67,41,32,316,522,838
SSP,3,428,37,68,41,31,316,522,838
SSP,3,429,37,68,41,31,316,522,838
SSP,3,430,37,68,41,31,317,523,840
SSP,3,431,37,68,41,31,319,524,843
SSP,3,432,37,68,41,31,320,524,844
SSP,3,433,37,68,41,31,320,525,845
SSP,3,434,37,68,41,31,321,526,847
SSP,3,435,37,68,41,31,321,527,848
SSP,3,436,37,68,41,31,322,528,850
SSP,3,437,37,68,41,31,322,528,850
SSP,3,438,37,68,41,31,322,529,851
SSP,3,439,37,68,41,31,323,529,852
SSP,3,440,37,68,41,31,324,530,854
SSP,3,441,37,68,41,31,325,530,855
SSP,3,442,38,69,41,30,326,532,858
SSP,3,443,38,69,41,30,327,533,860
SSP,3,444,38,69,41,30,328,533,861
SSP,3,445,38,69,41,30,329,533,862
SSP,3,446,38,69,42,30,329,535,864
SSP,3,447,38,69,42,30,329,535,864
SSP,3,448,38,69,43,30,330,536,866
SSP,3,449,38,69,43,30,331,536,867
SSP,3,450,38,69,43,30,332,536,868
SSP,3,451,39,70,43,29,332,537,869
SSP,3,452,39,70,43,29,333,537,870
SSP,3,453,39,70,43,29,333,538,871
SSP,3,454,39,70,43,29,334,538,872
SSP,3,455,40,71,43,28,335,540,875
SSP,3,456,40,71,43,28,335,541,876
SSP,3,457,40,71,43,28,336,542,878
SSP,3,458,40,71,44,28,336,542,878
SSP,3,459,40,71,44,28,336,544,880
SSP,3,460,40,71,44,28,336,544,880
SSP,3,461,40,71,44,28,336,545,881
SSP,3,462,40,71,44,28,336,547,883
SSP,3,463,41,72,44,27,336,547,883
SSP,3,464,41,72,44,27,337,547,884
SSP,3,465,41,72,44,27,337,550,887
SSP,3,466,41,72,44,27,337,550,887
SSP,3,467,41,72,44,27,338,550,888
SSP,3,468,41,72,44,27,338,550,888
SSP,3,469,41,72,44,27,338,550,888
SSP,3,470,41,72,44,27,338,550,888
SSP,3,471,41,72,44,27,338,550,888
SSP,3,472,41,72,44,27,339,550,889
SSP,3,473,41,72,44,28,343,550,893
SSP,3,474,41,72,44,28,343,551,894
SSP,3,475,41,72,44,28,344,551,895
SSP,3,476,41,72,44,28,344,553,897
SSP,3,477,41,72,44,28,346,554,900
SSP,3,478,41,72,44,28,346,554,900
SSP,3,479,41,72,44,28,348,555,903
SSP,3,480,41,72,44,28,348,556,904
SSP,3,481,41,72,44,28,348,556,904
SSP,3,482,41,72,44,28,348,556,904
SSP,3,483,41,72,44,28,348,556,904
SSP,3,484,41,72,44,28,348,556,904
SSP,3,485,41,72,44,28,348,558,906
SSP,3,486,41,72,44,28,349,558,907
SSP,3,487,41,72,44,28,349,559,908
SSP,3,488,41,72,44,28,350,559,909
SSP,3,489,41,72,44,28,350,559,909
SSP,3,490,41,72,44,28,350,560,910
SSP,3,491,41,72,44,28,350,560,910
SSP,3,492,41,72,44,28,350,560,910
SSP,3,493,41,72,44,28,350,560,910
SSP,3,494,41,72,44,28,351,560,911
SSP,3,495,41,72,44,28,354,560,914
SSP,3,496,41,72,44,28,354,560,914
SSP,3,497,41,72,44,28,354,562,916
SSP,3,498,41,72,44,28,354,563,917
SSP,3,499,41,72,44,28,354,564,918
SSP,4,0,0,3,5,8,0,0,0
SSP,4,1,0,6,6,8,0,0,0
SSP,4,2,0,7,7,8,0,0,0
SSP,4,3,0,7,7,8,0,0,0
SSP,4,4,0,7,7,8,0,0,0
SSP,4,5,0,7,7,8,0,1,1
SSP,4,6,0,7,7,8,0,1,1
SSP,4,7,0,7,7,8,0,2,2
SSP,4,8,0,7,7,8,0,3,3
SSP,4,9,0,7,7,8,0,5,5
SSP,4,10,0,7,7,8,0,7,7
SSP,4,11,0,7,7,8,0,9,9
SSP,4,12,0,7,7,8,0,10,10
SSP,4,13,0,7,7,8,0,13,13
SSP,4,14,0,7,7,8,0,15,15
SSP,4,15,0,7,7,8,1,15,16
SSP,4,16,0,7,7,8,1,18,19
SSP,4,17,0,7,7,8,1,22,23
SSP,4,18,0,7,7,9,3,24,27
SSP,4,19,0,7,7,9,3,25,28
SSP,4,20,0,7,7,9,3,28,31
SSP,4,21,0,7,7,9,3,31,34
SSP,4,22,0,7,7,9,3,33,36
SSP,4,23,0,7,7,10,5,33,38
SSP,4,24,0,7,7,10,7,36,43
SSP,4,25,0,7,7,11,9,41,50
SSP,4,26,0,7,7,11,10,43,53
SSP,4,27,0,8,7,11,11,45,56
SSP,4,28,0,8,7,11,11,48,59
SSP,4,29,0,8,7,11,11,50,61
SSP,4,30,0,8,7,11,11,51,62
SSP,4,31,0,8,7,11,11,52,63
SSP,4,32,0,8,7,12,12,53,65
SSP,4,33,0,8,7,12,12,53,65
SSP,4,34,0,8,7,13,14,57,71
SSP,4,35,0,8,7,13,14,57,71
SSP,4,36,0,8,7,13,14,58,72
SSP,4,37,0,8,7,13,14,61,75
SSP,4,38,0,8,7,13,15,63,78
SSP,4,39,0,8,7,14,16,65,81
SSP,4,40,0,8,7,14,17,67,84
SSP,4,41,0,8,7,14,17,68,85
SSP,4,42,0,8,7,14,17,69,86
SSP,4,43,0,8,7,14,18,71,89
SSP,4,44,0,8,7,14,18,74,92
SSP,4,45,0,8,7,15,19,80,99
SSP,4,46,0,8,7,15,21,81,102
SSP,4,47,0,8,7,16,22,82,104
SSP,4,48,0,8,7,16,23,83,106
SSP,4,49,0,8,7,17,26,86,112
SSP,4,50,0,8,7,17,27,87,114
SSP,4,51,0,8,7,17,27,90,117
SSP,4,52,0,8,7,17,27,92,119
SSP,4,53,0,8,7,17,27,93,120
SSP,4,54,0,8,7,18,29,93,122
SSP,4,55,0,9,7,18,29,94,123
SSP,4,56,0,9,7,18,29,97,126
SSP,4,57,0,9,8,19,30,101,131
SSP,4,58,1,10,8,18,31,103,134
SSP,4,59,1,10,8,19,32,104,136
SSP,4,60,1,10,8,19,35,105,140
SSP,4,61,1,10,8,20,36,107,143
SSP,4,62,1,10,8,20,36,109,145
SSP,4,63,1,10,8,21,38,112,150
SSP,4,64,1,10,8,22,39,115,154
SSP,4,65,1,10,8,22,43,116,159
SSP,4,66,1,10,8,22,43,117,160
SSP,4,67,1,10,8,22,43,119,162
SSP,4,68,2,12,8,22,45,122,167
SSP,4,69,2,12,8,22,47,123,170
SSP,4,70,2,12,8,23,48,124,172
SSP,4,71,2,12,8,23,48,126,174
SSP,4,72,2,12,8,23,49,127,176
SSP,4,73,2,12,8,23,49,129,178
SSP,4,74,2,12,8,23,49,130,179
SSP,4,75,2,12,8,23,50,131,181
SSP,4,76,2,12,8,24,53,134,187
SSP,4,77,2,13,8,24,55,134,189
SSP,4,78,2,13,8,24,56,137,193
SSP,4,79,2,13,8,25,57,137,194
SSP,4,80,2,13,8,25,57,137,194
SSP,4,81,2,13,8,25,58,140,198
SSP,4,82,2,13,8,25,58,141,199
SSP,4,83,2,13,9,25,58,142,200
SSP,4,84,2,15,9,25,58,145,203
SSP,4,85,2,15,10,25,58,150,208
SSP,4,86,3,17,10,24,60,151,211
SSP,4,87,3,17,10,24,60,152,212
SSP,4,88,3,17,10,24,60,152,212
SSP,4,89,3,17,10,25,61,152,213
SSP,4,90,3,17,10,27,65,153,218
SSP,4,91,3,18,10,28,66,155,221
SSP,4,92,3,18,10,28,67,156,223
SSP,4,93,3,18,11,28,69,156,225
SSP,4,94,3,18,12,30,71,157,228
SSP,4,95,3,18,12,31,72,157,229
SSP,4,96,3,18,12,32,73,159,232
SSP,4,97,3,18,12,32,73,160,233
SSP,4,98,3,18,13,32,75,163,238
SSP,4,99,3,18,13,32,76,165,241
SSP,4,100,3,19,13,32,77,168,245
SSP,4,101,4,20,13,31,78,171,249
SSP,4,102,4,20,13,31,78,171,249
SSP,4,103,4,20,13,31,78,173,251
SSP,4,104,4,20,13,31,78,174,252
SSP,4,105,4,21,13,31,80,176,256
SSP,4,106,4,21,13,31,80,177,257
SSP,4,107,4,21,13,31,80,177,257
SSP,4,108,4,21,13,32,81,179,260
SSP,4,109,4,21,13,32,81,181,262
SSP,4,110,4,21,13,32,81,183,264
SSP,4,111,4,21,13,33,82,186,268
SSP,4,112,4,21,13,33,83,189,272
SSP,4,113,4,21,13,33,83,192,275
SSP,4,114,4,21,13,33,84,193,277
SSP,4,115,4,21,13,33,85,195,280
SSP,4,116,4,21,13,34,86,197,283
SSP,4,117,5,23,13,34,87,200,287
SSP,4,118,5,23,13,35,89,203,292
SSP,4,119,5,23,13,35,89,204,293
SSP,4,120,5,23,13,35,89,204,293
SSP,4,121,5,23,13,36,90,206,296
SSP,4,122,5,23,14,36,91,209,300
SSP,4,123,5,23,14,36,92,209,301
SSP,4,124,5,23,14,37,93,213,306
SSP,4,125,5,23,16,37,94,213,307
SSP,4,126,5,24,16,37,94,217,311
SSP,4,127,5,24,16,37,95,218,313
SSP,4,128,5,24,16,38,97,219,316
SSP,4,129,6,25,16,37,98,220,318
SSP,4,130,6,25,16,37,98,220,318
SSP,4,131,6,25,16,37,98,222,320
SSP,4,132,6,25,16,37,98,223,321
SSP,4,133,6,25,17,37,98,226,324
SSP,4,134,6,25,19,38,100,226,326
SSP,4,135,6,26,19,39,101,227,328
SSP,4,136,6,26,20,39,101,228,329
SSP,4,137,6,26,21,39,102,234,336
SSP,4,138,8,28,21,37,102,237,339
SSP,4,139,8,28,21,37,103,240,343
SSP,4,140,9,29,21,36,104,242,346
SSP,4,141,9,29,21,37,105,246,351
SSP,4,142,9,29,22,37,105,246,351
SSP,4,143,9,30,22,37,105,247,352
SSP,4,144,9,30,22,37,106,249,355
SSP,4,145,9,30,23,37,108,250,358
SSP,4,146,9,30,24,37,109,251,360
SSP,4,147,9,30,25,37,110,252,362
SSP,4,148,9,30,25,37,110,252,362
SSP,4,149,9,30,25,38,113,253,366
SSP,4,150,9,30,25,39,114,254,368
SSP,4,151,9,30,25,39,114,255,369
SSP,4,152,9,30,25,39,117,256,373
SSP,4,153,9,30,25,39,117,257,374
SSP,4,154,10,31,25,38,118,259,377
SSP,4,155,10,31,25,38,118,261,379
SSP,4,156,10,31,25,38,120,263,383
SSP,4,157,10,32,25,38,122,263,385
SSP,4,158,10,32,25,38,123,263,386
SSP,4,159,10,32,25,38,126,263,389
SSP,4,160,10,32,25,38,126,264,390
SSP,4,161,10,32,25,38,126,265,391
SSP,4,162,10,32,25,38,127,266,393
SSP,4,163,10,33,25,38,127,267,394
SSP,4,164,10,33,25,38,127,272,399
SSP,4,165,10,33,25,38,127,275,402
SSP,4,166,10,33,25,38,127,275,402
SSP,4,167,10,33,25,39,128,277,405
SSP,4,168,10,33,25,40,129,277,406
SSP,4,169,10,33,25,40,131,278,409
SSP,4,170,11,34,25,39,132,278,410
SSP,4,171,12,35,25,38,132,279,411
SSP,4,172,12,35,25,38,133,280,413
SSP,4,173,12,35,25,38,133,281,414
SSP,4,174,12,35,25,38,134,281,415
SSP,4,175,12,35,25,38,134,284,418
SSP,4,176,12,35,25,39,135,284,419
SSP,4,177,12,36,25,39,136,285,421
SSP,4,178,12,36,26,39,138,287,425
SSP,4,179,12,36,27,39,139,287,426
SSP,4,180,12,36,27,39,141,291,432
SSP,4,181,12,36,27,39,141,293,434
SSP,4,182,12,36,27,40,142,296,438
SSP,4,183,12,37,27,40,142,298,440
SSP,4,184,12,37,27,40,142,300,442
SSP,4,185,12,37,27,40,142,301,443
SSP,4,186,12,37,27,40,143,302,445
SSP,4,187,12,37,28,41,146,303,449
SSP,4,188,14,39,28,39,147,303,450
SSP,4,189,14,39,28,39,148,303,451
SSP,4,190,14,39,28,39,148,304,452
SSP,4,191,14,39,28,39,152,305,457
SSP,4,192,15,40,29,38,152,306,458
SSP,4,193,15,40,29,38,153,307,460
SSP,4,194,15,40,29,38,153,309,462
SSP,4,195,15,40,29,38,153,310,463
SSP,4,196,15,40,29,38,155,310,465
SSP,4,197,15,40,29,38,155,314,469
SSP,4,198,15,40,29,38,157,315,472
SSP,4,199,15,40,29,38,158,318,476
SSP,4,200,15,40,29,38,158,323,481
SSP,4,201,15,40,29,38,159,323,482
SSP,4,202,15,40,29,38,160,323,483
SSP,4,203,15,40,29,38,160,324,484
SSP,4,204,15,40,29,39,161,326,487
SSP,4,205,15,40,29,39,161,329,490
SSP,4,206,15,40,29,39,161,330,491
SSP,4,207,15,40,29,39,164,330,494
SSP,4,208,15,40,29,39,164,330,494
SSP,4,209,15,40,29,39,164,333,497
SSP,4,210,15,40,30,39,165,337,502
SSP,4,211,15,41,33,39,167,339,506
SSP,4,212,15,42,33,39,168,339,507
SSP,4,213,15,42,33,39,168,340,508
SSP,4,214,15,42,33,39,168,341,509
SSP,4,215,15,42,33,40,169,342,511
SSP,4,216,15,42,33,40,170,344,514
SSP,4,217,15,42,33,40,170,344,514
SSP,4,218,15,42,33,40,170,347,517
SSP,4,219,16,43,33,39,170,348,518
SSP,4,220,17,44,33,38,170,350,520
SSP,4,221,17,44,33,38,170,352,522
SSP,4,222,17,44,33,38,171,353,524
SSP,4,223,17,44,33,38,173,355,528
SSP,4,224,17,44,33,38,174,356,530
SSP,4,225,17,44,33,38,175,356,531
SSP,4,226,17,44,33,39,176,358,534
SSP,4,227,17,44,33,39,176,360,536
SSP,4,228,17,44,33,39,177,361,538
SSP,4,229,17,44,33,39,178,363,541
SSP,4,230,17,44,33,39,178,364,542
SSP,4,231,17,44,33,39,179,365,544
SSP,4,232,17,44,33,39,181,366,547
SSP,4,233,17,44,33,39,183,368,551
SSP,4,234,17,44,33,39,183,370,553
SSP,4,235,17,44,33,39,185,371,556
SSP,4,236,17,44,33,39,185,371,556
SSP,4,237,17,44,33,39,185,371,556
SSP,4,238,17,44,33,39,185,371,556
SSP,4,239,17,44,33,39,185,373,558
SSP,4,240,17,44,33,39,185,376,561
SSP,4,241,17,44,33,39,186,377,563
SSP,4,242,17,44,33,39,186,378,564
SSP,4,243,17,44,33,39,186,378,564
SSP,4,244,17,44,33,39,186,378,564
SSP,4,245,17,44,33,39,186,378,564
SSP,4,246,17,44,33,39,186,379,565
SSP,4,247,17,44,33,39,188,381,569
SSP,4,248,17,44,33,39,188,382,570
SSP,4,249,17,44,33,39,189,383,572
SSP,4,250,17,44,33,39,189,384,573
SSP,4,251,17,44,33,40,192,384,576
SSP,4,252,17,44,33,40,192,386,578
SSP,4,253,17,45,33,40,194,387,581
SSP,4,254,17,45,33,41,196,387,583
SSP,4,255,17,45,33,41,196,388,584
SSP,4,256,17,45,33,41,197,391,588
SSP,4,257,17,45,33,41,199,392,591
SSP,4,258,17,45,34,41,200,394,594
SSP,4,259,17,45,35,41,200,395,595
SSP,4,260,17,45,35,41,201,397,598
SSP,4,261,17,45,35,41,201,398,599
SSP,4,262,17,45,35,42,203,400,603
SSP,4,263,17,45,35,43,204,401,605
SSP,4,264,17,45,35,43,204,401,605
SSP,4,265,17,45,35,44,205,402,607
SSP,4,266,17,45,35,44,205,404,609
SSP,4,267,17,45,35,44,206,405,611
SSP,4,268,17,45,35,44,206,406,612
SSP,4,269,17,45,35,44,207,408,615
SSP,4,270,17,45,35,44,208,410,618
SSP,4,271,17,45,35,45,209,410,619
SSP,4,272,17,45,35,45,209,412,621
SSP,4,273,17,45,35,45,209,414,623
SSP,4,274,17,45,35,45,210,414,624
SSP,4,275,17,45,35,45,210,418,628
SSP,4,276,17,45,36,45,211,420,631
SSP,4,277,17,45,36,45,211,420,631
SSP,4,278,17,45,36,45,212,421,633
SSP,4,279,17,45,36,45,213,423,636
SSP,4,280,17,45,36,45,213,423,636
SSP,4,281,17,45,36,46,214,423,637
SSP,4,282,17,45,36,46,214,423,637
SSP,4,283,17,45,36,46,215,423,638
SSP,4,284,17,45,36,46,216,425,641
SSP,4,285,17,45,36,46,217,426,643
SSP,4,286,17,45,36,46,217,427,644
SSP,4,287,17,45,36,46,217,427,644
SSP,4,288,17,45,36,46,219,429,648
SSP,4,289,17,45,36,46,219,430,649
SSP,4,290,17,45,36,46,219,432,651
SSP,4,291,17,45,36,46,220,435,655
SSP,4,292,17,45,37,46,221,438,659
SSP,4,293,17,45,37,46,222,439,661
SSP,4,294,17,45,37,46,223,439,662
SSP,4,295,17,45,37,46,223,439,662
SSP,4,296,17,45,37,46,223,441,664
SSP,4,297,17,45,37,46,224,442,666
SSP,4,298,17,45,37,46,224,444,668
SSP,4,299,17,45,37,46,224,444,668
SSP,4,300,17,45,37,46,225,445,670
SSP,4,301,17,45,37,46,225,447,672
SSP,4,302,17,45,37,46,225,450,675
SSP,4,303,17,45,39,46,225,453,678
SSP,4,304,18,46,40,45,226,455,681
SSP,4,305,18,46,40,45,226,457,683
SSP,4,306,18,46,40,45,226,457,683
SSP,4,307,18,46,40,45,226,457,683
SSP,4,308,18,46,40,45,228,458,686
SSP,4,309,18,46,40,46,230,461,691
SSP,4,310,18,46,40,46,231,461,692
SSP,4,311,18,46,40,46,231,463,694
SSP,4,312,18,46,40,46,231,464,695
SSP,4,313,18,46,40,46,231,465,696
SSP,4,314,18,46,40,46,232,466,698
SSP,4,315,18,46,40,46,233,466,699
SSP,4,316,18,46,40,46,233,467,700
SSP,4,317,18,46,40,46,233,469,702
SSP,4,318,18,46,40,46,235,469,704
SSP,4,319,19,48,40,45,236,470,706
SSP,4,320,19,48,40,45,236,471,707
SSP,4,321,19,48,40,46,238,471,709
SSP,4,322,19,48,40,46,238,474,712
SSP,4,323,19,48,41,46,238,476,714
SSP,4,324,19,48,41,46,240,479,719
SSP,4,325,19,48,41,46,241,479,720
SSP,4,326,19,48,42,46,241,480,721
SSP,4,327,19,48,43,46,242,481,723
SSP,4,328,20,49,43,45,242,482,724
SSP,4,329,20,49,43,45,242,485,727
SSP,4,330,20,49,43,45,242,487,729
SSP,4,331,20,49,43,45,242,489,731
SSP,4,332,20,49,43,45,242,491,733
SSP,4,333,20,49,43,46,244,493,737
SSP,4,334,20,49,44,46,244,494,738
SSP,4,335,20,49,44,46,245,495,740
SSP,4,336,20,49,44,46,246,499,745
SSP,4,337,20,49,44,46,247,502,749
SSP,4,338,20,49,44,46,247,503,750
SSP,4,339,21,50,44,45,248,503,751
SSP,4,340,21,50,44,45,249,503,752
SSP,4,341,21,50,44,45,249,503,752
SSP,4,342,21,50,44,45,251,505,756
SSP,4,343,21,50,45,45,252,507,759
SSP,4,344,21,50,45,45,252,508,760
SSP,4,345,21,50,45,45,253,508,761
SSP,4,346,22,51,45,44,254,511,765
SSP,4,347,22,51,45,44,254,514,768
SSP,4,348,22,51,45,44,254,516,770
SSP,4,349,23,52,45,43,254,516,770
SSP,4,350,23,52,45,43,254,516,770
SSP,4,351,23,52,45,43,255,517,772
SSP,4,352,23,52,45,43,257,518,775
SSP,4,353,23,52,45,43,257,518,775
SSP,4,354,23,52,45,43,257,522,779
SSP,4,355,23,52,45,43,258,522,780
SSP,4,356,23,52,45,43,258,523,781
SSP,4,357,23,52,45,43,259,525,784
SSP,4,358,23,52,46,43,259,525,784
SSP,4,359,25,54,46,41,260,527,787
SSP,4,360,26,55,46,40,261,528,789
SSP,4,361,26,55,46,40,262,530,792
SSP,4,362,26,55,46,40,262,530,792
SSP,4,363,26,55,46,40,263,530,793
SSP,4,364,26,55,46,40,266,530,796
SSP,4,365,26,55,46,40,268,532,800
SSP,4,366,26,55,46,40,269,533,802
SSP,4,367,26,55,46,40,269,533,802
SSP,4,368,26,55,46,40,270,533,803
SSP,4,369,26,55,46,40,271,533,804
SSP,4,370,26,55,46,40,271,534,805
SSP,4,371,26,55,46,40,272,534,806
SSP,4,372,26,55,46,40,274,537,811
SSP,4,373,26,55,46,40,274,538,812
SSP,4,374,26,55,46,40,275,538,813
SSP,4,375,26,55,46,40,275,539,814
SSP,4,376,26,55,46,40,275,541,816
SSP,4,377,26,55,46,40,275,543,818
SSP,4,378,26,55,46,40,277,543,820
SSP,4,379,26,55,46,40,278,543,821
SSP,4,380,26,55,46,40,278,543,821
SSP,4,381,26,55,46,40,278,544,822
SSP,4,382,26,55,46,40,278,544,822
SSP,4,383,26,55,46,40,280,544,824
SSP,4,384,26,55,46,40,281,545,826
SSP,4,385,26,55,46,40,282,548,830
SSP,4,386,26,55,46,40,284,548,832
SSP,4,387,26,55,46,40,284,548,832
SSP,4,388,26,55,46,40,284,549,833
SSP,4,389,26,55,46,40,286,550,836
SSP,4,390,26,55,46,40,286,552,838
SSP,4,391,26,55,46,40,287,553,840
SSP,4,392,26,55,46,40,288,555,843
SSP,4,393,26,55,46,40,291,557,848
SSP,4,394,26,55,46,40,291,558,849
SSP,4,395,26,55,46,41,293,559,852
SSP,4,396,26,55,46,41,293,560,853
SSP,4,397,26,55,46,41,293,560,853
SSP,4,398,26,55,46,41,293,561,854
SSP,4,399,26,55,46,41,295,561,856
SSP,4,400,26,55,47,41,295,562,857
SSP,4,401,26,55,47,41,297,564,861
SSP,4,402,26,55,47,41,297,565,862
SSP,4,403,26,55,47,41,297,566,863
SSP,4,404,26,55,47,41,297,566,863
SSP,4,405,26,55,47,41,297,566,863
SSP,4,406,26,55,47,41,298,567,865
SSP,4,407,26,55,47,41,298,567,865
SSP,4,408,26,55,47,41,299,570,869
SSP,4,409,26,55,47,41,300,570,870
SSP,4,410,26,55,47,41,301,571,872
SSP,4,411,26,55,47,41,301,572,873
SSP,4,412,26,55,47,41,301,572,873
SSP,4,413,26,55,47,41,302,572,874
SSP,4,414,26,55,47,41,302,572,874
SSP,4,415,26,55,47,41,304,574,878
SSP,4,416,26,55,47,41,308,576,884
SSP,4,417,26,55,47,41,308,577,885
SSP,4,418,26,55,47,41,308,578,886
SSP,4,419,26,55,47,41,309,578,887
SSP,4,420,26,55,47,41,310,581,891
SSP,4,421,26,55,47,41,311,582,893
SSP,4,422,26,55,47,41,311,586,897
SSP,4,423,26,55,47,41,311,587,898
SSP,4,424,26,55,47,41,312,587,899
SSP,4,425,26,55,47,41,313,587,900
SSP,4,426,26,55,47,41,313,587,900
SSP,4,427,26,55,47,41,314,588,902
SSP,4,428,26,55,47,41,314,588,902
SSP,4,429,26,55,47,41,314,588,902
SSP,4,430,26,55,47,41,314,590,904
SSP,4,431,26,55,47,41,315,591,906
SSP,4,432,26,55,47,41,315,591,906
SSP,4,433,26,55,47,41,315,592,907
SSP,4,434,26,55,47,41,315,592,907
SSP,4,435,26,55,47,42,316,593,909
SSP,4,436,26,55,47,42,317,594,911
SSP,4,437,26,55,47,42,317,596,913
SSP,4,438,26,55,47,42,317,598,915
SSP,4,439,26,55,47,42,317,601,918
SSP,4,440,26,55,47,42,317,604,921
SSP,4,441,26,55,47,42,318,605,923
SSP,4,442,26,55,47,42,318,605,923
SSP,4,443,26,55,47,42,318,608,926
SSP,4,444,27,56,47,41,319,611,930
SSP,4,445,27,56,47,41,319,612,931
SSP,4,446,27,56,47,41,320,612,932
SSP,4,447,27,56,47,41,320,614,934
SSP,4,448,27,56,47,41,322,615,937
SSP,4,449,27,56,47,41,322,615,937
SSP,4,450,27,56,47,41,322,616,938
SSP,4,451,27,56,47,41,323,617,940
SSP,4,452,28,57,47,40,323,618,941
SSP,4,453,28,57,47,40,323,618,941
SSP,4,454,28,57,47,40,323,619,942
SSP,4,455,28,57,47,40,324,619,943
SSP,4,456,28,57,47,40,325,622,947
SSP,4,457,28,57,47,40,325,624,949
SSP,4,458,28,57,47,40,325,624,949
SSP,4,459,28,57,47,40,325,628,953
SSP,4,460,28,57,47,40,326,629,955
SSP,4,461,28,57,47,40,326,630,956
SSP,4,462,28,57,47,40,327,632,959
SSP,4,463,29,58,47,39,327,634,961
SSP,4,464,29,58,47,39,327,635,962
SSP,4,465,29,58,47,39,327,636,963
SSP,4,466,29,58,48,39,329,637,966
SSP,4,467,29,58,50,39,329,640,969
SSP,4,468,29,58,50,39,329,640,969
SSP,4,469,30,59,50,38,329,640,969
SSP,4,470,30,59,50,38,329,642,971
SSP,4,471,30,59,50,38,329,642,971
SSP,4,472,30,59,50,38,331,643,974
SSP,4,473,30,59,50,38,331,644,975
SSP,4,474,30,59,50,38,332,645,977
SSP,4,475,30,59,50,38,332,646,978
SSP,4,476,30,59,50,38,334,647,981
SSP,4,477,30,59,50,38,334,650,984
SSP,4,478,30,59,50,38,334,650,984
SSP,4,479,30,59,50,38,335,652,987
SSP,4,480,30,59,50,38,335,652,987
SSP,4,481,30,59,50,39,336,653,989
SSP,4,482,30,59,50,39,336,653,989
SSP,4,483,30,59,50,39,338,654,992
SSP,4,484,30,59,50,39,338,656,994
SSP,4,485,30,59,50,39,338,657,995
SSP,4,486,30,59,50,39,338,658,996
SSP,4,487,30,59,50,39,338,658,996
SSP,4,488,30,59,50,39,339,661,1000
SSP,4,489,30,59,50,39,339,662,1001
SSP,4,490,30,59,50,39,339,662,1001
SSP,4,491,30,59,50,39,340,663,1003
SSP,4,492,30,59,50,39,342,664,1006
SSP,4,493,30,59,50,39,342,666,1008
SSP,4,494,30,59,50,39,342,667,1009
SSP,4,495,30,59,50,39,343,668,1011
SSP,4,496,30,59,50,39,343,668,1011
SSP,4,497,30,59,50,39,343,669,1012
SSP,4,498,30,59,51,39,345,671,1016
SSP,4,499,30,59,52,39,346,671,1017
SSP,5,0,1,4,3,10,0,1,1
SSP,5,1,1,4,3,10,0,2,2
SSP,5,2,1,6,4,10,0,3,3
SSP,5,3,1,6,4,10,0,3,3
SSP,5,4,1,6,4,10,0,3,3
SSP,5,5,1,6,4,10,0,3,3
SSP,5,6,1,6,4,10,0,7,7
SSP,5,7,1,6,4,10,0,7,7
SSP,5,8,1,6,4,10,0,7,7
SSP,5,9,1,6,4,10,0,9,9
SSP,5,10,1,6,4,10,0,10,10
SSP,5,11,1,6,4,10,0,12,12
SSP,5,12,1,6,4,10,0,15,15
SSP,5,13,1,6,4,10,0,18,18
SSP,5,14,1,6,4,10,0,23,23
SSP,5,15,1,6,4,10,0,25,25
SSP,5,16,1,6,4,10,0,26,26
SSP,5,17,1,6,4,10,1,28,29
SSP,5,18,1,6,4,10,1,30,31
SSP,5,19,1,6,4,10,1,30,31
SSP,5,20,1,6,4,10,1,31,32
SSP,5,21,1,6,4,11,2,34,36
SSP,5,22,1,6,4,11,4,35,39
SSP,5,23,1,6,4,12,6,37,43
SSP,5,24,1,6,4,12,7,38,45
SSP,5,25,1,6,4,13,9,41,50
SSP,5,26,1,6,4,13,9,42,51
SSP,5,27,1,6,4,13,9,47,56
SSP,5,28,1,6,4,13,10,51,61
SSP,5,29,1,6,5,13,10,52,62
SSP,5,30,1,7,6,13,10,56,66
SSP,5,31,1,8,6,14,11,57,68
SSP,5,32,1,8,7,15,12,60,72
SSP,5,33,1,8,7,17,14,62,76
SSP,5,34,1,8,9,18,15,66,81
SSP,5,35,2,9,9,17,16,67,83
SSP,5,36,2,9,9,18,18,67,85
SSP,5,37,2,9,9,19,19,69,88
SSP,5,38,2,9,9,19,20,69,89
SSP,5,39,2,9,9,19,21,70,91
SSP,5,40,2,9,9,19,23,72,95
SSP,5,41,2,9,9,19,23,76,99
SSP,5,42,2,9,9,19,23,78,101
SSP,5,43,2,9,9,19,23,80,103
SSP,5,44,2,9,9,19,23,80,103
SSP,5,45,2,9,9,19,24,82,106
SSP,5,46,2,9,9,21,26,83,109
SSP,5,47,2,9,9,21,26,85,111
SSP,5,48,2,10,10,21,27,88,115
SSP,5,49,2,10,10,21,27,91,118
SSP,5,50,2,10,10,21,27,95,122
SSP,5,51,2,10,11,21,29,97,126
SSP,5,52,2,10,11,21,29,99,128
SSP,5,53,3,11,12,20,30,101,131
SSP,5,54,3,11,12,20,31,105,136
SSP,5,55,4,12,13,19,32,107,139
SSP,5,56,4,12,13,19,32,109,141
SSP,5,57,4,12,13,20,34,111,145
SSP,5,58,4,12,13,20,34,113,147
SSP,5,59,4,12,13,21,35,113,148
SSP,5,60,4,12,13,21,36,114,150
SSP,5,61,4,13,13,21,37,118,155
SSP,5,62,4,13,13,21,37,122,159
SSP,5,63,4,13,13,21,39,124,163
SSP,5,64,4,13,13,21,40,127,167
SSP,5,65,4,13,13,21,41,128,169
SSP,5,66,4,13,13,21,41,131,172
SSP,5,67,4,15,13,22,42,133,175
SSP,5,68,4,15,13,22,42,134,176
SSP,5,69,4,15,13,22,45,135,180
SSP,5,70,4,15,13,22,46,137,183
SSP,5,71,4,15,13,23,47,138,185
SSP,5,72,4,15,13,25,49,138,187
SSP,5,73,4,15,13,25,49,140,189
SSP,5,74,4,15,13,26,52,141,193
SSP,5,75,4,15,13,26,52,145,197
SSP,5,76,4,15,13,26,52,147,199
SSP,5,77,5,16,13,26,53,148,201
SSP,5,78,5,16,13,27,55,149,204
SSP,5,79,5,16,13,27,56,150,206
SSP,5,80,5,16,13,27,56,150,206
SSP,5,81,5,16,14,27,58,155,213
SSP,5,82,5,16,15,27,59,158,217
SSP,5,83,5,17,15,27,59,160,219
SSP,5,84,5,17,15,28,60,161,221
SSP,5,85,5,17,15,29,62,161,223
SSP,5,86,5,17,15,31,66,163,229
SSP,5,87,5,17,16,31,66,166,232
SSP,5,88,5,17,16,31,66,167,233
SSP,5,89,5,17,16,31,66,168,234
SSP,5,90,5,17,16,31,67,171,238
SSP,5,91,5,17,16,32,69,172,241
SSP,5,92,5,17,16,32,69,172,241
SSP,5,93,5,17,17,32,69,174,243
SSP,5,94,6,19,17,31,71,177,248
SSP,5,95,6,19,17,31,73,178,251
SSP,5,96,6,21,17,31,76,180,256
SSP,5,97,6,21,17,32,78,185,263
SSP,5,98,6,22,17,32,80,185,265
SSP,5,99,6,22,17,32,82,186,268
SSP,5,100,6,23,17,32,82,190,272
SSP,5,101,6,23,18,32,82,190,272
SSP,5,102,6,23,18,32,83,192,275
SSP,5,103,6,23,18,32,83,194,277
SSP,5,104,6,23,18,32,83,196,279
SSP,5,105,6,23,18,33,84,198,282
SSP,5,106,6,23,18,34,85,200,285
SSP,5,107,6,24,18,34,86,200,286
SSP,5,108,7,25,18,33,87,201,288
SSP,5,109,7,25,18,34,88,203,291
SSP,5,110,7,25,18,34,89,203,292
SSP,5,111,7,25,18,35,90,208,298
SSP,5,112,7,25,18,35,91,211,302
SSP,5,113,7,26,18,35,91,212,303
SSP,5,114,7,27,18,36,92,213,305
SSP,5,115,7,28,18,36,93,216,309
SSP,5,116,7,28,18,36,93,218,311
SSP,5,117,7,28,20,36,94,218,312
SSP,5,118,8,29,20,35,94,221,315
SSP,5,119,8,29,20,35,94,223,317
SSP,5,120,8,29,20,35,94,223,317
SSP,5,121,8,29,20,35,95,223,318
SSP,5,122,8,29,20,35,95,227,322
SSP,5,123,8,29,21,35,96,228,324
SSP,5,124,8,29,21,36,97,228,325
SSP,5,125,8,29,21,37,98,229,327
SSP,5,126,8,29,21,37,99,229,328
SSP,5,127,9,30,21,37,101,232,333
SSP,5,128,9,30,22,37,101,234,335
SSP,5,129,9,30,22,37,101,237,338
SSP,5,130,9,30,22,37,101,239,340
SSP,5,131,9,30,22,37,101,240,341
SSP,5,132,9,30,23,37,103,240,343
SSP,5,133,9,30,23,38,104,240,344
SSP,5,134,9,30,23,38,104,242,346
SSP,5,135,9,30,23,38,106,244,350
SSP,5,136,9,30,23,38,107,245,352
SSP,5,137,9,30,23,38,108,247,355
SSP,5,138,9,30,23,38,109,251,360
SSP,5,139,9,30,23,38,109,254,363
SSP,5,140,9,30,23,38,109,254,363
SSP,5,141,9,30,23,38,109,255,364
SSP,5,142,10,31,23,38,112,257,369
SSP,5,143,10,31,24,38,112,261,373
SSP,5,144,10,31,25,39,114,261,375
SSP,5,145,10,31,27,40,115,263,378
SSP,5,146,10,31,27,40,116,264,380
SSP,5,147,10,31,28,40,117,267,384
SSP,5,148,10,31,28,40,117,267,384
SSP,5,149,10,31,28,40,118,267,385
SSP,5,150,10,31,28,40,118,269,387
SSP,5,151,10,31,29,40,119,272,391
SSP,5,152,10,31,31,40,119,273,392
SSP,5,153,11,32,31,39,119,275,394
SSP,5,154,11,32,32,39,119,277,396
SSP,5,155,11,32,33,39,121,280,401
SSP,5,156,11,33,33,39,122,280,402
SSP,5,157,11,33,33,40,123,282,405
SSP,5,158,11,33,34,40,123,284,407
SSP,5,159,11,33,35,40,123,285,408
SSP,5,160,12,34,35,39,124,286,410
SSP,5,161,12,34,35,39,125,287,412
SSP,5,162,12,34,35,39,125,287,412
SSP,5,163,13,35,35,38,126,291,417
SSP,5,164,13,35,35,38,126,292,418
SSP,5,165,13,35,35,38,126,293,419
SSP,5,166,13,35,35,38,128,294,422
SSP,5,167,13,35,35,38,130,296,426
SSP,5,168,13,35,35,38,130,297,427
SSP,5,169,13,35,35,38,130,299,429
SSP,5,170,13,35,35,38,130,300,430
SSP,5,171,13,35,35,38,131,300,431
SSP,5,172,13,35,35,38,131,303,434
SSP,5,173,13,35,35,38,132,305,437
SSP,5,174,13,36,35,38,132,306,438
SSP,5,175,13,37,35,38,132,309,441
SSP,5,176,13,37,35,38,133,311,444
SSP,5,177,13,37,35,38,134,311,445
SSP,5,178,13,37,35,39,137,312,449
SSP,5,179,13,37,35,39,138,316,454
SSP,5,180,13,37,35,39,138,319,457
SSP,5,181,13,37,35,39,138,321,459
SSP,5,182,13,37,35,39,138,321,459
SSP,5,183,13,37,35,39,140,322,462
SSP,5,184,13,37,35,39,140,325,465
SSP,5,185,13,37,35,39,140,327,467
SSP,5,186,13,37,35,39,140,327,467
SSP,5,187,13,37,35,40,141,330,471
SSP,5,188,14,38,35,39,142,332,474
SSP,5,189,14,38,35,40,143,333,476
SSP,5,190,14,38,35,41,145,334,479
SSP,5,191,14,39,35,41,146,335,481
SSP,5,192,14,39,35,42,148,335,483
SSP,5,193,14,39,35,42,148,338,486
SSP,5,194,14,39,35,42,149,338,487
SSP,5,195,14,39,35,42,151,338,489
SSP,5,196,14,39,35,42,152,339,491
SSP,5,197,15,40,35,41,152,339,491
SSP,5,198,16,41,35,41,155,342,497
SSP,5,199,16,41,35,41,156,343,499
SSP,5,200,16,41,35,41,157,345,502
SSP,5,201,16,41,35,41,158,346,504
SSP,5,202,16,41,35,41,159,347,506
SSP,5,203,16,41,35,41,162,348,510
SSP,5,204,16,41,35,41,162,350,512
SSP,5,205,16,41,35,41,163,350,513
SSP,5,206,16,41,35,41,164,351,515
SSP,5,207,16,41,35,41,166,351,517
SSP,5,208,16,41,35,41,166,351,517
SSP,5,209,16,41,35,41,166,355,521
SSP,5,210,16,41,35,41,166,356,522
SSP,5,211,16,41,35,41,167,357,524
SSP,5,212,16,41,35,41,167,358,525
SSP,5,213,16,41,36,41,167,359,526
SSP,5,214,16,41,36,41,168,360,528
SSP,5,215,16,41,36,41,168,361,529
SSP,5,216,16,41,36,41,169,363,532
SSP,5,217,16,41,36,41,170,363,533
SSP,5,218,16,41,36,41,171,364,535
SSP,5,219,16,41,36,41,171,366,537
SSP,5,220,16,41,36,41,172,368,540
SSP,5,221,16,41,36,41,172,369,541
SSP,5,222,16,41,37,41,173,374,547
SSP,5,223,16,41,37,41,174,376,550
SSP,5,224,16,41,37,41,174,377,551
SSP,5,225,16,41,37,42,175,379,554
SSP,5,226,16,41,37,42,175,379,554
SSP,5,227,16,41,37,42,175,380,555
SSP,5,228,16,41,37,42,176,381,557
SSP,5,229,16,41,37,42,177,383,560
SSP,5,230,16,42,37,42,177,386,563
SSP,5,231,16,42,37,42,177,387,564
SSP,5,232,16,42,37,42,177,387,564
SSP,5,233,16,42,37,43,180,387,567
SSP,5,234,16,42,37,43,181,389,570
SSP,5,235,16,42,37,44,185,390,575
SSP,5,236,16,42,37,44,187,391,578
SSP,5,237,16,42,37,44,188,393,581
SSP,5,238,16,42,37,44,189,395,584
SSP,5,239,16,42,37,44,189,396,585
SSP,5,240,16,42,37,44,190,397,587
SSP,5,241,16,42,37,44,190,397,587
SSP,5,242,16,42,37,44,191,397,588
SSP,5,243,16,42,37,44,192,398,590
SSP,5,244,16,42,37,45,193,398,591
SSP,5,245,16,42,38,45,193,399,592
SSP,5,246,16,43,38,45,193,399,592
SSP,5,247,16,43,38,45,193,399,592
SSP,5,248,16,43,38,45,194,403,597
SSP,5,249,19,46,38,42,195,404,599
SSP,5,250,19,46,38,42,195,405,600
SSP,5,251,19,46,38,42,195,406,601
SSP,5,252,19,46,38,42,197,407,604
SSP,5,253,19,46,38,42,197,408,605
SSP,5,254,19,46,38,42,198,409,607
SSP,5,255,19,46,38,42,199,411,610
SSP,5,256,19,46,38,42,200,411,611
SSP,5,257,19,46,38,42,201,413,614
SSP,5,258,19,46,38,42,201,414,615
SSP,5,259,20,47,38,41,203,415,618
SSP,5,260,20,47,38,41,204,415,619
SSP,5,261,20,47,38,41,206,415,621
SSP,5,262,20,47,38,41,208,419,627
SSP,5,263,20,47,38,41,208,420,628
SSP,5,264,20,47,38,41,209,421,630
SSP,5,265,20,47,38,41,209,422,631
SSP,5,266,20,47,38,41,210,424,634
SSP,5,267,20,47,38,41,211,424,635
SSP,5,268,20,47,38,41,212,425,637
SSP,5,269,20,47,38,41,212,427,639
SSP,5,270,20,47,38,41,213,427,640
SSP,5,271,20,47,38,41,214,428,642
SSP,5,272,20,48,38,41,214,428,642
SSP,5,273,20,48,38,41,214,428,642
SSP,5,274,20,48,38,41,215,433,648
SSP,5,275,20,48,38,41,216,433,649
SSP,5,276,20,48,38,41,216,434,650
SSP,5,277,20,48,38,41,216,435,651
SSP,5,278,20,48,38,41,217,435,652
SSP,5,279,21,49,38,40,218,435,653
SSP,5,280,21,49,38,40,220,437,657
SSP,5,281,21,49,38,40,221,439,660
SSP,5,282,21,49,38,40,221,441,662
SSP,5,283,21,49,38,40,221,441,662
SSP,5,284,21,49,38,40,221,444,665
SSP,5,285,21,49,38,40,222,447,669
SSP,5,286,21,49,38,40,223,449,672
SSP,5,287,21,50,38,40,223,450,673
SSP,5,288,21,50,38,40,224,453,677
SSP,5,289,21,50,38,40,224,453,677
SSP,5,290,21,50,38,40,224,453,677
SSP,5,291,21,50,38,40,225,454,679
SSP,5,292,21,50,38,40,226,457,683
SSP,5,293,21,50,38,40,226,458,684
SSP,5,294,21,50,38,40,226,458,684
SSP,5,295,21,50,38,40,228,460,688
SSP,5,296,21,50,38,40,231,461,692
SSP,5,297,21,50,38,40,231,461,692
SSP,5,298,21,50,38,40,231,462,693
SSP,5,299,21,50,38,40,232,463,695
SSP,5,300,21,50,38,40,234,463,697
SSP,5,301,21,50,38,40,234,464,698
SSP,5,302,21,50,38,40,235,466,701
SSP,5,303,21,50,38,40,236,468,704
SSP,5,304,22,51,38,39,237,469,706
SSP,5,305,22,51,38,39,238,470,708
SSP,5,306,22,51,38,40,239,470,709
SSP,5,307,22,51,38,40,240,472,712
SSP,5,308,24,53,39,38,241,473,714
SSP,5,309,24,53,40,38,242,473,715
SSP,5,310,24,53,40,38,242,473,715
SSP,5,311,24,53,40,38,242,473,715
SSP,5,312,24,53,40,38,243,474,717
SSP,5,313,24,54,40,38,245,474,719
SSP,5,314,24,54,40,38,246,474,720
SSP,5,315,24,54,40,38,246,475,721
SSP,5,316,24,54,40,38,246,475,721
SSP,5,317,25,55,41,37,248,478,726
SSP,5,318,25,55,42,37,249,478,727
SSP,5,319,25,55,42,37,249,479,728
SSP,5,320,26,56,42,36,249,480,729
SSP,5,321,26,56,42,36,249,480,729
SSP,5,322,26,56,42,36,250,481,731
SSP,5,323,26,56,42,36,250,483,733
SSP,5,324,26,56,42,36,250,483,733
SSP,5,325,26,56,42,36,251,485,736
SSP,5,326,26,56,42,36,251,486,737
SSP,5,327,26,56,42,36,251,489,740
SSP,5,328,26,56,42,36,251,489,740
SSP,5,329,26,56,43,36,251,491,742
SSP,5,330,26,56,44,36,251,491,742
SSP,5,331,27,57,44,35,252,491,743
SSP,5,332,27,57,44,35,252,491,743
SSP,5,333,27,57,44,35,254,492,746
SSP,5,334,27,57,44,35,254,492,746
SSP,5,335,27,57,44,35,255,493,748
SSP,5,336,27,57,44,35,255,494,749
SSP,5,337,27,57,44,35,258,496,754
SSP,5,338,27,57,44,35,258,496,754
SSP,5,339,27,57,44,35,260,497,757
SSP,5,340,27,57,44,35,261,499,760
SSP,5,341,27,57,44,35,262,500,762
SSP,5,342,27,57,44,35,262,501,763
SSP,5,343,27,57,44,35,262,503,765
SSP,5,344,27,57,44,35,263,505,768
SSP,5,345,27,57,44,35,264,506,770
SSP,5,346,27,57,44,35,264,509,773
SSP,5,347,27,57,44,35,264,511,775
SSP,5,348,27,57,44,35,264,511,775
SSP,5,349,27,57,45,35,264,513,777
SSP,5,350,27,57,45,35,265,513,778
SSP,5,351,27,57,45,35,266,513,779
SSP,5,352,27,57,45,35,266,513,779
SSP,5,353,27,57,45,35,266,513,779
SSP,5,354,27,57,45,35,266,515,781
SSP,5,355,27,57,45,35,267,516,783
SSP,5,356,27,57,45,35,267,519,786
SSP,5,357,27,57,45,35,268,520,788
SSP,5,358,27,57,45,35,270,523,793
SSP,5,359,27,57,45,35,271,524,795
SSP,5,360,27,57,45,35,271,524,795
SSP,5,361,27,57,45,35,271,524,795
SSP,5,362,27,57,45,35,272,525,797
SSP,5,363,27,57,45,35,273,526,799
SSP,5,364,27,57,45,35,274,527,801
SSP,5,365,28,58,45,34,274,528,802
SSP,5,366,29,59,45,33,275,528,803
SSP,5,367,29,59,45,33,276,529,805
SSP,5,368,29,59,45,33,276,532,808
SSP,5,369,29,59,45,34,280,533,813
SSP,5,370,29,59,45,34,281,533,814
SSP,5,371,29,59,45,34,282,533,815
SSP,5,372,29,59,45,34,282,535,817
SSP,5,373,29,59,45,34,283,536,819
SSP,5,374,29,59,45,34,283,536,819
SSP,5,375,29,59,45,34,285,536,821
SSP,5,376,29,59,45,34,285,537,822
SSP,5,377,29,59,45,34,285,538,823
SSP,5,378,29,59,45,34,285,539,824
SSP,5,379,29,59,45,34,286,539,825
SSP,5,380,29,59,45,34,286,540,826
SSP,5,381,29,59,45,34,287,541,828
SSP,5,382,29,59,45,34,287,542,829
SSP,5,383,29,59,45,34,288,542,830
SSP,5,384,29,59,45,34,289,543,832
SSP,5,385,29,59,45,34,289,543,832
SSP,5,386,30,60,45,33,291,545,836
SSP,5,387,30,60,46,33,291,547,838
SSP,5,388,30,60,46,33,292,549,841
SSP,5,389,30,61,46,33,292,549,841
SSP,5,390,31,62,46,32,292,552,844
SSP,5,391,31,62,46,32,292,553,845
SSP,5,392,31,62,46,32,292,554,846
SSP,5,393,31,62,46,32,292,555,847
SSP,5,394,31,62,46,32,293,557,850
SSP,5,395,31,62,46,32,294,557,851
SSP,5,396,31,62,46,32,294,560,854
SSP,5,397,31,62,46,32,294,561,855
SSP,5,398,31,62,46,32,295,562,857
SSP,5,399,31,62,46,32,295,563,858
SSP,5,400,31,62,46,32,295,563,858
SSP,5,401,31,62,46,32,296,563,859
SSP,5,402,31,62,46,32,297,564,861
SSP,5,403,31,62,46,32,297,566,863
SSP,5,404,31,62,46,32,297,566,863
SSP,5,405,31,62,46,32,297,566,863
SSP,5,406,31,62,46,32,297,567,864
SSP,5,407,32,63,46,31,297,567,864
SSP,5,408,32,63,46,31,297,569,866
SSP,5,409,32,63,47,32,299,573,872
SSP,5,410,32,63,47,33,301,575,876
SSP,5,411,32,63,48,33,301,576,877
SSP,5,412,32,63,49,33,301,578,879
SSP,5,413,32,63,49,33,301,578,879
SSP,5,414,32,63,49,33,301,579,880
SSP,5,415,32,63,49,33,301,581,882
SSP,5,416,32,63,49,33,302,583,885
SSP,5,417,33,64,49,32,303,585,888
SSP,5,418,33,64,49,32,303,586,889
SSP,5,419,33,64,49,32,303,586,889
SSP,5,420,33,64,49,32,303,586,889
SSP,5,421,33,64,49,32,303,586,889
SSP,5,422,33,64,49,32,304,588,892
SSP,5,423,33,64,49,32,304,590,894
SSP,5,424,33,64,49,32,304,590,894
SSP,5,425,33,64,49,32,305,591,896
SSP,5,426,33,64,49,32,305,591,896
SSP,5,427,33,64,49,32,306,591,897
SSP,5,428,33,64,49,32,306,592,898
SSP,5,429,33,64,49,32,308,592,900
SSP,5,430,33,64,49,32,308,596,904
SSP,5,431,34,65,49,31,308,596,904
SSP,5,432,35,66,49,30,308,599,907
SSP,5,433,35,66,49,30,309,599,908
SSP,5,434,35,66,50,30,309,601,910
SSP,5,435,36,67,50,29,310,603,913
SSP,5,436,36,67,50,29,311,605,916
SSP,5,437,36,67,50,29,311,605,916
SSP,5,438,36,67,50,29,311,607,918
SSP,5,439,36,67,50,29,312,608,920
SSP,5,440,36,67,50,29,313,608,921
SSP,5,441,36,67,50,29,313,609,922
SSP,5,442,36,67,50,29,313,610,923
SSP,5,443,36,67,50,29,313,610,923
SSP,5,444,36,67,50,29,313,612,925
SSP,5,445,36,68,50,29,313,613,926
SSP,5,446,36,68,50,29,315,614,929
SSP,5,447,36,68,50,29,315,614,929
SSP,5,448,36,68,50,29,315,615,930
SSP,5,449,36,68,50,29,316,615,931
SSP,5,450,36,68,50,29,316,616,932
SSP,5,451,36,68,50,29,316,616,932
SSP,5,452,36,68,50,29,316,619,935
SSP,5,453,36,68,50,29,317,619,936
SSP,5,454,36,68,50,29,317,619,936
SSP,5,455,36,68,50,29,318,622,940
SSP,5,456,36,68,50,29,318,622,940
SSP,5,457,36,68,50,29,319,624,943
SSP,5,458,36,68,50,29,319,624,943
SSP,5,459,36,68,50,29,319,624,943
SSP,5,460,36,68,50,29,321,626,947
SSP,5,461,36,68,50,29,322,626,948
SSP,5,462,36,68,50,29,322,627,949
SSP,5,463,36,68,50,29,323,627,950
SSP,5,464,36,68,50,29,324,627,951
SSP,5,465,36,68,50,29,325,628,953
SSP,5,466,36,68,50,29,326,628,954
SSP,5,467,36,68,50,29,326,629,955
SSP,5,468,36,68,50,29,327,630,957
SSP,5,469,36,68,51,29,328,630,958
SSP,5,470,36,68,51,29,328,632,960
SSP,5,471,36,68,51,29,329,633,962
SSP,5,472,36,68,51,29,329,633,962
SSP,5,473,37,69,51,28,330,633,963
SSP,5,474,37,69,51,28,330,633,963
SSP,5,475,37,69,52,28,330,634,964
SSP,5,476,37,69,53,28,331,636,967
SSP,5,477,38,70,53,27,331,637,968
SSP,5,478,39,71,53,26,331,638,969
SSP,5,479,39,71,53,26,331,639,970
SSP,5,480,39,71,53,26,332,639,971
SSP,5,481,39,71,53,26,332,639,971
SSP,5,482,39,71,53,26,333,639,972
SSP,5,483,39,71,53,26,334,641,975
SSP,5,484,39,71,53,26,334,642,976
SSP,5,485,39,71,53,26,334,642,976
SSP,5,486,39,71,53,26,334,643,977
SSP,5,487,39,71,53,26,335,644,979
SSP,5,488,39,71,54,26,335,645,980
SSP,5,489,39,71,54,26,336,645,981
SSP,5,490,39,71,55,26,336,647,983
SSP,5,491,39,71,56,26,336,647,983
SSP,5,492,39,71,56,26,337,647,984
SSP,5,493,39,71,56,26,338,647,985
SSP,5,494,40,72,56,25,340,648,988
SSP,5,495,40,72,56,25,340,648,988
SSP,5,496,40,72,56,25,340,648,988
SSP,5,497,40,72,56,25,341,650,991
SSP,5,498,40,72,56,25,341,651,992
SSP,5,499,40,72,56,25,341,652,993
SSP,6,0,0,1,1,11,0,0,0
SSP,6,1,0,4,3,11,0,1,1
SSP,6,2,0,6,4,11,0,2,2
SSP,6,3,0,6,4,11,0,2,2
SSP,6,4,0,6,4,11,0,3,3
SSP,6,5,0,6,4,11,0,3,3
SSP,6,6,0,6,4,11,0,4,4
SSP,6,7,0,6,4,11,0,7,7
SSP,6,8,0,7,4,11,0,8,8
SSP,6,9,0,7,4,11,0,10,10
SSP,6,10,0,7,4,11,0,10,10
SSP,6,11,0,7,4,11,0,13,13
SSP,6,12,0,7,4,11,0,16,16
SSP,6,13,0,7,4,11,0,16,16
SSP,6,14,0,7,4,11,0,19,19
SSP,6,15,0,7,4,11,0,24,24
SSP,6,16,0,7,4,11,0,24,24
SSP,6,17,0,7,4,11,1,24,25
SSP,6,18,0,7,4,11,1,25,26
SSP,6,19,0,7,4,11,2,27,29
SSP,6,20,0,7,4,11,4,29,33
SSP,6,21,0,7,5,11,5,33,38
SSP,6,22,0,8,5,12,6,35,41
SSP,6,23,0,8,5,12,6,38,44
SSP,6,24,0,8,5,13,8,40,48
SSP,6,25,0,8,5,13,9,41,50
SSP,6,26,0,8,6,13,9,41,50
SSP,6,27,0,8,6,14,10,41,51
SSP,6,28,0,9,6,15,12,45,57
SSP,6,29,0,9,6,15,12,45,57
SSP,6,30,0,9,6,17,15,45,60
SSP,6,31,0,9,6,18,16,46,62
SSP,6,32,1,10,6,17,17,51,68
SSP,6,33,1,10,6,18,18,55,73
SSP,6,34,1,10,6,18,19,57,76
SSP,6,35,1,10,6,19,21,57,78
SSP,6,36,1,10,6,20,22,57,79
SSP,6,37,1,10,6,21,23,57,80
SSP,6,38,1,10,6,22,24,58,82
SSP,6,39,1,10,6,22,25,60,85
SSP,6,40,1,10,6,22,25,63,88
SSP,6,41,1,10,6,23,26,64,90
SSP,6,42,1,10,6,23,26,67,93
SSP,6,43,1,11,7,23,26,69,95
SSP,6,44,1,11,8,23,28,70,98
SSP,6,45,1,11,9,24,31,72,103
SSP,6,46,1,11,9,26,34,73,107
SSP,6,47,1,11,9,27,37,76,113
SSP,6,48,2,12,9,26,37,79,116
SSP,6,49,2,12,9,26,37,79,116
SSP,6,50,2,12,9,27,40,81,121
SSP,6,51,2,12,9,28,41,82,123
SSP,6,52,2,12,9,28,41,84,125
SSP,6,53,2,12,9,28,41,86,127
SSP,6,54,2,13,9,28,42,90,132
SSP,6,55,2,13,9,28,42,90,132
SSP,6,56,2,13,9,28,42,91,133
SSP,6,57,2,13,9,29,44,93,137
SSP,6,58,2,13,9,29,44,93,137
SSP,6,59,2,13,10,29,45,94,139
SSP,6,60,2,13,10,29,45,97,142
SSP,6,61,2,13,10,30,47,98,145
SSP,6,62,2,13,10,30,47,98,145
SSP,6,63,2,13,10,31,48,99,147
SSP,6,64,2,13,10,31,50,99,149
SSP,6,65,2,13,10,31,50,103,153
SSP,6,66,2,13,10,31,50,107,157
SSP,6,67,2,13,10,31,51,108,159
SSP,6,68,2,14,10,32,53,110,163
SSP,6,69,2,14,10,32,55,112,167
SSP,6,70,2,14,10,32,55,115,170
SSP,6,71,2,14,10,33,57,117,174
SSP,6,72,2,14,10,34,58,118,176
SSP,6,73,3,15,10,33,59,118,177
SSP,6,74,3,15,10,33,60,124,184
SSP,6,75,3,15,10,33,61,125,186
SSP,6,76,3,15,10,34,62,125,187
SSP,6,77,3,15,10,34,63,129,192
SSP,6,78,3,15,10,36,65,129,194
SSP,6,79,3,17,10,36,66,133,199
SSP,6,80,3,17,11,38,68,135,203
SSP,6,81,3,17,13,38,70,135,205
SSP,6,82,4,18,13,37,70,136,206
SSP,6,83,4,18,14,37,70,138,208
SSP,6,84,4,18,15,37,72,139,211
SSP,6,85,4,19,15,37,73,143,216
SSP,6,86,4,19,15,37,73,145,218
SSP,6,87,4,19,15,37,75,146,221
SSP,6,88,4,19,15,37,75,147,222
SSP,6,89,4,19,15,38,77,147,224
SSP,6,90,4,19,15,38,78,148,226
SSP,6,91,4,19,15,38,78,150,228
SSP,6,92,4,19,15,39,79,150,229
SSP,6,93,4,19,15,39,81,152,233
SSP,6,94,5,20,15,38,82,152,234
SSP,6,95,5,20,15,39,83,152,235
SSP,6,96,5,20,15,40,84,154,238
SSP,6,97,5,20,15,43,87,157,244
SSP,6,98,5,21,15,43,87,162,249
SSP,6,99,5,21,16,43,87,162,249
SSP,6,100,5,21,16,43,89,163,252
SSP,6,101,5,21,17,43,89,164,253
SSP,6,102,6,22,17,42,89,165,254
SSP,6,103,6,22,17,42,90,170,260
SSP,6,104,6,22,17,42,91,176,267
SSP,6,105,6,22,17,42,91,177,268
SSP,6,106,6,23,17,42,91,179,270
SSP,6,107,6,23,17,42,91,180,271
SSP,6,108,6,23,17,42,92,181,273
SSP,6,109,6,23,17,42,92,182,274
SSP,6,110,6,23,17,42,92,183,275
SSP,6,111,6,23,17,42,92,183,275
SSP,6,112,6,23,17,42,93,185,278
SSP,6,113,6,23,18,42,93,188,281
SSP,6,114,7,24,20,42,95,190,285
SSP,6,115,7,24,21,42,95,192,287
SSP,6,116,7,24,21,42,97,197,294
SSP,6,117,7,24,21,42,99,200,299
SSP,6,118,7,24,21,42,99,200,299
SSP,6,119,7,24,21,42,101,201,302
SSP,6,120,7,24,21,43,103,203,306
SSP,6,121,7,24,21,44,105,204,309
SSP,6,122,7,24,21,44,106,205,311
SSP,6,123,7,24,21,44,107,205,312
SSP,6,124,7,24,21,44,107,206,313
SSP,6,125,7,24,21,44,109,208,317
SSP,6,126,7,24,21,45,110,209,319
SSP,6,127,7,24,22,46,111,211,322
SSP,6,128,7,24,23,46,112,213,325
SSP,6,129,7,25,23,46,112,214,326
SSP,6,130,7,25,23,46,113,215,328
SSP,6,131,7,25,24,46,113,216,329
SSP,6,132,7,25,24,46,114,218,332
SSP,6,133,7,25,24,46,115,221,336
SSP,6,134,8,26,24,45,116,221,337
SSP,6,135,9,28,24,44,116,222,338
SSP,6,136,9,28,24,44,117,223,340
SSP,6,137,9,28,24,44,117,223,340
SSP,6,138,10,29,24,43,120,225,345
SSP,6,139,10,29,24,43,122,225,347
SSP,6,140,10,29,24,43,122,225,347
SSP,6,141,10,29,24,43,122,226,348
SSP,6,142,10,29,25,44,124,228,352
SSP,6,143,10,30,25,44,124,231,355
SSP,6,144,10,30,25,44,124,233,357
SSP,6,145,10,30,25,44,125,237,362
SSP,6,146,10,30,25,44,125,239,364
SSP,6,147,11,31,25,43,125,240,365
SSP,6,148,11,31,25,43,125,241,366
SSP,6,149,11,31,25,43,126,242,368
SSP,6,150,11,31,25,43,126,243,369
SSP,6,151,11,31,26,43,126,243,369
SSP,6,152,11,31,26,43,127,244,371
SSP,6,153,11,31,26,43,129,244,373
SSP,6,154,11,31,26,43,129,245,374
SSP,6,155,11,31,26,43,129,248,377
SSP,6,156,11,31,26,43,130,250,380
SSP,6,157,11,31,26,43,130,251,381
SSP,6,158,11,31,26,43,131,254,385
SSP,6,159,12,32,26,42,131,256,387
SSP,6,160,12,32,26,42,131,258,389
SSP,6,161,12,32,26,42,132,260,392
SSP,6,162,12,32,26,42,132,262,394
SSP,6,163,12,32,26,42,133,263,396
SSP,6,164,13,33,26,41,134,266,400
SSP,6,165,13,33,26,42,136,269,405
SSP,6,166,13,33,26,42,137,271,408
SSP,6,167,13,33,26,42,138,274,412
SSP,6,168,13,33,26,42,138,277,415
SSP,6,169,13,33,26,42,138,278,416
SSP,6,170,13,33,26,42,138,279,417
SSP,6,171,13,33,26,42,138,281,419
SSP,6,172,13,33,26,42,140,281,421
SSP,6,173,13,33,26,42,140,283,423
SSP,6,174,14,34,26,41,140,286,426
SSP,6,175,14,34,26,41,140,287,427
SSP,6,176,14,34,26,41,140,288,428
SSP,6,177,14,34,26,41,143,289,432
SSP,6,178,14,34,26,41,143,289,432
SSP,6,179,14,34,26,42,144,291,435
SSP,6,180,14,34,26,42,144,291,435
SSP,6,181,14,35,26,42,144,293,437
SSP,6,182,14,35,26,42,144,297,441
SSP,6,183,14,36,26,42,145,298,443
SSP,6,184,14,36,26,43,148,300,448
SSP,6,185,15,37,26,42,148,301,449
SSP,6,186,15,37,26,42,149,301,450
SSP,6,187,15,37,27,42,149,303,452
SSP,6,188,15,37,27,42,151,305,456
SSP,6,189,16,38,27,41,151,308,459
SSP,6,190,17,39,27,40,151,310,461
SSP,6,191,17,39,27,40,151,313,464
SSP,6,192,18,40,27,39,151,315,466
SSP,6,193,18,40,27,39,151,316,467
SSP,6,194,18,40,27,39,151,318,469
SSP,6,195,18,40,27,39,152,318,470
SSP,6,196,18,40,27,39,153,319,472
SSP,6,197,18,40,27,39,153,319,472
SSP,6,198,18,40,27,39,154,321,475
SSP,6,199,18,40,27,40,155,322,477
SSP,6,200,18,40,27,40,155,323,478
SSP,6,201,18,40,27,40,156,324,480
SSP,6,202,18,40,27,41,158,327,485
SSP,6,203,18,41,27,41,159,329,488
SSP,6,204,18,41,27,41,159,331,490
SSP,6,205,18,41,27,41,159,334,493
SSP,6,206,18,41,27,41,159,334,493
SSP,6,207,18,41,27,41,159,335,494
SSP,6,208,18,41,29,41,159,337,496
SSP,6,209,19,42,29,40,160,338,498
SSP,6,210,19,42,29,40,160,339,499
SSP,6,211,19,42,29,40,160,340,500
SSP,6,212,19,42,29,40,160,340,500
SSP,6,213,19,42,29,40,160,342,502
SSP,6,214,19,43,29,41,161,342,503
SSP,6,215,19,43,29,41,161,343,504
SSP,6,216,19,43,29,42,162,345,507
SSP,6,217,19,43,29,42,162,348,510
SSP,6,218,19,43,29,42,163,348,511
SSP,6,219,19,43,29,42,163,348,511
SSP,6,220,19,43,29,43,165,349,514
SSP,6,221,19,43,29,43,165,351,516
SSP,6,222,20,44,29,42,167,352,519
SSP,6,223,20,44,29,42,168,354,522
SSP,6,224,20,44,29,42,168,354,522
SSP,6,225,20,44,29,42,170,355,525
SSP,6,226,20,44,29,42,170,356,526
SSP,6,227,20,45,29,42,171,359,530
SSP,6,228,20,45,29,42,171,359,530
SSP,6,229,20,45,29,42,172,361,533
SSP,6,230,20,45,29,42,172,361,533
SSP,6,231,20,45,29,42,172,362,534
SSP,6,232,20,45,29,42,173,363,536
SSP,6,233,20,45,29,42,173,366,539
SSP,6,234,20,45,29,42,176,366,542
SSP,6,235,20,45,29,42,176,367,543
SSP,6,236,20,45,29,42,176,369,545
SSP,6,237,20,45,29,42,176,369,545
SSP,6,238,20,45,29,42,176,373,549
SSP,6,239,20,45,29,42,176,375,551
SSP,6,240,20,45,29,42,176,376,552
SSP,6,241,20,45,29,42,177,378,555
SSP,6,242,20,45,29,42,177,378,555
SSP,6,243,20,45,29,42,177,379,556
SSP,6,244,20,45,29,42,177,382,559
SSP,6,245,21,46,29,41,177,383,560
SSP,6,246,21,46,29,41,178,385,563
SSP,6,247,21,46,29,41,179,386,565
SSP,6,248,21,46,29,41,179,387,566
SSP,6,249,21,46,29,41,180,388,568
SSP,6,250,21,46,29,41,181,390,571
SSP,6,251,21,46,29,41,181,391,572
SSP,6,252,21,46,29,41,182,392,574
SSP,6,253,21,46,29,41,183,392,575
SSP,6,254,21,46,29,41,183,393,576
SSP,6,255,21,46,30,41,183,395,578
SSP,6,256,21,46,30,41,184,396,580
SSP,6,257,21,46,30,41,184,399,583
SSP,6,258,21,47,30,41,185,400,585
SSP,6,259,21,47,30,41,186,401,587
SSP,6,260,21,47,30,42,187,401,588
SSP,6,261,21,47,30,42,187,403,590
SSP,6,262,21,47,30,42,188,403,591
SSP,6,263,21,47,30,42,188,405,593
SSP,6,264,21,47,30,42,188,406,594
SSP,6,265,21,47,30,42,188,408,596
SSP,6,266,21,47,30,42,189,409,598
SSP,6,267,21,47,30,42,190,409,599
SSP,6,268,21,47,30,42,191,410,601
SSP,6,269,21,47,30,42,192,411,603
SSP,6,270,21,47,30,42,193,412,605
SSP,6,271,21,47,30,42,194,412,606
SSP,6,272,21,47,32,42,195,413,608
SSP,6,273,21,47,33,43,196,413,609
SSP,6,274,22,48,33,42,196,414,610
SSP,6,275,22,48,33,42,196,416,612
SSP,6,276,22,48,33,42,196,418,614
SSP,6,277,22,48,33,42,197,420,617
SSP,6,278,22,48,33,42,198,420,618
SSP,6,279,22,48,33,42,199,420,619
SSP,6,280,22,48,33,42,201,421,622
SSP,6,281,23,49,33,41,203,422,625
SSP,6,282,23,49,34,41,203,424,627
SSP,6,283,24,51,34,40,204,426,630
SSP,6,284,24,51,34,40,204,426,630
SSP,6,285,24,51,34,40,204,426,630
SSP,6,286,24,51,34,40,205,426,631
SSP,6,287,24,51,34,40,205,427,632
SSP,6,288,24,51,34,40,206,429,635
SSP,6,289,25,52,34,39,207,431,638
SSP,6,290,25,52,34,39,207,431,638
SSP,6,291,25,52,34,39,207,433,640
SSP,6,292,25,52,34,39,210,434,644
SSP,6,293,25,52,34,39,210,434,644
SSP,6,294,26,53,34,38,211,435,646
SSP,6,295,26,53,34,38,212,437,649
SSP,6,296,27,54,34,37,212,438,650
SSP,6,297,27,54,34,37,213,439,652
SSP,6,298,27,54,34,37,213,439,652
SSP,6,299,27,54,34,37,214,439,653
SSP,6,300,27,54,34,37,216,440,656
SSP,6,301,27,54,34,37,216,441,657
SSP,6,302,27,54,34,37,216,441,657
SSP,6,303,27,54,35,37,217,442,659
SSP,6,304,28,55,35,36,217,442,659
SSP,6,305,28,55,35,36,217,442,659
SSP,6,306,28,55,35,37,220,445,665
SSP,6,307,28,55,35,37,221,446,667
SSP,6,308,28,55,35,37,222,446,668
SSP,6,309,28,55,35,37,222,447,669
SSP,6,310,28,55,35,37,222,449,671
SSP,6,311,28,55,35,37,223,449,672
SSP,6,312,28,55,35,37,226,449,675
SSP,6,313,28,55,35,37,227,450,677
SSP,6,314,28,55,35,37,228,451,679
SSP,6,315,28,55,36,37,228,452,680
SSP,6,316,29,56,36,36,229,455,684
SSP,6,317,29,56,36,36,229,457,686
SSP,6,318,30,57,36,35,229,460,689
SSP,6,319,30,57,36,35,229,460,689
SSP,6,320,30,57,36,35,230,460,690
SSP,6,321,30,57,36,35,230,461,691
SSP,6,322,30,57,36,35,230,461,691
SSP,6,323,30,57,36,35,231,461,692
SSP,6,324,30,57,36,35,231,461,692
SSP,6,325,30,57,36,35,231,462,693
SSP,6,326,30,57,36,35,232,464,696
SSP,6,327,30,57,36,35,233,465,698
SSP,6,328,30,57,36,35,233,465,698
SSP,6,329,30,57,36,36,235,469,704
SSP,6,330,30,57,36,36,235,469,704
SSP,6,331,30,57,36,36,235,469,704
SSP,6,332,30,57,36,36,235,470,705
SSP,6,333,30,57,36,36,236,470,706
SSP,6,334,30,57,36,36,236,470,706
SSP,6,335,30,57,36,36,236,471,707
SSP,6,336,31,58,37,35,236,473,709
SSP,6,337,32,59,37,34,237,474,711
SSP,6,338,32,59,37,34,237,477,714
SSP,6,339,32,59,37,34,238,478,716
SSP,6,340,32,59,37,34,238,481,719
SSP,6,341,32,59,37,34,240,482,722
SSP,6,342,32,59,37,34,241,482,723
SSP,6,343,32,59,37,34,242,482,724
SSP,6,344,32,59,37,34,242,484,726
SSP,6,345,32,59,37,34,242,486,728
SSP,6,346,32,59,37,34,243,487,730
SSP,6,347,32,59,37,34,243,490,733
SSP,6,348,32,59,37,34,244,490,734
SSP,6,349,32,59,37,34,244,490,734
SSP,6,350,32,59,37,34,245,492,737
SSP,6,351,32,59,37,34,246,492,738
SSP,6,352,32,59,37,34,247,492,739
SSP,6,353,32,59,37,34,247,493,740
SSP,6,354,32,59,37,34,247,493,740
SSP,6,355,32,59,37,34,250,493,743
SSP,6,356,32,59,38,34,251,494,745
SSP,6,357,32,59,38,34,251,494,745
SSP,6,358,33,60,39,33,252,497,749
SSP,6,359,33,60,39,33,253,499,752
SSP,6,360,33,60,39,33,253,499,752
SSP,6,361,33,60,39,34,255,501,756
SSP,6,362,33,60,39,34,256,502,758
SSP,6,363,33,60,39,34,256,502,758
SSP,6,364,33,60,39,34,256,502,758
SSP,6,365,33,60,39,34,257,502,759
SSP,6,366,33,60,39,34,257,503,760
SSP,6,367,33,60,39,34,257,504,761
SSP,6,368,33,60,39,34,257,505,762
SSP,6,369,33,60,39,34,258,507,765
SSP,6,370,33,60,39,34,258,509,767
SSP,6,371,33,60,39,34,258,512,770
SSP,6,372,33,60,39,34,259,514,773
SSP,6,373,34,61,39,33,259,515,774
SSP,6,374,34,61,39,33,260,515,775
SSP,6,375,34,61,39,33,260,515,775
SSP,6,376,34,61,39,33,260,515,775
SSP,6,377,34,61,39,33,262,516,778
SSP,6,378,34,61,39,33,262,518,780
SSP,6,379,34,61,39,33,263,518,781
SSP,6,380,34,61,39,33,263,520,783
SSP,6,381,35,63,39,32,263,523,786
SSP,6,382,35,63,39,32,263,523,786
SSP,6,383,35,63,39,32,263,524,787
SSP,6,384,36,64,39,31,263,526,789
SSP,6,385,36,64,39,31,263,528,791
SSP,6,386,36,64,40,31,264,530,794
SSP,6,387,36,64,40,31,265,531,796
SSP,6,388,36,64,40,31,267,531,798
SSP,6,389,36,64,40,31,267,531,798
SSP,6,390,36,64,40,31,267,532,799
SSP,6,391,36,64,40,31,268,532,800
SSP,6,392,36,64,40,31,268,533,801
SSP,6,393,36,64,40,31,269,534,803
SSP,6,394,36,64,40,31,269,536,805
SSP,6,395,36,64,41,31,270,537,807
SSP,6,396,36,64,41,31,270,537,807
SSP,6,397,36,64,41,31,270,540,810
SSP,6,398,36,64,42,31,271,542,813
SSP,6,399,36,64,42,31,271,543,814
SSP,6,400,36,64,43,31,271,543,814
SSP,6,401,36,64,43,31,271,543,814
SSP,6,402,36,64,43,31,271,543,814
SSP,6,403,36,64,43,31,271,545,816
SSP,6,404,36,64,43,31,271,545,816
SSP,6,405,36,64,43,31,271,546,817
SSP,6,406,36,64,43,31,271,546,817
SSP,6,407,36,64,43,31,272,547,819
SSP,6,408,36,64,43,31,272,547,819
SSP,6,409,36,64,45,31,272,548,820
SSP,6,410,36,64,45,31,273,549,822
SSP,6,411,36,64,45,31,275,549,824
SSP,6,412,36,64,45,31,275,550,825
SSP,6,413,36,64,45,31,275,550,825
SSP,6,414,36,64,45,31,276,551,827
SSP,6,415,36,64,45,31,276,555,831
SSP,6,416,36,64,45,31,276,556,832
SSP,6,417,36,64,46,31,276,557,833
SSP,6,418,36,64,46,31,276,557,833
SSP,6,419,36,64,46,31,277,558,835
SSP,6,420,36,64,47,31,277,560,837
SSP,6,421,36,64,47,31,278,561,839
SSP,6,422,36,64,48,31,278,561,839
SSP,6,423,36,64,48,31,278,561,839
SSP,6,424,36,64,48,31,279,562,841
SSP,6,425,36,64,48,31,279,565,844
SSP,6,426,36,64,48,31,279,565,844
SSP,6,427,36,64,48,31,279,567,846
SSP,6,428,36,64,48,31,279,568,847
SSP,6,429,36,64,48,31,279,568,847
SSP,6,430,36,64,48,31,279,569,848
SSP,6,431,36,64,48,31,279,570,849
SSP,6,432,36,64,48,31,279,573,852
SSP,6,433,37,65,49,30,281,575,856
SSP,6,434,37,65,49,30,281,575,856
SSP,6,435,37,65,49,30,282,575,857
SSP,6,436,37,65,49,30,282,576,858
SSP,6,437,37,65,49,31,283,576,859
SSP,6,438,37,65,49,31,283,576,859
SSP,6,439,37,65,49,31,283,577,860
SSP,6,440,37,65,49,31,283,577,860
SSP,6,441,37,65,49,31,284,578,862
SSP,6,442,37,65,49,31,285,578,863
SSP,6,443,37,65,50,31,285,579,864
SSP,6,444,37,65,50,31,285,581,866
SSP,6,445,38,66,50,30,286,582,868
SSP,6,446,38,66,50,30,288,582,870
SSP,6,447,38,66,50,30,288,582,870
SSP,6,448,38,66,50,30,289,582,871
SSP,6,449,38,66,50,30,289,584,873
SSP,6,450,38,66,50,30,290,585,875
SSP,6,451,38,66,50,30,290,586,876
SSP,6,452,38,66,50,30,291,586,877
SSP,6,453,39,67,50,29,292,588,880
SSP,6,454,39,67,50,29,292,588,880
SSP,6,455,39,67,50,29,292,589,881
SSP,6,456,39,67,50,29,292,589,881
SSP,6,457,39,67,51,29,292,592,884
SSP,6,458,39,67,52,29,292,595,887
SSP,6,459,40,68,52,28,292,595,887
SSP,6,460,40,68,52,28,292,596,888
SSP,6,461,40,68,52,28,292,597,889
SSP,6,462,40,68,52,28,292,598,890
SSP,6,463,40,68,52,28,293,598,891
SSP,6,464,40,68,52,28,294,598,892
SSP,6,465,40,68,52,28,294,598,892
SSP,6,466,40,68,52,28,295,599,894
SSP,6,467,40,68,52,28,295,599,894
SSP,6,468,40,68,52,28,295,600,895
SSP,6,469,40,68,52,28,295,600,895
SSP,6,470,40,68,52,28,297,601,898
SSP,6,471,40,68,52,28,298,602,900
SSP,6,472,40,68,52,28,299,602,901
SSP,6,473,40,68,52,28,299,602,901
SSP,6,474,40,68,52,28,300,602,902
SSP,6,475,40,68,52,28,300,603,903
SSP,6,476,40,68,52,28,300,603,903
SSP,6,477,40,68,52,28,300,603,903
SSP,6,478,40,68,52,28,300,603,903
SSP,6,479,40,68,52,28,301,603,904
SSP,6,480,40,68,52,28,301,604,905
SSP,6,481,40,68,52,28,301,604,905
SSP,6,482,40,68,52,28,302,605,907
SSP,6,483,40,69,52,28,302,607,909
SSP,6,484,40,69,52,28,302,609,911
SSP,6,485,41,70,52,27,302,611,913
SSP,6,486,41,70,52,27,302,611,913
SSP,6,487,41,70,52,27,303,611,914
SSP,6,488,41,70,52,27,303,612,915
SSP,6,489,41,70,52,27,303,612,915
SSP,6,490,41,70,52,27,303,614,917
SSP,6,491,41,70,53,27,303,615,918
SSP,6,492,42,71,53,26,304,616,920
SSP,6,493,42,71,53,26,304,616,920
SSP,6,494,42,71,53,26,304,616,920
SSP,6,495,42,71,53,26,304,616,920
SSP,6,496,42,71,53,26,305,616,921
SSP,6,497,42,71,53,26,306,617,923
SSP,6,498,42,71,53,26,306,617,923
SSP,6,499,42,71,53,26,307,619,926
SSP,7,0,1,5,5,12,0,1,1
SSP,7,1,2,11,5,11,0,1,1
SSP,7,2,2,13,5,11,0,2,2
SSP,7,3,2,13,5,11,0,3,3
SSP,7,4,2,13,5,11,0,3,3
SSP,7,5,2,13,5,11,0,3,3
SSP,7,6,2,13,5,11,0,4,4
SSP,7,7,2,13,5,11,0,6,6
SSP,7,8,2,13,6,11,0,7,7
SSP,7,9,2,13,6,11,0,7,7
SSP,7,10,2,14,6,11,0,7,7
SSP,7,11,2,14,6,11,0,8,8
SSP,7,12,2,14,6,11,0,9,9
SSP,7,13,2,14,6,11,0,10,10
SSP,7,14,2,14,6,11,0,13,13
SSP,7,15,2,14,6,11,0,15,15
SSP,7,16,2,14,6,11,0,16,16
SSP,7,17,2,14,6,11,0,20,20
SSP,7,18,2,14,6,11,0,23,23
SSP,7,19,2,14,6,11,1,25,26
SSP,7,20,2,14,6,12,2,27,29
SSP,7,21,2,14,6,12,3,30,33
SSP,7,22,3,15,6,11,3,32,35
SSP,7,23,3,16,6,12,4,33,37
SSP,7,24,3,16,7,13,5,35,40
SSP,7,25,3,17,7,13,5,37,42
SSP,7,26,3,17,7,13,5,39,44
SSP,7,27,3,17,8,13,5,42,47
SSP,7,28,3,17,8,13,5,45,50
SSP,7,29,3,17,8,13,5,48,53
SSP,7,30,3,17,8,13,5,50,55
SSP,7,31,3,17,8,15,7,54,61
SSP,7,32,3,17,8,16,9,56,65
SSP,7,33,4,19,8,15,9,59,68
SSP,7,34,4,19,8,15,9,63,72
SSP,7,35,4,19,8,15,9,66,75
SSP,7,36,4,19,8,15,9,69,78
SSP,7,37,4,19,8,15,9,70,79
SSP,7,38,4,19,8,15,9,71,80
SSP,7,39,4,19,8,15,9,73,82
SSP,7,40,4,19,8,15,11,76,87
SSP,7,41,4,19,8,15,11,77,88
SSP,7,42,4,19,8,16,12,78,90
SSP,7,43,4,19,8,16,14,80,94
SSP,7,44,4,19,9,16,14,85,99
SSP,7,45,4,19,9,16,16,86,102
SSP,7,46,5,20,9,16,18,86,104
SSP,7,47,5,21,10,17,19,91,110
SSP,7,48,5,21,10,18,20,93,113
SSP,7,49,5,21,10,18,21,96,117
SSP,7,50,5,21,10,19,24,97,121
SSP,7,51,5,21,11,21,26,99,125
SSP,7,52,5,21,11,22,28,99,127
SSP,7,53,5,21,11,22,28,101,129
SSP,7,54,5,21,11,22,28,102,130
SSP,7,55,5,22,11,22,28,103,131
SSP,7,56,5,22,11,22,28,106,134
SSP,7,57,5,22,13,22,28,110,138
SSP,7,58,5,23,14,22,28,113,141
SSP,7,59,5,24,14,22,30,117,147
SSP,7,60,5,24,14,22,30,118,148
SSP,7,61,5,24,15,22,30,119,149
SSP,7,62,5,24,15,24,33,120,153
SSP,7,63,5,24,15,24,33,121,154
SSP,7,64,5,24,15,24,34,123,157
SSP,7,65,5,24,15,24,34,123,157
SSP,7,66,5,24,15,24,35,123,158
SSP,7,67,5,24,15,24,35,126,161
SSP,7,68,5,24,15,26,37,127,164
SSP,7,69,5,24,15,26,37,127,164
SSP,7,70,5,24,15,27,40,127,167
SSP,7,71,5,25,15,27,42,130,172
SSP,7,72,5,25,15,27,42,131,173
SSP,7,73,5,25,15,29,45,134,179
SSP,7,74,5,25,15,29,45,136,181
SSP,7,75,5,26,15,29,47,137,184
SSP,7,76,5,26,15,29,50,138,188
SSP,7,77,5,26,15,29,50,138,188
SSP,7,78,5,26,15,32,53,141,194
SSP,7,79,5,26,15,32,53,143,196
SSP,7,80,5,26,15,32,53,143,196
SSP,7,81,5,26,15,33,55,143,198
SSP,7,82,5,26,15,33,56,145,201
SSP,7,83,5,26,15,33,58,145,203
SSP,7,84,5,26,15,33,59,146,205
SSP,7,85,5,26,15,33,59,147,206
SSP,7,86,5,26,15,34,61,153,214
SSP,7,87,5,26,15,34,61,153,214
SSP,7,88,5,26,15,34,62,153,215
SSP,7,89,5,26,15,34,63,153,216
SSP,7,90,5,26,16,34,63,156,219
SSP,7,91,5,27,16,34,64,157,221
SSP,7,92,6,28,16,33,65,157,222
SSP,7,93,6,28,16,33,66,157,223
SSP,7,94,6,28,16,33,67,160,227
SSP,7,95,6,28,16,33,69,162,231
SSP,7,96,6,28,16,34,70,163,233
SSP,7,97,6,28,16,35,71,164,235
SSP,7,98,6,28,16,35,72,165,237
SSP,7,99,6,28,16,35,73,168,241
SSP,7,100,6,28,16,36,75,170,245
SSP,7,101,6,28,16,36,75,172,247
SSP,7,102,6,28,16,37,79,173,252
SSP,7,103,6,28,16,37,80,173,253
SSP,7,104,6,28,16,37,81,174,255
SSP,7,105,6,28,16,37,84,178,262
SSP,7,106,6,28,16,37,84,179,263
SSP,7,107,6,29,16,37,84,179,263
SSP,7,108,6,29,16,37,85,179,264
SSP,7,109,6,29,16,37,86,180,266
SSP,7,110,6,29,16,38,87,183,270
SSP,7,111,6,29,16,38,87,185,272
SSP,7,112,6,29,16,38,87,186,273
SSP,7,113,6,29,16,38,87,187,274
SSP,7,114,6,29,16,38,87,189,276
SSP,7,115,6,29,16,39,89,190,279
SSP,7,116,6,29,16,39,89,190,279
SSP,7,117,6,29,16,39,92,191,283
SSP,7,118,6,29,16,39,93,191,284
SSP,7,119,6,29,16,40,95,192,287
SSP,7,120,6,29,16,41,96,193,289
SSP,7,121,6,29,16,41,97,195,292
SSP,7,122,6,29,16,42,99,198,297
SSP,7,123,6,30,16,42,99,201,300
SSP,7,124,7,31,16,41,100,205,305
SSP,7,125,7,31,16,42,103,206,309
SSP,7,126,7,31,17,42,105,208,313
SSP,7,127,7,31,17,42,105,211,316
SSP,7,128,7,31,17,42,105,211,316
SSP,7,129,7,31,17,42,106,212,318
SSP,7,130,7,31,17,42,108,212,320
SSP,7,131,7,31,17,42,109,215,324
SSP,7,132,7,31,17,42,109,215,324
SSP,7,133,7,31,18,42,110,217,327
SSP,7,134,7,31,18,44,114,218,332
SSP,7,135,7,31,18,44,114,220,334
SSP,7,136,7,31,18,44,114,220,334
SSP,7,137,9,33,18,42,115,224,339
SSP,7,138,9,33,18,42,116,224,340
SSP,7,139,9,33,18,42,119,224,343
SSP,7,140,9,33,18,42,119,226,345
SSP,7,141,9,33,18,42,121,226,347
SSP,7,142,9,33,19,42,121,230,351
SSP,7,143,10,34,19,41,121,230,351
SSP,7,144,10,34,19,41,121,232,353
SSP,7,145,10,34,19,41,121,234,355
SSP,7,146,10,35,19,41,122,237,359
SSP,7,147,10,35,19,41,123,238,361
SSP,7,148,10,35,19,41,124,239,363
SSP,7,149,10,35,19,41,124,241,365
SSP,7,150,11,36,19,40,125,241,366
SSP,7,151,11,36,19,40,126,242,368
SSP,7,152,11,36,19,42,128,243,371
SSP,7,153,11,36,19,42,129,243,372
SSP,7,154,11,36,20,42,130,244,374
SSP,7,155,11,36,20,43,132,246,378
SSP,7,156,13,38,20,41,134,249,383
SSP,7,157,13,38,20,41,134,250,384
SSP,7,158,13,38,20,41,134,252,386
SSP,7,159,13,38,20,41,134,252,386
SSP,7,160,13,38,20,41,135,252,387
SSP,7,161,13,38,20,41,135,256,391
SSP,7,162,13,38,20,41,137,261,398
SSP,7,163,13,38,20,41,138,261,399
SSP,7,164,13,38,20,41,139,261,400
SSP,7,165,13,38,20,41,140,262,402
SSP,7,166,14,39,20,40,140,263,403
SSP,7,167,14,39,20,40,141,264,405
SSP,7,168,14,39,20,40,141,264,405
SSP,7,169,14,39,20,40,144,265,409
SSP,7,170,14,39,20,40,145,266,411
SSP,7,171,14,39,20,40,146,267,413
SSP,7,172,14,39,20,40,146,268,414
SSP,7,173,14,39,20,40,146,269,415
SSP,7,174,14,39,20,40,146,272,418
SSP,7,175,14,39,20,40,146,273,419
SSP,7,176,14,39,20,40,147,275,422
SSP,7,177,17,42,20,37,147,280,427
SSP,7,178,17,42,20,37,147,280,427
SSP,7,179,17,42,20,37,147,282,429
SSP,7,180,17,42,20,37,148,282,430
SSP,7,181,17,42,21,37,149,284,433
SSP,7,182,17,42,21,37,150,285,435
SSP,7,183,17,43,21,37,150,287,437
SSP,7,184,17,43,22,39,153,288,441
SSP,7,185,17,43,22,39,153,291,444
SSP,7,186,17,43,22,39,155,293,448
SSP,7,187,17,43,22,39,156,294,450
SSP,7,188,17,43,22,39,156,297,453
SSP,7,189,17,43,22,41,159,297,456
SSP,7,190,17,43,22,41,160,299,459
SSP,7,191,17,43,22,41,162,300,462
SSP,7,192,17,43,22,41,162,302,464
SSP,7,193,17,43,22,41,162,304,466
SSP,7,194,17,43,22,41,162,305,467
SSP,7,195,17,43,22,41,163,306,469
SSP,7,196,17,43,22,41,164,308,472
SSP,7,197,17,43,22,41,164,310,474
SSP,7,198,17,43,22,41,164,314,478
SSP,7,199,17,43,22,41,165,316,481
SSP,7,200,17,43,22,41,165,317,482
SSP,7,201,17,43,22,41,165,318,483
SSP,7,202,17,43,22,41,166,318,484
SSP,7,203,17,43,22,41,167,321,488
SSP,7,204,17,43,22,42,169,323,492
SSP,7,205,17,43,22,42,169,324,493
SSP,7,206,19,45,22,40,170,325,495
SSP,7,207,20,46,22,39,170,327,497
SSP,7,208,20,46,22,39,170,327,497
SSP,7,209,20,46,22,40,171,330,501
SSP,7,210,20,46,22,40,172,334,506
SSP,7,211,20,46,22,40,173,334,507
SSP,7,212,20,46,22,40,174,337,511
SSP,7,213,20,46,22,40,174,338,512
SSP,7,214,20,46,22,40,174,339,513
SSP,7,215,20,46,22,40,175,340,515
SSP,7,216,20,46,22,40,175,341,516
SSP,7,217,20,46,22,40,176,342,518
SSP,7,218,20,46,22,40,176,344,520
SSP,7,219,21,47,22,39,178,344,522
SSP,7,220,21,47,22,39,178,345,523
SSP,7,221,21,47,22,40,183,345,528
SSP,7,222,21,47,22,40,185,346,531
SSP,7,223,21,47,22,40,186,346,532
SSP,7,224,21,47,22,40,187,350,537
SSP,7,225,21,47,22,40,187,351,538
SSP,7,226,21,47,23,41,189,351,540
SSP,7,227,21,47,23,41,189,351,540
SSP,7,228,21,47,23,41,190,352,542
SSP,7,229,21,47,23,41,190,353,543
SSP,7,230,21,47,23,41,191,355,546
SSP,7,231,21,47,23,42,192,355,547
SSP,7,232,21,47,23,43,194,355,549
SSP,7,233,21,47,23,43,196,355,551
SSP,7,234,21,47,23,43,199,357,556
SSP,7,235,21,47,23,43,199,358,557
SSP,7,236,21,47,23,43,201,361,562
SSP,7,237,21,47,23,43,201,363,564
SSP,7,238,21,47,23,43,201,365,566
SSP,7,239,21,47,23,43,201,365,566
SSP,7,240,21,47,23,43,202,367,569
SSP,7,241,21,47,23,43,203,367,570
SSP,7,242,21,47,23,43,203,367,570
SSP,7,243,21,47,23,43,203,367,570
SSP,7,244,21,47,23,43,204,367,571
SSP,7,245,21,47,23,43,209,367,576
SSP,7,246,21,47,23,43,209,369,578
SSP,7,247,21,47,23,43,210,370,580
SSP,7,248,21,47,23,43,210,371,581
SSP,7,249,21,47,23,43,211,371,582
SSP,7,250,21,47,23,43,212,372,584
SSP,7,251,21,47,23,43,214,373,587
SSP,7,252,21,47,23,43,214,375,589
SSP,7,253,21,47,23,43,215,376,591
SSP,7,254,22,48,23,42,215,380,595
SSP,7,255,22,48,23,42,216,380,596
SSP,7,256,23,49,23,41,216,380,596
SSP,7,257,23,49,23,41,217,381,598
SSP,7,258,23,49,23,41,218,383,601
SSP,7,259,23,49,23,41,218,385,603
SSP,7,260,23,49,23,41,218,385,603
SSP,7,261,23,49,23,41,219,386,605
SSP,7,262,23,49,23,41,219,388,607
SSP,7,263,23,49,23,41,219,389,608
SSP,7,264,23,49,23,41,221,390,611
SSP,7,265,23,49,23,41,221,390,611
SSP,7,266,23,49,24,41,222,393,615
SSP,7,267,23,49,24,41,223,393,616
SSP,7,268,23,49,24,41,223,397,620
SSP,7,269,23,49,24,41,223,397,620
SSP,7,270,23,49,24,41,223,399,622
SSP,7,271,23,49,24,41,223,401,624
SSP,7,272,23,49,24,41,223,403,626
SSP,7,273,23,49,24,41,224,403,627
SSP,7,274,23,49,24,41,225,404,629
SSP,7,275,23,49,24,41,228,407,635
SSP,7,276,23,49,24,41,229,409,638
SSP,7,277,23,49,24,41,229,411,640
SSP,7,278,23,49,25,41,229,411,640
SSP,7,279,23,49,26,41,229,413,642
SSP,7,280,23,49,26,41,229,415,644
SSP,7,281,24,50,26,40,230,416,646
SSP,7,282,24,50,26,40,231,418,649
SSP,7,283,24,50,26,40,232,418,650
SSP,7,284,24,50,26,40,232,419,651
SSP,7,285,24,50,26,40,232,420,652
SSP,7,286,24,50,26,40,232,420,652
SSP,7,287,24,50,26,40,232,424,656
SSP,7,288,24,50,27,40,232,425,657
SSP,7,289,25,51,27,39,232,426,658
SSP,7,290,25,51,27,39,232,427,659
SSP,7,291,25,51,27,39,232,429,661
SSP,7,292,25,51,27,39,232,429,661
SSP,7,293,25,51,27,39,233,430,663
SSP,7,294,26,52,27,38,233,430,663
SSP,7,295,26,52,27,39,235,431,666
SSP,7,296,26,52,27,39,236,436,672
SSP,7,297,26,52,27,39,236,439,675
SSP,7,298,26,52,27,40,239,440,679
SSP,7,299,26,52,27,40,239,441,680
SSP,7,300,26,52,27,40,239,441,680
SSP,7,301,26,52,27,40,239,442,681
SSP,7,302,26,52,27,40,239,442,681
SSP,7,303,26,52,27,40,240,442,682
SSP,7,304,26,52,27,40,240,443,683
SSP,7,305,26,52,27,41,241,445,686
SSP,7,306,26,52,27,41,243,445,688
SSP,7,307,26,52,27,41,244,445,689
SSP,7,308,26,52,27,41,246,447,693
SSP,7,309,26,52,28,41,247,447,694
SSP,7,310,26,52,29,41,249,449,698
SSP,7,311,26,52,30,41,249,449,698
SSP,7,312,27,53,30,41,250,449,699
SSP,7,313,28,54,30,40,251,451,702
SSP,7,314,28,54,30,40,252,452,704
SSP,7,315,28,54,30,40,252,452,704
SSP,7,316,29,55,30,39,252,454,706
SSP,7,317,29,55,30,39,253,454,707
SSP,7,318,29,55,30,39,254,454,708
SSP,7,319,29,55,30,39,255,454,709
SSP,7,320,29,55,30,39,257,455,712
SSP,7,321,29,55,30,39,257,455,712
SSP,7,322,29,55,30,39,258,455,713
SSP,7,323,29,55,30,39,258,456,714
SSP,7,324,30,56,30,38,258,457,715
SSP,7,325,30,56,30,38,259,457,716
SSP,7,326,30,56,30,38,259,458,717
SSP,7,327,30,56,30,39,260,458,718
SSP,7,328,30,56,30,39,261,460,721
SSP,7,329,30,56,30,39,262,461,723
SSP,7,330,30,56,30,39,263,462,725
SSP,7,331,30,56,30,39,263,463,726
SSP,7,332,30,56,30,39,264,463,727
SSP,7,333,30,56,30,39,264,464,728
SSP,7,334,30,56,30,39,264,465,729
SSP,7,335,30,56,30,39,264,465,729
SSP,7,336,30,56,30,39,264,465,729
SSP,7,337,30,56,30,40,265,465,730
SSP,7,338,30,56,30,40,265,466,731
SSP,7,339,30,56,30,40,265,468,733
SSP,7,340,30,56,30,40,265,469,734
SSP,7,341,30,56,30,40,266,469,735
SSP,7,342,30,56,30,40,269,471,740
SSP,7,343,30,56,30,40,270,471,741
SSP,7,344,30,56,30,40,270,473,743
SSP,7,345,30,56,30,40,271,473,744
SSP,7,346,30,56,30,40,272,474,746
SSP,7,347,31,57,30,39,272,474,746
SSP,7,348,31,57,30,39,272,475,747
SSP,7,349,31,57,30,39,273,477,750
SSP,7,350,31,57,30,39,273,479,752
SSP,7,351,31,57,30,39,275,480,755
SSP,7,352,31,57,30,39,275,480,755
SSP,7,353,31,57,30,39,275,481,756
SSP,7,354,31,57,30,39,276,482,758
SSP,7,355,31,57,30,39,276,483,759
SSP,7,356,31,57,30,39,277,483,760
SSP,7,357,31,57,30,39,279,483,762
SSP,7,358,31,57,30,39,279,483,762
SSP,7,359,31,57,30,39,280,487,767
SSP,7,360,31,57,30,39,280,489,769
SSP,7,361,31,57,30,39,281,491,772
SSP,7,362,31,57,30,39,281,491,772
SSP,7,363,31,57,30,39,281,492,773
SSP,7,364,31,57,30,39,281,492,773
SSP,7,365,31,57,30,39,282,494,776
SSP,7,366,31,57,30,39,282,494,776
SSP,7,367,31,57,30,39,282,495,777
SSP,7,368,31,57,30,39,282,495,777
SSP,7,369,31,57,30,39,282,495,777
SSP,7,370,31,57,30,39,283,495,778
SSP,7,371,31,57,30,39,284,496,780
SSP,7,372,31,57,30,39,284,499,783
SSP,7,373,31,57,31,40,285,499,784
SSP,7,374,31,57,31,40,285,501,786
SSP,7,375,31,57,31,40,285,501,786
SSP,7,376,31,57,31,40,286,501,787
SSP,7,377,31,57,31,40,288,501,789
SSP,7,378,31,57,31,40,288,502,790
SSP,7,379,31,57,31,40,289,504,793
SSP,7,380,31,57,32,40,290,505,795
SSP,7,381,31,57,32,40,290,505,795
SSP,7,382,31,57,32,40,291,506,797
SSP,7,383,31,57,32,40,292,506,798
SSP,7,384,31,57,32,40,294,506,800
SSP,7,385,31,57,32,40,294,508,802
SSP,7,386,31,57,32,40,294,509,803
SSP,7,387,31,57,32,40,296,510,806
SSP,7,388,31,57,32,40,298,511,809
SSP,7,389,31,57,32,40,298,511,809
SSP,7,390,31,57,32,40,298,511,809
SSP,7,391,31,57,32,40,298,512,810
SSP,7,392,31,57,32,40,301,514,815
SSP,7,393,31,57,32,40,301,515,816
SSP,7,394,32,58,32,39,302,516,818
SSP,7,395,32,58,32,39,304,517,821
SSP,7,396,32,58,32,39,304,517,821
SSP,7,397,32,58,32,39,304,518,822
SSP,7,398,32,58,32,39,304,518,822
SSP,7,399,32,58,32,39,305,519,824
SSP,7,400,32,58,32,39,305,520,825
SSP,7,401,32,58,32,39,305,520,825
SSP,7,402,32,58,32,39,305,522,827
SSP,7,403,32,58,32,39,305,522,827
SSP,7,404,32,58,32,39,306,523,829
SSP,7,405,32,58,32,39,306,524,830
SSP,7,406,32,58,32,39,306,524,830
SSP,7,407,32,58,32,39,307,525,832
SSP,7,408,32,58,32,39,307,525,832
SSP,7,409,32,58,32,39,308,526,834
SSP,7,410,32,58,33,40,310,527,837
SSP,7,411,32,58,34,40,310,529,839
SSP,7,412,32,58,35,40,311,530,841
SSP,7,413,32,58,35,40,311,532,843
SSP,7,414,32,58,35,40,311,534,845
SSP,7,415,32,58,35,40,312,534,846
SSP,7,416,32,58,35,40,314,534,848
SSP,7,417,32,58,35,40,315,534,849
SSP,7,418,32,58,35,40,315,538,853
SSP,7,419,32,58,35,40,315,538,853
SSP,7,420,32,58,35,40,315,539,854
SSP,7,421,32,58,35,40,316,540,856
SSP,7,422,32,58,35,40,317,542,859
SSP,7,423,32,58,35,40,317,542,859
SSP,7,424,32,58,35,40,317,543,860
SSP,7,425,32,58,35,40,317,543,860
SSP,7,426,32,58,35,40,317,544,861
SSP,7,427,32,58,35,40,317,545,862
SSP,7,428,32,58,35,40,318,545,863
SSP,7,429,32,58,35,40,318,546,864
SSP,7,430,32,58,36,40,319,548,867
SSP,7,431,32,58,36,40,319,549,868
SSP,7,432,32,58,36,40,319,551,870
SSP,7,433,32,58,36,40,320,552,872
SSP,7,434,33,59,36,39,320,552,872
SSP,7,435,33,59,36,39,320,553,873
SSP,7,436,33,59,36,39,320,553,873
SSP,7,437,33,59,36,39,323,555,878
SSP,7,438,33,59,36,39,324,556,880
SSP,7,439,33,59,36,39,325,557,882
SSP,7,440,33,59,36,39,325,557,882
SSP,7,441,33,59,36,39,326,558,884
SSP,7,442,33,59,36,39,327,558,885
SSP,7,443,33,59,36,39,328,561,889
SSP,7,444,33,59,37,39,329,563,892
SSP,7,445,34,60,37,38,329,564,893
SSP,7,446,34,60,37,38,331,564,895
SSP,7,447,34,60,38,38,331,565,896
SSP,7,448,35,61,38,37,331,565,896
SSP,7,449,35,61,38,37,332,567,899
SSP,7,450,35,61,38,37,333,570,903
SSP,7,451,35,61,38,37,333,570,903
SSP,7,452,35,61,38,37,334,570,904
SSP,7,453,35,61,38,37,334,570,904
SSP,7,454,35,61,38,37,335,571,906
SSP,7,455,35,61,38,37,335,572,907
SSP,7,456,35,61,38,37,335,573,908
SSP,7,457,35,61,38,37,335,573,908
SSP,7,458,35,61,38,37,336,574,910
SSP,7,459,35,61,39,37,336,575,911
SSP,7,460,35,61,39,37,336,575,911
SSP,7,461,35,61,39,37,336,576,912
SSP,7,462,35,61,39,37,338,576,914
SSP,7,463,35,61,39,37,340,576,916
SSP,7,464,35,61,39,37,340,577,917
SSP,7,465,35,61,40,37,341,579,920
SSP,7,466,36,62,40,36,341,581,922
SSP,7,467,36,62,41,36,341,582,923
SSP,7,468,36,62,41,36,341,585,926
SSP,7,469,36,62,41,36,341,587,928
SSP,7,470,36,62,41,36,341,587,928
SSP,7,471,36,62,41,36,342,588,930
SSP,7,472,36,62,41,36,343,588,931
SSP,7,473,36,62,41,36,343,589,932
SSP,7,474,36,62,41,36,343,589,932
SSP,7,475,36,62,41,36,343,589,932
SSP,7,476,36,62,41,36,344,589,933
SSP,7,477,36,62,41,36,344,590,934
SSP,7,478,36,62,41,36,344,591,935
SSP,7,479,38,64,41,34,345,591,936
SSP,7,480,38,64,41,34,345,594,939
SSP,7,481,38,64,41,34,347,596,943
SSP,7,482,40,66,41,32,347,596,943
SSP,7,483,40,66,41,32,347,597,944
SSP,7,484,40,66,41,32,347,597,944
SSP,7,485,40,66,42,32,348,598,946
SSP,7,486,40,66,43,32,349,598,947
SSP,7,487,40,66,43,32,349,598,947
SSP,7,488,40,66,43,32,350,598,948
SSP,7,489,40,66,43,32,350,599,949
SSP,7,490,40,66,43,32,350,599,949
SSP,7,491,40,66,43,32,352,600,952
SSP,7,492,40,66,43,32,352,603,955
SSP,7,493,40,66,43,32,352,603,955
SSP,7,494,40,66,43,32,353,604,957
SSP,7,495,40,66,44,32,353,606,959
SSP,7,496,40,66,44,32,354,606,960
SSP,7,497,40,66,44,32,354,606,960
SSP,7,498,40,66,44,32,355,606,961
SSP,7,499,40,66,44,32,355,608,963
SSP,8,0,0,2,1,10,0,2,2
SSP,8,1,0,4,5,10,0,3,3
SSP,8,2,0,9,5,10,0,3,3
SSP,8,3,0,9,5,10,0,5,5
SSP,8,4,0,9,5,10,0,8,8
SSP,8,5,0,9,5,10,0,11,11
SSP,8,6,0,9,5,10,0,13,13
SSP,8,7,0,9,5,10,0,14,14
SSP,8,8,0,9,5,10,0,17,17
SSP,8,9,0,9,5,10,0,17,17
SSP,8,10,0,9,5,10,0,18,18
SSP,8,11,0,9,5,10,0,20,20
SSP,8,12,0,9,5,10,0,21,21
SSP,8,13,0,9,5,10,1,25,26
SSP,8,14,0,9,5,10,1,28,29
SSP,8,15,0,9,5,10,1,32,33
SSP,8,16,2,12,5,8,1,39,40
SSP,8,17,2,12,5,9,2,42,44
SSP,8,18,2,12,5,9,2,44,46
SSP,8,19,2,12,5,9,3,45,48
SSP,8,20,2,12,5,9,3,50,53
SSP,8,21,2,12,5,10,5,51,56
SSP,8,22,2,12,5,10,5,51,56
SSP,8,23,2,12,5,10,6,51,57
SSP,8,24,2,12,5,10,6,52,58
SSP,8,25,3,13,5,9,7,57,64
SSP,8,26,3,13,5,9,9,57,66
SSP,8,27,3,13,5,10,11,60,71
SSP,8,28,3,14,5,10,12,65,77
SSP,8,29,3,14,5,10,12,66,78
SSP,8,30,3,15,5,11,13,68,81
SSP,8,31,3,15,5,11,14,69,83
SSP,8,32,3,15,5,11,16,71,87
SSP,8,33,3,15,5,12,17,72,89
SSP,8,34,3,15,5,12,17,74,91
SSP,8,35,3,15,5,12,18,77,95
SSP,8,36,3,15,5,12,18,81,99
SSP,8,37,3,15,5,12,18,82,100
SSP,8,38,3,15,5,12,18,83,101
SSP,8,39,3,15,5,12,19,85,104
SSP,8,40,3,15,5,12,20,86,106
SSP,8,41,3,15,5,13,21,89,110
SSP,8,42,3,15,5,13,21,89,110
SSP,8,43,3,15,5,14,23,90,113
SSP,8,44,3,15,5,15,24,94,118
SSP,8,45,3,15,5,15,25,96,121
SSP,8,46,3,15,5,15,25,97,122
SSP,8,47,3,15,5,16,26,99,125
SSP,8,48,4,16,5,16,27,101,128
SSP,8,49,4,16,5,16,28,105,133
SSP,8,50,4,16,5,16,28,110,138
SSP,8,51,4,16,5,16,28,113,141
SSP,8,52,5,17,5,15,29,115,144
SSP,8,53,5,17,5,15,29,117,146
SSP,8,54,5,17,5,16,32,118,150
SSP,8,55,6,18,5,17,34,119,153
SSP,8,56,6,18,5,17,34,121,155
SSP,8,57,6,18,5,17,34,121,155
SSP,8,58,6,18,5,17,35,121,156
SSP,8,59,6,18,5,17,35,123,158
SSP,8,60,6,18,5,18,37,124,161
SSP,8,61,6,18,5,18,37,125,162
SSP,8,62,6,18,5,18,37,125,162
SSP,8,63,6,18,5,18,40,126,166
SSP,8,64,6,18,5,18,41,127,168
SSP,8,65,6,18,5,19,43,129,172
SSP,8,66,6,18,5,20,45,129,174
SSP,8,67,6,18,5,20,45,130,175
SSP,8,68,6,18,5,20,46,135,181
SSP,8,69,6,18,5,21,48,138,186
SSP,8,70,6,18,5,22,50,139,189
SSP,8,71,6,19,5,22,50,141,191
SSP,8,72,6,19,5,22,51,141,192
SSP,8,73,6,19,5,23,52,141,193
SSP,8,74,6,19,5,23,54,142,196
SSP,8,75,6,19,5,23,54,142,196
SSP,8,76,6,19,5,23,59,147,206
SSP,8,77,6,19,5,24,61,149,210
SSP,8,78,6,19,5,24,61,151,212
SSP,8,79,6,19,5,24,61,155,216
SSP,8,80,6,19,5,24,62,156,218
SSP,8,81,6,20,5,24,63,157,220
SSP,8,82,6,20,5,24,63,158,221
SSP,8,83,6,20,5,25,65,161,226
SSP,8,84,6,20,5,25,65,161,226
SSP,8,85,6,21,5,25,67,162,229
SSP,8,86,6,21,5,25,67,164,231
SSP,8,87,6,21,5,25,67,165,232
SSP,8,88,6,21,5,25,67,168,235
SSP,8,89,6,21,5,25,68,172,240
SSP,8,90,6,21,5,25,68,176,244
SSP,8,91,7,22,5,25,72,177,249
SSP,8,92,7,22,5,25,74,178,252
SSP,8,93,7,22,5,25,76,181,257
SSP,8,94,7,22,5,25,76,181,257
SSP,8,95,7,22,5,26,77,183,260
SSP,8,96,7,22,5,27,78,183,261
SSP,8,97,7,22,5,27,78,184,262
SSP,8,98,7,22,5,27,78,186,264
SSP,8,99,7,23,5,27,80,187,267
SSP,8,100,7,23,5,28,83,189,272
SSP,8,101,7,24,5,29,86,189,275
SSP,8,102,7,24,5,29,88,190,278
SSP,8,103,7,24,5,29,90,190,280
SSP,8,104,7,24,5,29,90,194,284
SSP,8,105,7,24,5,29,90,196,286
SSP,8,106,7,24,5,29,91,197,288
SSP,8,107,7,24,5,29,93,198,291
SSP,8,108,7,25,6,30,95,200,295
SSP,8,109,7,25,6,30,96,201,297
SSP,8,110,7,25,6,31,98,203,301
SSP,8,111,7,25,6,32,99,203,302
SSP,8,112,7,25,6,32,100,207,307
SSP,8,113,7,25,6,33,101,210,311
SSP,8,114,7,25,6,34,102,213,315
SSP,8,115,7,25,6,34,102,215,317
SSP,8,116,7,25,6,34,103,216,319
SSP,8,117,7,25,6,34,103,220,323
SSP,8,118,7,25,6,35,104,220,324
SSP,8,119,7,25,6,35,105,221,326
SSP,8,120,7,25,6,35,108,222,330
SSP,8,121,7,25,6,36,109,223,332
SSP,8,122,7,25,6,36,110,224,334
SSP,8,123,7,25,6,37,111,225,336
SSP,8,124,7,25,6,37,111,227,338
SSP,8,125,7,25,6,37,112,227,339
SSP,8,126,7,25,6,37,112,230,342
SSP,8,127,7,25,6,37,113,231,344
SSP,8,128,7,25,6,37,116,235,351
SSP,8,129,7,25,6,38,117,238,355
SSP,8,130,7,25,6,38,118,238,356
SSP,8,131,7,25,6,39,119,241,360
SSP,8,132,7,25,6,39,120,244,364
SSP,8,133,7,25,6,39,120,245,365
SSP,8,134,7,25,6,39,121,245,366
SSP,8,135,7,25,6,39,123,247,370
SSP,8,136,8,26,6,38,123,247,370
SSP,8,137,8,26,6,39,124,247,371
SSP,8,138,8,26,6,39,125,250,375
SSP,8,139,8,26,7,40,129,251,380
SSP,8,140,8,26,7,41,131,254,385
SSP,8,141,8,26,7,42,132,255,387
SSP,8,142,8,26,8,42,132,258,390
SSP,8,143,8,26,8,42,134,258,392
SSP,8,144,8,26,8,42,135,259,394
SSP,8,145,8,26,8,42,136,261,397
SSP,8,146,8,26,8,42,136,262,398
SSP,8,147,8,26,8,42,137,262,399
SSP,8,148,9,27,8,41,138,263,401
SSP,8,149,9,27,8,41,138,265,403
SSP,8,150,9,27,8,41,139,265,404
SSP,8,151,9,27,8,41,140,269,409
SSP,8,152,9,27,8,42,141,272,413
SSP,8,153,9,27,8,42,142,275,417
SSP,8,154,9,27,9,42,142,276,418
SSP,8,155,10,28,9,41,142,279,421
SSP,8,156,10,28,9,41,142,280,422
SSP,8,157,10,28,9,41,142,281,423
SSP,8,158,10,28,9,42,143,282,425
SSP,8,159,10,28,9,42,143,282,425
SSP,8,160,10,28,9,42,144,284,428
SSP,8,161,10,28,9,43,145,286,431
SSP,8,162,10,28,9,43,146,287,433
SSP,8,163,10,28,9,43,147,289,436
SSP,8,164,10,28,9,43,148,289,437
SSP,8,165,10,28,9,43,149,291,440
SSP,8,166,10,28,9,43,150,293,443
SSP,8,167,10,28,9,43,152,297,449
SSP,8,168,10,28,10,43,153,299,452
SSP,8,169,10,28,10,43,154,300,454
SSP,8,170,10,28,10,44,155,300,455
SSP,8,171,10,28,10,44,155,300,455
SSP,8,172,10,28,10,44,156,301,457
SSP,8,173,10,28,10,44,158,302,460
SSP,8,174,10,28,10,44,159,304,463
SSP,8,175,10,28,10,44,160,305,465
SSP,8,176,10,28,10,44,161,307,468
SSP,8,177,10,28,10,44,162,310,472
SSP,8,178,10,29,11,44,162,310,472
SSP,8,179,11,31,11,43,165,313,478
SSP,8,180,11,32,12,43,165,316,481
SSP,8,181,11,33,13,43,166,317,483
SSP,8,182,11,33,13,43,167,319,486
SSP,8,183,11,33,13,43,168,319,487
SSP,8,184,11,33,13,43,169,320,489
SSP,8,185,11,33,13,43,171,321,492
SSP,8,186,11,33,14,43,171,321,492
SSP,8,187,11,33,14,44,173,321,494
SSP,8,188,11,33,14,44,173,323,496
SSP,8,189,11,33,14,44,174,326,500
SSP,8,190,11,33,14,44,175,331,506
SSP,8,191,11,33,14,44,177,331,508
SSP,8,192,11,33,14,44,177,332,509
SSP,8,193,11,33,14,44,178,334,512
SSP,8,194,11,33,14,44,178,335,513
SSP,8,195,11,33,14,45,181,336,517
SSP,8,196,11,33,14,45,182,337,519
SSP,8,197,11,33,14,45,182,339,521
SSP,8,198,11,33,14,45,185,339,524
SSP,8,199,11,33,14,45,186,339,525
SSP,8,200,11,33,14,45,186,340,526
SSP,8,201,11,33,14,45,187,340,527
SSP,8,202,11,33,14,45,187,342,529
SSP,8,203,11,33,14,45,187,342,529
SSP,8,204,11,33,14,45,187,344,531
SSP,8,205,11,33,14,45,188,346,534
SSP,8,206,11,33,15,45,189,347,536
SSP,8,207,12,34,15,44,190,348,538
SSP,8,208,12,34,15,44,190,351,541
SSP,8,209,12,34,15,44,191,353,544
SSP,8,210,12,34,15,44,192,353,545
SSP,8,211,12,34,16,44,193,355,548
SSP,8,212,12,35,16,44,194,356,550
SSP,8,213,12,35,16,44,194,356,550
SSP,8,214,12,35,16,44,194,357,551
SSP,8,215,12,35,16,44,194,358,552
SSP,8,216,12,35,16,45,197,362,559
SSP,8,217,12,35,16,45,197,363,560
SSP,8,218,12,35,16,45,197,364,561
SSP,8,219,12,35,16,45,198,365,563
SSP,8,220,12,35,17,45,199,368,567
SSP,8,221,12,35,18,45,199,369,568
SSP,8,222,12,35,19,46,203,369,572
SSP,8,223,12,35,19,46,204,373,577
SSP,8,224,12,35,19,46,204,375,579
SSP,8,225,12,35,20,46,204,375,579
SSP,8,226,12,35,20,47,205,375,580
SSP,8,227,12,35,20,47,206,376,582
SSP,8,228,13,37,20,46,208,378,586
SSP,8,229,13,37,20,46,209,379,588
SSP,8,230,13,37,20,46,209,381,590
SSP,8,231,14,39,20,45,210,381,591
SSP,8,232,14,39,20,45,211,386,597
SSP,8,233,14,39,20,45,212,386,598
SSP,8,234,14,39,20,45,212,387,599
SSP,8,235,14,39,20,45,214,387,601
SSP,8,236,15,40,20,44,214,390,604
SSP,8,237,15,40,21,44,214,391,605
SSP,8,238,15,41,21,44,215,392,607
SSP,8,239,15,41,21,44,215,394,609
SSP,8,240,15,41,21,44,216,398,614
SSP,8,241,15,41,21,44,216,399,615
SSP,8,242,15,41,21,44,216,401,617
SSP,8,243,15,41,21,44,218,401,619
SSP,8,244,15,41,21,44,219,403,622
SSP,8,245,15,41,21,44,219,403,622
SSP,8,246,15,41,21,44,220,403,623
SSP,8,247,15,41,21,44,221,403,624
SSP,8,248,15,41,21,44,221,404,625
SSP,8,249,15,41,21,44,221,405,626
SSP,8,250,16,42,21,43,223,407,630
SSP,8,251,16,42,21,44,224,407,631
SSP,8,252,16,42,21,44,225,411,636
SSP,8,253,16,42,21,44,225,411,636
SSP,8,254,16,42,21,44,227,413,640
SSP,8,255,16,42,22,44,228,416,644
SSP,8,256,16,42,23,44,229,417,646
SSP,8,257,17,43,23,43,229,418,647
SSP,8,258,17,43,23,43,229,419,648
SSP,8,259,17,44,23,43,230,420,650
SSP,8,260,17,44,23,44,234,420,654
SSP,8,261,17,44,23,44,234,421,655
SSP,8,262,17,44,23,44,234,422,656
SSP,8,263,17,44,23,44,236,423,659
SSP,8,264,17,44,23,44,236,425,661
SSP,8,265,17,44,23,44,237,426,663
SSP,8,266,17,44,23,44,238,427,665
SSP,8,267,17,44,23,44,238,427,665
SSP,8,268,17,44,23,44,238,428,666
SSP,8,269,17,45,23,44,238,428,666
SSP,8,270,17,45,23,44,240,429,669
SSP,8,271,17,45,24,44,240,432,672
SSP,8,272,17,45,24,44,241,433,674
SSP,8,273,17,45,26,44,242,434,676
SSP,8,274,18,46,26,43,243,434,677
SSP,8,275,19,47,26,43,245,435,680
SSP,8,276,19,47,26,43,246,438,684
SSP,8,277,20,48,26,42,248,439,687
SSP,8,278,20,48,26,42,249,439,688
SSP,8,279,20,48,26,42,250,439,689
SSP,8,280,21,49,26,41,250,440,690
SSP,8,281,21,49,26,41,251,441,692
SSP,8,282,21,49,26,41,252,443,695
SSP,8,283,21,49,26,41,252,444,696
SSP,8,284,22,50,26,40,253,447,700
SSP,8,285,22,50,26,40,253,447,700
SSP,8,286,22,50,26,40,253,448,701
SSP,8,287,22,50,26,40,253,449,702
SSP,8,288,22,50,26,40,253,450,703
SSP,8,289,23,51,26,39,255,451,706
SSP,8,290,23,51,26,39,255,453,708
SSP,8,291,23,51,26,39,255,453,708
SSP,8,292,24,52,26,38,256,454,710
SSP,8,293,24,52,26,38,256,454,710
SSP,8,294,24,52,26,38,256,455,711
SSP,8,295,24,52,27,38,258,456,714
SSP,8,296,24,52,28,38,258,457,715
SSP,8,297,24,52,28,38,260,458,718
SSP,8,298,25,53,28,37,261,461,722
SSP,8,299,25,53,28,37,261,462,723
SSP,8,300,26,54,28,36,262,463,725
SSP,8,301,26,54,28,36,263,464,727
SSP,8,302,26,54,28,36,263,465,728
SSP,8,303,26,54,28,36,263,465,728
SSP,8,304,26,54,28,36,264,465,729
SSP,8,305,26,54,28,36,265,466,731
SSP,8,306,26,54,28,36,266,466,732
SSP,8,307,26,54,28,36,268,468,736
SSP,8,308,26,54,28,36,268,471,739
SSP,8,309,26,54,28,36,269,472,741
SSP,8,310,26,54,28,36,269,472,741
SSP,8,311,26,54,28,36,269,473,742
SSP,8,312,26,54,28,36,269,474,743
SSP,8,313,26,54,28,36,269,476,745
SSP,8,314,26,54,28,36,269,477,746
SSP,8,315,26,54,28,36,271,478,749
SSP,8,316,26,54,28,36,271,480,751
SSP,8,317,26,54,28,36,271,480,751
SSP,8,318,26,54,28,36,271,480,751
SSP,8,319,26,54,28,36,272,481,753
SSP,8,320,26,54,28,36,272,482,754
SSP,8,321,26,54,28,36,273,483,756
SSP,8,322,26,54,28,36,273,484,757
SSP,8,323,26,54,28,36,273,484,757
SSP,8,324,26,54,28,36,274,487,761
SSP,8,325,26,54,28,36,275,487,762
SSP,8,326,26,54,28,36,276,489,765
SSP,8,327,26,54,28,36,276,489,765
SSP,8,328,26,54,28,36,276,491,767
SSP,8,329,26,54,28,36,278,492,770
SSP,8,330,26,54,28,36,278,495,773
SSP,8,331,27,55,28,35,278,498,776
SSP,8,332,27,55,28,35,280,498,778
SSP,8,333,27,55,28,35,280,499,779
SSP,8,334,27,55,28,35,280,499,779
SSP,8,335,27,55,28,35,280,500,780
SSP,8,336,27,55,28,35,281,501,782
SSP,8,337,27,55,28,35,281,502,783
SSP,8,338,27,55,28,35,281,505,786
SSP,8,339,27,55,28,35,282,505,787
SSP,8,340,27,55,28,35,283,505,788
SSP,8,341,27,55,28,35,283,507,790
SSP,8,342,27,55,28,36,284,509,793
SSP,8,343,27,55,28,37,286,511,797
SSP,8,344,27,55,28,38,288,511,799
SSP,8,345,27,55,28,38,288,511,799
SSP,8,346,27,55,28,38,289,512,801
SSP,8,347,27,55,28,38,289,514,803
SSP,8,348,27,55,28,38,290,516,806
SSP,8,349,27,55,29,38,290,518,808
SSP,8,350,28,56,29,37,290,520,810
SSP,8,351,28,56,29,37,291,520,811
SSP,8,352,28,56,29,37,291,520,811
SSP,8,353,28,56,29,37,291,521,812
SSP,8,354,28,56,29,37,291,521,812
SSP,8,355,28,56,29,37,293,522,815
SSP,8,356,28,56,29,37,293,522,815
SSP,8,357,28,56,29,37,293,524,817
SSP,8,358,28,56,29,38,294,526,820
SSP,8,359,28,56,29,38,294,527,821
SSP,8,360,28,57,29,38,296,529,825
SSP,8,361,28,57,29,38,298,530,828
SSP,8,362,28,57,29,38,298,530,828
SSP,8,363,28,57,29,38,298,530,828
SSP,8,364,28,57,29,38,298,530,828
SSP,8,365,28,57,29,38,299,530,829
SSP,8,366,28,57,29,38,299,531,830
SSP,8,367,28,57,29,38,299,532,831
SSP,8,368,28,57,29,38,299,533,832
SSP,8,369,28,57,29,38,300,534,834
SSP,8,370,28,57,29,38,300,534,834
SSP,8,371,28,57,29,38,302,534,836
SSP,8,372,28,57,29,38,303,534,837
SSP,8,373,28,57,29,38,303,536,839
SSP,8,374,28,57,29,38,304,537,841
SSP,8,375,28,57,29,38,304,537,841
SSP,8,376,28,57,29,38,304,537,841
SSP,8,377,28,57,29,38,307,537,844
SSP,8,378,28,57,29,38,307,539,846
SSP,8,379,28,57,29,38,307,539,846
SSP,8,380,28,57,29,38,308,539,847
SSP,8,381,28,57,29,38,309,541,850
SSP,8,382,28,57,29,38,309,541,850
SSP,8,383,28,57,29,38,310,543,853
SSP,8,384,28,57,29,38,311,543,854
SSP,8,385,28,57,29,38,312,544,856
SSP,8,386,28,57,29,38,313,544,857
SSP,8,387,29,58,29,37,313,545,858
SSP,8,388,29,58,29,37,313,546,859
SSP,8,389,29,58,29,37,313,546,859
SSP,8,390,29,58,29,37,314,547,861
SSP,8,391,29,58,29,37,316,547,863
SSP,8,392,29,58,29,37,317,547,864
SSP,8,393,29,58,29,37,317,547,864
SSP,8,394,29,58,29,37,317,548,865
SSP,8,395,29,58,29,37,317,549,866
SSP,8,396,29,58,29,37,318,550,868
SSP,8,397,29,59,29,37,318,552,870
SSP,8,398,29,59,29,37,318,553,871
SSP,8,399,29,59,29,37,319,553,872
SSP,8,400,29,59,29,37,319,554,873
SSP,8,401,29,59,29,37,319,555,874
SSP,8,402,29,59,29,37,319,557,876
SSP,8,403,29,59,29,37,319,559,878
SSP,8,404,29,59,29,37,319,561,880
SSP,8,405,30,60,29,36,321,561,882
SSP,8,406,30,60,29,36,322,562,884
SSP,8,407,30,60,29,36,323,562,885
SSP,8,408,30,60,29,36,323,562,885
SSP,8,409,30,60,29,36,323,563,886
SSP,8,410,30,60,29,36,323,563,886
SSP,8,411,30,60,29,36,323,564,887
SSP,8,412,30,60,29,36,324,567,891
SSP,8,413,30,60,29,36,324,567,891
SSP,8,414,30,60,29,36,325,568,893
SSP,8,415,30,60,29,36,325,569,894
SSP,8,416,30,60,29,36,326,569,895
SSP,8,417,30,60,29,36,326,569,895
SSP,8,418,30,60,29,36,326,570,896
SSP,8,419,30,60,29,36,327,571,898
SSP,8,420,30,60,29,36,327,575,902
SSP,8,421,30,60,30,36,327,577,904
SSP,8,422,30,60,30,36,328,577,905
SSP,8,423,30,60,30,36,328,578,906
SSP,8,424,30,60,30,36,328,579,907
SSP,8,425,30,60,30,36,328,582,910
SSP,8,426,30,60,31,36,328,584,912
SSP,8,427,30,60,31,36,329,585,914
SSP,8,428,30,60,32,36,331,587,918
SSP,8,429,30,60,32,36,331,587,918
SSP,8,430,30,60,32,36,332,587,919
SSP,8,431,30,60,32,36,332,587,919
SSP,8,432,30,60,32,36,333,590,923
SSP,8,433,30,60,32,36,333,591,924
SSP,8,434,30,60,32,36,334,591,925
SSP,8,435,30,60,32,36,334,591,925
SSP,8,436,30,60,32,36,334,593,927
SSP,8,437,30,60,32,36,336,594,930
SSP,8,438,30,60,33,36,336,594,930
SSP,8,439,30,60,33,36,338,594,932
SSP,8,440,31,61,33,35,338,596,934
SSP,8,441,31,61,33,35,338,599,937
SSP,8,442,31,61,33,35,338,600,938
SSP,8,443,31,61,33,35,338,601,939
SSP,8,444,31,61,33,35,339,602,941
SSP,8,445,31,61,33,35,340,604,944
SSP,8,446,31,61,33,35,341,605,946
SSP,8,447,31,61,33,35,341,606,947
SSP,8,448,31,61,33,35,341,607,948
SSP,8,449,31,61,33,35,341,607,948
SSP,8,450,31,61,33,35,342,607,949
SSP,8,451,31,61,33,35,342,607,949
SSP,8,452,31,61,33,35,343,607,950
SSP,8,453,31,61,33,35,346,609,955
SSP,8,454,31,61,33,35,347,610,957
SSP,8,455,31,61,33,35,347,610,957
SSP,8,456,31,61,33,35,347,614,961
SSP,8,457,31,61,33,35,347,614,961
SSP,8,458,31,61,33,35,347,615,962
SSP,8,459,31,61,33,35,347,615,962
SSP,8,460,31,61,33,35,347,615,962
SSP,8,461,31,61,33,35,348,615,963
SSP,8,462,31,61,33,35,349,616,965
SSP,8,463,31,61,33,35,349,617,966
SSP,8,464,31,61,33,35,350,618,968
SSP,8,465,31,61,33,35,351,618,969
SSP,8,466,31,61,33,35,354,621,975
SSP,8,467,31,61,33,35,354,621,975
SSP,8,468,32,62,33,34,354,621,975
SSP,8,469,32,62,33,34,354,622,976
SSP,8,470,32,62,33,34,354,622,976
SSP,8,471,32,62,33,34,355,623,978
SSP,8,472,32,62,33,34,355,625,980
SSP,8,473,32,62,33,34,355,626,981
SSP,8,474,32,62,33,34,355,626,981
SSP,8,475,32,62,33,34,355,627,982
SSP,8,476,32,62,33,34,355,629,984
SSP,8,477,32,62,33,34,355,632,987
SSP,8,478,32,62,33,34,355,632,987
SSP,8,479,32,62,33,34,356,633,989
SSP,8,480,32,62,33,34,357,634,991
SSP,8,481,32,62,33,34,358,634,992
SSP,8,482,32,62,33,34,359,634,993
SSP,8,483,32,62,33,34,359,634,993
SSP,8,484,32,62,33,34,360,635,995
SSP,8,485,32,62,33,34,360,635,995
SSP,8,486,32,62,33,34,360,639,999
SSP,8,487,32,62,33,34,360,640,1000
SSP,8,488,32,62,33,34,360,641,1001
SSP,8,489,32,62,33,34,360,642,1002
SSP,8,490,32,62,33,34,360,642,1002
SSP,8,491,32,62,33,34,360,644,1004
SSP,8,492,32,62,33,35,362,644,1006
SSP,8,493,32,62,33,35,362,644,1006
SSP,8,494,32,62,33,35,364,645,1009
SSP,8,495,33,63,34,34,364,646,1010
SSP,8,496,33,63,34,34,364,646,1010
SSP,8,497,33,63,34,34,365,646,1011
SSP,8,498,33,63,34,34,365,648,1013
SSP,8,499,33,63,34,34,365,649,1014
SSP,9,0,0,2,5,12,0,1,1
SSP,9,1,0,5,6,12,0,2,2
SSP,9,2,0,5,9,12,0,3,3
SSP,9,3,0,5,9,12,0,4,4
SSP,9,4,0,5,10,12,0,4,4
SSP,9,5,0,5,10,12,0,4,4
SSP,9,6,0,5,10,12,0,5,5
SSP,9,7,0,5,10,12,0,6,6
SSP,9,8,0,5,10,12,0,8,8
SSP,9,9,0,5,10,12,0,9,9
SSP,9,10,0,5,10,12,0,11,11
SSP,9,11,0,5,10,12,0,11,11
SSP,9,12,0,5,10,12,0,12,12
SSP,9,13,0,5,10,12,0,15,15
SSP,9,14,0,5,10,12,0,18,18
SSP,9,15,0,5,10,12,0,21,21
SSP,9,16,0,5,10,12,1,23,24
SSP,9,17,0,5,10,12,1,25,26
SSP,9,18,0,5,10,12,1,27,28
SSP,9,19,0,5,10,12,1,30,31
SSP,9,20,0,5,10,13,2,31,33
SSP,9,21,0,5,10,13,2,34,36
SSP,9,22,0,5,10,13,3,35,38
SSP,9,23,0,5,10,13,3,37,40
SSP,9,24,0,5,10,13,4,38,42
SSP,9,25,0,5,10,13,4,39,43
SSP,9,26,0,5,10,13,5,43,48
SSP,9,27,0,6,10,14,6,44,50
SSP,9,28,0,6,10,14,6,47,53
SSP,9,29,0,6,10,15,7,49,56
SSP,9,30,0,6,10,15,7,50,57
SSP,9,31,0,6,11,15,7,51,58
SSP,9,32,0,6,11,15,8,53,61
SSP,9,33,0,8,11,15,8,58,66
SSP,9,34,0,8,11,17,10,59,69
SSP,9,35,0,8,12,17,12,61,73
SSP,9,36,0,8,14,17,12,64,76
SSP,9,37,0,9,14,18,13,65,78
SSP,9,38,0,9,14,18,13,67,80
SSP,9,39,0,9,14,18,13,72,85
SSP,9,40,0,9,14,19,15,75,90
SSP,9,41,0,10,14,19,17,77,94
SSP,9,42,0,10,14,19,17,81,98
SSP,9,43,0,10,14,19,18,81,99
SSP,9,44,0,10,14,20,20,84,104
SSP,9,45,0,10,14,20,21,85,106
SSP,9,46,0,10,14,20,21,87,108
SSP,9,47,0,10,14,20,21,88,109
SSP,9,48,0,10,14,21,23,89,112
SSP,9,49,0,11,14,21,24,89,113
SSP,9,50,0,11,14,22,26,93,119
SSP,9,51,0,11,14,23,27,95,122
SSP,9,52,0,11,14,23,28,96,124
SSP,9,53,0,11,14,23,28,96,124
SSP,9,54,0,12,14,23,29,99,128
SSP,9,55,0,12,14,24,31,99,130
SSP,9,56,0,12,14,24,31,101,132
SSP,9,57,0,12,14,25,33,101,134
SSP,9,58,0,12,14,26,35,103,138
SSP,9,59,0,12,14,26,35,103,138
SSP,9,60,0,12,14,26,36,103,139
SSP,9,61,0,12,14,26,37,105,142
SSP,9,62,0,12,14,26,37,109,146
SSP,9,63,0,13,14,26,37,111,148
SSP,9,64,0,13,14,27,38,112,150
SSP,9,65,0,13,14,27,39,113,152
SSP,9,66,1,14,14,26,40,113,153
SSP,9,67,1,14,14,27,42,114,156
SSP,9,68,1,14,14,27,42,117,159
SSP,9,69,1,14,14,28,43,120,163
SSP,9,70,1,14,14,29,44,121,165
SSP,9,71,1,14,14,29,45,122,167
SSP,9,72,1,14,14,29,45,122,167
SSP,9,73,1,14,14,29,46,124,170
SSP,9,74,1,15,15,29,46,125,171
SSP,9,75,1,15,15,29,47,126,173
SSP,9,76,1,15,17,29,48,128,176
SSP,9,77,1,15,17,29,50,130,180
SSP,9,78,1,15,17,30,53,131,184
SSP,9,79,1,15,17,30,54,133,187
SSP,9,80,1,15,17,30,54,135,189
SSP,9,81,1,15,17,30,54,136,190
SSP,9,82,1,15,17,30,55,140,195
SSP,9,83,1,15,17,30,56,142,198
SSP,9,84,1,15,17,30,57,144,201
SSP,9,85,1,15,18,30,58,146,204
SSP,9,86,1,15,18,31,59,146,205
SSP,9,87,1,15,18,32,60,146,206
SSP,9,88,1,15,18,32,60,147,207
SSP,9,89,1,15,18,32,60,148,208
SSP,9,90,1,15,20,32,62,152,214
SSP,9,91,2,16,20,32,65,155,220
SSP,9,92,2,16,20,33,66,157,223
SSP,9,93,2,16,20,35,68,159,227
SSP,9,94,2,16,20,35,68,160,228
SSP,9,95,2,16,20,35,68,160,228
SSP,9,96,2,17,20,35,68,161,229
SSP,9,97,2,17,20,35,68,164,232
SSP,9,98,2,17,20,35,68,169,237
SSP,9,99,2,17,21,35,69,170,239
SSP,9,100,2,17,21,36,70,170,240
SSP,9,101,2,18,21,37,71,172,243
SSP,9,102,2,18,21,37,71,173,244
SSP,9,103,2,18,21,38,74,177,251
SSP,9,104,2,18,21,38,75,177,252
SSP,9,105,2,18,21,38,76,177,253
SSP,9,106,2,18,21,38,77,182,259
SSP,9,107,2,18,21,38,79,184,263
SSP,9,108,3,19,21,37,80,186,266
SSP,9,109,4,20,21,36,80,188,268
SSP,9,110,4,20,22,36,82,189,271
SSP,9,111,4,21,22,37,83,192,275
SSP,9,112,4,23,22,37,84,194,278
SSP,9,113,4,23,22,37,85,196,281
SSP,9,114,4,23,22,37,85,199,284
SSP,9,115,4,23,22,37,86,200,286
SSP,9,116,4,23,22,37,86,200,286
SSP,9,117,4,23,22,37,87,201,288
SSP,9,118,4,23,22,37,87,204,291
SSP,9,119,5,25,22,36,88,210,298
SSP,9,120,5,25,22,36,88,213,301
SSP,9,121,6,26,22,35,88,216,304
SSP,9,122,6,26,22,35,89,216,305
SSP,9,123,6,26,22,35,89,217,306
SSP,9,124,6,26,22,35,89,218,307
SSP,9,125,6,26,22,35,90,221,311
SSP,9,126,6,26,22,35,91,222,313
SSP,9,127,6,26,23,35,92,223,315
SSP,9,128,6,26,23,36,93,225,318
SSP,9,129,6,26,24,36,93,226,319
SSP,9,130,6,26,25,36,94,227,321
SSP,9,131,7,27,25,35,96,230,326
SSP,9,132,7,27,25,35,96,233,329
SSP,9,133,7,28,25,35,96,235,331
SSP,9,134,7,28,25,35,99,237,336
SSP,9,135,7,28,25,35,101,238,339
SSP,9,136,7,28,25,35,101,240,341
SSP,9,137,7,28,25,35,102,243,345
SSP,9,138,7,28,25,35,103,245,348
SSP,9,139,7,28,26,35,103,247,350
SSP,9,140,8,29,26,34,103,248,351
SSP,9,141,8,29,26,34,103,248,351
SSP,9,142,8,29,26,34,104,248,352
SSP,9,143,8,29,26,34,105,251,356
SSP,9,144,8,29,26,34,108,252,360
SSP,9,145,8,29,26,34,108,253,361
SSP,9,146,8,30,27,35,110,257,367
SSP,9,147,8,30,27,35,110,258,368
SSP,9,148,8,30,28,35,110,259,369
SSP,9,149,8,30,28,35,110,262,372
SSP,9,150,9,31,28,35,111,263,374
SSP,9,151,9,31,28,35,111,263,374
SSP,9,152,9,31,29,35,112,266,378
SSP,9,153,9,32,29,35,114,266,380
SSP,9,154,9,32,30,36,116,266,382
SSP,9,155,9,32,30,36,116,269,385
SSP,9,156,10,34,30,35,120,272,392
SSP,9,157,11,35,31,34,120,273,393
SSP,9,158,11,35,31,34,121,277,398
SSP,9,159,11,35,31,34,122,277,399
SSP,9,160,11,35,32,34,122,279,401
SSP,9,161,11,35,32,34,123,279,402
SSP,9,162,11,35,32,34,124,279,403
SSP,9,163,11,35,32,34,124,281,405
SSP,9,164,11,35,32,34,124,282,406
SSP,9,165,11,35,32,34,124,284,408
SSP,9,166,11,35,32,34,127,284,411
SSP,9,167,11,36,32,34,128,285,413
SSP,9,168,11,36,32,34,128,286,414
SSP,9,169,11,36,32,34,128,287,415
SSP,9,170,11,36,32,34,128,288,416
SSP,9,171,11,36,32,35,130,289,419
SSP,9,172,11,36,32,35,130,289,419
SSP,9,173,11,36,32,35,131,290,421
SSP,9,174,11,36,33,35,134,290,424
SSP,9,175,11,36,34,35,136,290,426
SSP,9,176,11,36,34,35,137,291,428
SSP,9,177,11,36,34,35,139,292,431
SSP,9,178,11,36,34,35,140,292,432
SSP,9,179,11,36,34,35,142,292,434
SSP,9,180,11,36,34,36,144,294,438
SSP,9,181,11,36,35,36,146,296,442
SSP,9,182,12,37,36,35,146,297,443
SSP,9,183,12,38,36,35,147,299,446
SSP,9,184,12,38,37,35,147,303,450
SSP,9,185,12,38,37,35,150,303,453
SSP,9,186,12,38,38,37,152,305,457
SSP,9,187,12,38,39,37,152,306,458
SSP,9,188,12,38,41,37,154,308,462
SSP,9,189,12,39,41,37,155,309,464
SSP,9,190,12,39,41,37,155,312,467
SSP,9,191,12,39,41,37,155,313,468
SSP,9,192,13,40,41,37,156,313,469
SSP,9,193,13,40,41,37,156,314,470
SSP,9,194,13,40,41,37,156,314,470
SSP,9,195,13,40,41,37,157,315,472
SSP,9,196,13,40,41,37,158,318,476
SSP,9,197,13,40,41,37,159,319,478
SSP,9,198,13,40,41,37,159,319,478
SSP,9,199,13,41,41,37,160,321,481
SSP,9,200,13,41,41,38,161,322,483
SSP,9,201,13,41,41,38,161,325,486
SSP,9,202,15,43,41,36,161,326,487
SSP,9,203,15,43,41,36,161,328,489
SSP,9,204,15,43,41,36,163,328,491
SSP,9,205,15,43,41,36,163,329,492
SSP,9,206,15,43,42,36,164,331,495
SSP,9,207,16,44,42,35,166,332,498
SSP,9,208,16,44,42,35,167,335,502
SSP,9,209,16,44,42,35,167,335,502
SSP,9,210,16,44,42,35,171,335,506
SSP,9,211,16,44,43,35,171,339,510
SSP,9,212,16,44,43,35,172,340,512
SSP,9,213,16,44,43,35,174,341,515
SSP,9,214,16,44,44,35,174,341,515
SSP,9,215,16,44,44,35,174,341,515
SSP,9,216,16,44,44,35,174,341,515
SSP,9,217,16,44,44,35,174,342,516
SSP,9,218,16,44,44,35,175,343,518
SSP,9,219,16,44,44,35,175,344,519
SSP,9,220,16,44,44,35,176,345,521
SSP,9,221,16,44,44,35,177,345,522
SSP,9,222,16,44,44,35,177,347,524
SSP,9,223,16,44,44,35,178,351,529
SSP,9,224,17,45,45,34,178,352,530
SSP,9,225,17,45,45,34,179,353,532
SSP,9,226,17,45,45,34,180,353,533
SSP,9,227,17,45,45,34,180,353,533
SSP,9,228,17,45,45,34,181,353,534
SSP,9,229,17,45,45,34,182,356,538
SSP,9,230,17,45,46,34,183,358,541
SSP,9,231,17,45,47,34,183,360,543
SSP,9,232,18,46,47,34,185,362,547
SSP,9,233,18,46,47,34,186,362,548
SSP,9,234,18,46,47,34,188,363,551
SSP,9,235,18,46,47,34,188,365,553
SSP,9,236,18,46,47,34,189,366,555
SSP,9,237,18,46,47,34,190,367,557
SSP,9,238,18,46,47,34,190,367,557
SSP,9,239,18,46,47,34,190,367,557
SSP,9,240,18,46,47,34,190,367,557
SSP,9,241,18,46,47,34,190,368,558
SSP,9,242,18,46,48,34,191,369,560
SSP,9,243,18,46,49,34,191,372,563
SSP,9,244,18,46,50,34,192,373,565
SSP,9,245,18,46,51,35,194,374,568
SSP,9,246,18,47,51,35,194,376,570
SSP,9,247,18,47,51,35,195,377,572
SSP,9,248,18,47,51,35,195,378,573
SSP,9,249,18,47,51,35,196,378,574
SSP,9,250,18,47,51,35,196,382,578
SSP,9,251,18,47,51,35,196,382,578
SSP,9,252,18,47,51,35,196,386,582
SSP,9,253,18,47,52,35,197,387,584
SSP,9,254,19,48,52,34,197,388,585
SSP,9,255,19,48,53,34,197,390,587
SSP,9,256,19,48,53,34,197,391,588
SSP,9,257,19,48,54,34,198,392,590
SSP,9,258,19,48,54,34,199,393,592
SSP,9,259,20,49,54,33,199,393,592
SSP,9,260,20,49,54,33,199,393,592
SSP,9,261,20,49,54,33,199,393,592
SSP,9,262,20,49,54,33,200,393,593
SSP,9,263,20,49,54,33,201,395,596
SSP,9,264,20,49,54,33,201,398,599
SSP,9,265,22,51,54,31,201,401,602
SSP,9,266,22,51,54,31,201,403,604
SSP,9,267,22,51,54,31,202,403,605
SSP,9,268,22,51,54,31,202,403,605
SSP,9,269,22,51,54,31,203,405,608
SSP,9,270,22,51,54,31,203,407,610
SSP,9,271,22,51,54,31,204,407,611
SSP,9,272,22,51,54,31,205,407,612
SSP,9,273,22,51,54,32,206,407,613
SSP,9,274,22,51,54,32,207,409,616
SSP,9,275,22,51,54,32,209,409,618
SSP,9,276,22,51,54,32,209,410,619
SSP,9,277,22,51,54,32,209,410,619
SSP,9,278,23,52,55,31,209,412,621
SSP,9,279,23,52,55,31,210,413,623
SSP,9,280,23,52,55,33,212,413,625
SSP,9,281,23,52,55,33,212,415,627
SSP,9,282,23,52,55,34,213,417,630
SSP,9,283,23,52,55,34,213,417,630
SSP,9,284,23,52,55,34,213,417,630
SSP,9,285,23,52,55,34,215,417,632
SSP,9,286,23,52,55,34,215,418,633
SSP,9,287,23,52,55,34,215,419,634
SSP,9,288,23,52,55,34,215,420,635
SSP,9,289,23,52,55,34,216,421,637
SSP,9,290,23,52,56,34,216,421,637
SSP,9,291,23,52,56,34,216,423,639
SSP,9,292,23,52,56,34,216,424,640
SSP,9,293,23,52,56,34,217,425,642
SSP,9,294,24,53,56,33,218,428,646
SSP,9,295,24,53,56,33,219,429,648
SSP,9,296,24,53,56,33,219,430,649
SSP,9,297,24,53,56,33,219,431,650
SSP,9,298,24,53,56,33,219,432,651
SSP,9,299,24,53,56,33,220,433,653
SSP,9,300,24,53,56,33,220,434,654
SSP,9,301,24,53,56,33,221,435,656
SSP,9,302,24,53,56,33,221,435,656
SSP,9,303,24,53,56,33,221,435,656
SSP,9,304,24,53,56,34,222,435,657
SSP,9,305,24,53,56,34,222,436,658
SSP,9,306,24,53,56,34,222,439,661
SSP,9,307,24,53,56,34,222,441,663
SSP,9,308,24,53,56,34,222,442,664
SSP,9,309,24,54,56,34,224,444,668
SSP,9,310,24,54,56,34,224,444,668
SSP,9,311,24,54,56,34,224,445,669
SSP,9,312,24,54,56,34,225,445,670
SSP,9,313,24,54,57,34,226,446,672
SSP,9,314,24,54,57,34,227,447,674
SSP,9,315,25,55,57,33,227,451,678
SSP,9,316,25,55,58,33,228,452,680
SSP,9,317,25,55,58,33,228,454,682
SSP,9,318,25,55,58,33,229,455,684
SSP,9,319,25,55,58,33,230,455,685
SSP,9,320,25,55,59,33,231,455,686
SSP,9,321,25,55,59,33,231,456,687
SSP,9,322,25,55,59,33,231,457,688
SSP,9,323,26,56,59,32,231,457,688
SSP,9,324,26,56,59,32,231,458,689
SSP,9,325,26,56,59,32,231,458,689
SSP,9,326,26,56,59,32,231,460,691
SSP,9,327,26,56,59,32,232,461,693
SSP,9,328,26,56,60,33,233,462,695
SSP,9,329,26,56,61,33,233,464,697
SSP,9,330,26,56,61,34,234,464,698
SSP,9,331,26,56,61,34,234,465,699
SSP,9,332,26,56,61,34,234,467,701
SSP,9,333,26,56,61,34,235,467,702
SSP,9,334,26,56,61,34,235,469,704
SSP,9,335,26,56,62,34,236,469,705
SSP,9,336,26,56,62,34,236,470,706
SSP,9,337,26,56,62,35,238,471,709
SSP,9,338,27,57,62,34,239,474,713
SSP,9,339,27,57,62,34,240,476,716
SSP,9,340,27,57,62,34,240,476,716
SSP,9,341,27,57,62,34,241,478,719
SSP,9,342,27,57,62,34,242,478,720
SSP,9,343,27,57,63,34,242,479,721
SSP,9,344,27,57,63,34,242,480,722
SSP,9,345,28,58,63,33,242,480,722
SSP,9,346,28,58,63,33,242,481,723
SSP,9,347,28,58,63,33,242,482,724
SSP,9,348,28,58,63,33,243,482,725
SSP,9,349,28,58,63,33,244,483,727
SSP,9,350,28,58,63,33,244,483,727
SSP,9,351,28,58,63,33,244,486,730
SSP,9,352,28,58,63,33,245,486,731
SSP,9,353,28,58,64,33,245,487,732
SSP,9,354,28,58,64,33,245,491,736
SSP,9,355,28,59,64,33,245,491,736
SSP,9,356,29,60,64,32,246,492,738
SSP,9,357,29,60,64,32,246,492,738
SSP,9,358,29,60,64,32,247,492,739
SSP,9,359,29,60,64,32,247,493,740
SSP,9,360,29,60,64,32,248,494,742
SSP,9,361,29,60,65,32,248,495,743
SSP,9,362,29,60,66,32,250,497,747
SSP,9,363,30,61,66,31,252,497,749
SSP,9,364,30,61,66,31,252,497,749
SSP,9,365,30,61,66,31,252,499,751
SSP,9,366,30,61,66,31,252,499,751
SSP,9,367,30,61,66,31,252,500,752
SSP,9,368,30,61,66,31,253,501,754
SSP,9,369,30,61,66,31,255,502,757
SSP,9,370,30,61,67,31,255,504,759
SSP,9,371,30,61,67,32,256,505,761
SSP,9,372,30,61,67,32,256,506,762
SSP,9,373,30,61,67,32,257,507,764
SSP,9,374,30,61,67,32,257,507,764
SSP,9,375,30,61,68,32,257,508,765
SSP,9,376,30,61,68,32,257,508,765
SSP,9,377,30,61,68,32,257,508,765
SSP,9,378,30,61,68,32,257,508,765
SSP,9,379,30,61,68,32,259,509,768
SSP,9,380,30,61,68,32,260,509,769
SSP,9,381,30,61,69,32,260,511,771
SSP,9,382,30,61,69,32,260,511,771
SSP,9,383,30,61,69,32,260,512,772
SSP,9,384,30,61,70,32,260,516,776
SSP,9,385,31,62,70,31,260,516,776
SSP,9,386,31,62,70,31,261,518,779
SSP,9,387,31,62,71,31,261,518,779
SSP,9,388,31,62,72,31,261,520,781
SSP,9,389,32,63,72,31,263,521,784
SSP,9,390,32,63,72,31,263,523,786
SSP,9,391,32,63,72,31,263,526,789
SSP,9,392,32,63,72,31,263,527,790
SSP,9,393,32,63,72,31,263,528,791
SSP,9,394,32,63,72,31,263,529,792
SSP,9,395,32,63,72,31,263,530,793
SSP,9,396,32,63,72,31,264,531,795
SSP,9,397,32,63,73,31,264,531,795
SSP,9,398,32,63,73,31,265,533,798
SSP,9,399,32,63,73,31,265,533,798
SSP,9,400,32,63,73,31,265,533,798
SSP,9,401,32,63,73,31,266,535,801
SSP,9,402,32,63,73,31,267,536,803
SSP,9,403,32,63,73,31,268,536,804
SSP,9,404,32,63,73,31,269,537,806
SSP,9,405,32,63,73,31,269,540,809
SSP,9,406,32,63,73,31,269,541,810
SSP,9,407,32,64,74,32,272,543,815
SSP,9,408,32,64,74,32,272,543,815
SSP,9,409,32,64,74,32,272,543,815
SSP,9,410,32,64,74,32,274,543,817
SSP,9,411,32,64,74,32,275,543,818
SSP,9,412,32,64,74,32,275,543,818
SSP,9,413,32,64,74,32,275,544,819
SSP,9,414,32,64,74,32,278,544,822
SSP,9,415,32,64,74,32,278,544,822
SSP,9,416,32,64,74,32,279,546,825
SSP,9,417,33,65,74,31,279,546,825
SSP,9,418,33,65,74,31,279,546,825
SSP,9,419,33,65,74,31,279,546,825
SSP,9,420,33,65,74,31,280,547,827
SSP,9,421,33,65,74,31,281,547,828
SSP,9,422,33,65,74,31,281,547,828
SSP,9,423,33,65,74,31,282,549,831
SSP,9,424,33,65,74,32,283,551,834
SSP,9,425,33,65,75,32,285,552,837
SSP,9,426,33,65,76,32,287,552,839
SSP,9,427,33,65,76,32,287,552,839
SSP,9,428,33,65,76,32,287,552,839
SSP,9,429,33,65,76,32,289,552,841
SSP,9,430,33,65,76,32,290,553,843
SSP,9,431,33,65,76,32,290,554,844
SSP,9,432,33,65,76,32,290,555,845
SSP,9,433,33,65,76,32,290,555,845
SSP,9,434,33,65,76,32,290,555,845
SSP,9,435,33,65,76,32,290,555,845
SSP,9,436,34,66,76,31,291,557,848
SSP,9,437,34,66,76,31,291,558,849
SSP,9,438,34,66,76,31,293,558,851
SSP,9,439,34,66,76,31,293,558,851
SSP,9,440,34,66,76,31,293,558,851
SSP,9,441,34,66,76,31,293,558,851
SSP,9,442,34,66,77,31,295,559,854
SSP,9,443,34,66,77,31,297,559,856
SSP,9,444,34,66,77,31,297,560,857
SSP,9,445,34,66,77,31,298,560,858
SSP,9,446,34,66,77,31,299,560,859
SSP,9,447,34,66,77,31,300,560,860
SSP,9,448,34,66,77,31,300,561,861
SSP,9,449,34,66,77,31,300,562,862
SSP,9,450,34,66,77,31,300,562,862
SSP,9,451,34,66,77,31,300,564,864
SSP,9,452,34,66,77,31,300,564,864
SSP,9,453,34,66,77,31,301,564,865
SSP,9,454,34,66,77,31,301,565,866
SSP,9,455,34,66,77,31,301,567,868
SSP,9,456,34,66,77,31,301,568,869
SSP,9,457,34,66,77,31,301,568,869
SSP,9,458,34,66,77,31,301,569,870
SSP,9,459,34,66,77,31,301,569,870
SSP,9,460,35,67,77,30,302,571,873
SSP,9,461,35,67,77,30,303,571,874
SSP,9,462,35,67,77,30,303,571,874
SSP,9,463,35,67,77,30,303,573,876
SSP,9,464,36,68,77,29,303,576,879
SSP,9,465,36,68,77,29,303,578,881
SSP,9,466,36,68,77,29,303,578,881
SSP,9,467,36,68,77,29,303,580,883
SSP,9,468,36,68,77,29,303,583,886
SSP,9,469,36,68,77,29,304,583,887
SSP,9,470,36,68,77,29,305,584,889
SSP,9,471,36,68,77,29,305,584,889
SSP,9,472,36,68,77,29,306,584,890
SSP,9,473,36,68,77,29,306,585,891
SSP,9,474,36,68,77,29,306,586,892
SSP,9,475,36,68,77,29,307,587,894
SSP,9,476,36,68,77,29,308,587,895
SSP,9,477,36,68,77,29,309,588,897
SSP,9,478,36,68,77,29,309,588,897
SSP,9,479,37,69,77,28,309,589,898
SSP,9,480,37,69,77,28,310,589,899
SSP,9,481,37,69,77,28,312,589,901
SSP,9,482,37,69,77,28,313,589,902
SSP,9,483,38,70,77,27,314,592,906
SSP,9,484,38,70,77,27,315,592,907
SSP,9,485,38,70,77,27,316,593,909
SSP,9,486,38,70,77,27,316,593,909
SSP,9,487,38,70,77,27,316,593,909
SSP,9,488,38,70,77,27,316,594,910
SSP,9,489,38,71,77,27,316,596,912
SSP,9,490,38,71,77,27,316,596,912
SSP,9,491,38,71,77,27,316,596,912
SSP,9,492,38,71,77,27,316,596,912
SSP,9,493,38,71,77,27,316,596,912
SSP,9,494,38,71,77,27,318,597,915
SSP,9,495,38,71,77,27,320,598,918
SSP,9,496,38,71,78,27,320,599,919
SSP,9,497,38,71,78,27,320,600,920
SSP,9,498,38,71,78,27,320,600,920
SSP,9,499,38,71,78,27,320,601,921
HSP,0,0,1,7,6,6,0,0,0
HSP,0,1,1,10,9,6,0,0,0
HSP,0,2,2,13,11,5,0,3,3
HSP,0,3,2,15,13,5,0,4,4
HSP,0,4,2,15,13,5,0,5,5
HSP,0,5,2,15,13,5,0,6,6
HSP,0,6,2,18,16,5,0,7,7
HSP,0,7,2,20,18,5,0,8,8
HSP,0,8,2,21,19,5,0,10,10
HSP,0,9,2,22,20,5,0,12,12
HSP,0,10,2,22,20,5,0,14,14
HSP,0,11,2,24,22,6,1,14,15
HSP,0,12,2,25,23,6,1,14,15
HSP,0,13,2,25,23,6,1,15,16
HSP,0,14,2,25,23,6,1,16,17
HSP,0,15,2,27,25,6,1,20,21
HSP,0,16,3,28,25,5,1,26,27
HSP,0,17,3,31,28,5,1,30,31
HSP,0,18,3,33,30,5,1,30,31
HSP,0,19,3,35,32,5,1,33,34
HSP,0,20,3,36,33,5,1,36,37
HSP,0,21,4,37,33,4,2,38,40
HSP,0,22,4,38,34,4,3,41,44
HSP,0,23,4,39,35,4,3,42,45
HSP,0,24,4,41,37,5,5,44,49
HSP,0,25,4,41,37,5,5,45,50
HSP,0,26,4,42,38,5,5,48,53
HSP,0,27,4,43,39,5,5,50,55
HSP,0,28,4,44,40,6,6,50,56
HSP,0,29,4,45,41,6,7,50,57
HSP,0,30,4,45,41,7,8,51,59
HSP,0,31,4,47,43,7,8,53,61
HSP,0,32,4,48,44,7,9,54,63
HSP,0,33,4,49,45,8,10,55,65
HSP,0,34,4,49,45,8,11,56,67
HSP,0,35,4,50,46,9,12,56,68
HSP,0,36,4,50,46,10,13,56,69
HSP,0,37,4,50,46,10,13,56,69
HSP,0,38,4,51,47,10,15,58,73
HSP,0,39,4,52,48,11,16,60,76
HSP,0,40,4,53,49,11,17,60,77
HSP,0,41,4,53,49,12,18,61,79
HSP,0,42,5,54,49,12,19,61,80
HSP,0,43,5,54,49,12,19,62,81
HSP,0,44,6,56,50,11,19,66,85
HSP,0,45,6,56,50,11,20,67,87
HSP,0,46,6,56,50,11,20,68,88
HSP,0,47,6,56,50,11,20,68,88
HSP,0,48,7,57,50,10,20,68,88
HSP,0,49,8,59,51,9,21,68,89
HSP,0,50,8,59,51,9,21,70,91
HSP,0,51,8,59,51,10,23,71,94
HSP,0,52,8,59,51,10,24,74,98
HSP,0,53,8,59,51,10,25,76,101
HSP,0,54,8,59,51,10,25,76,101
HSP,0,55,8,59,51,11,26,77,103
HSP,0,56,8,60,52,11,26,78,104
HSP,0,57,8,60,52,11,27,78,105
HSP,0,58,8,61,53,11,27,79,106
HSP,0,59,8,61,53,11,28,80,108
HSP,0,60,8,61,53,11,29,80,109
HSP,0,61,8,61,53,11,29,80,109
HSP,0,62,8,62,54,11,29,80,109
HSP,0,63,8,62,54,11,33,81,114
HSP,0,64,8,62,54,11,34,82,116
HSP,0,65,8,62,54,11,34,83,117
HSP,0,66,8,62,54,11,34,85,119
HSP,0,67,9,63,54,10,34,86,120
HSP,0,68,9,63,54,10,34,88,122
HSP,0,69,9,63,54,10,34,88,122
HSP,0,70,9,63,54,10,34,88,122
HSP,0,71,9,63,54,11,35,88,123
HSP,0,72,9,64,55,11,35,88,123
HSP,0,73,9,64,55,11,36,89,125
HSP,0,74,9,64,55,12,37,89,126
HSP,0,75,9,64,55,12,37,91,128
HSP,0,76,9,64,55,12,38,91,129
HSP,0,77,9,64,55,13,39,93,132
HSP,0,78,9,64,55,13,39,94,133
HSP,0,79,9,64,55,13,39,96,135
HSP,0,80,9,64,55,14,40,97,137
HSP,0,81,9,64,55,14,41,98,139
HSP,0,82,9,65,56,14,41,100,141
HSP,0,83,9,65,56,14,41,100,141
HSP,0,84,9,65,56,14,41,102,143
HSP,0,85,9,65,56,14,41,103,144
HSP,0,86,9,65,56,14,41,103,144
HSP,0,87,9,65,56,14,42,106,148
HSP,0,88,9,66,57,14,42,108,150
HSP,0,89,9,66,57,14,43,109,152
HSP,0,90,9,66,57,14,43,109,152
HSP,0,91,9,66,57,14,44,109,153
HSP,0,92,9,66,57,15,45,109,154
HSP,0,93,9,66,57,15,45,110,155
HSP,0,94,9,66,57,16,46,110,156
HSP,0,95,9,66,57,16,46,110,156
HSP,0,96,9,66,57,16,48,110,158
HSP,0,97,9,66,57,16,48,111,159
HSP,0,98,9,67,58,16,49,111,160
HSP,0,99,9,67,58,16,49,113,162
HSP,0,100,9,67,58,17,50,113,163
HSP,0,101,9,67,58,17,51,115,166
HSP,0,102,9,67,58,17,52,116,168
HSP,0,103,9,67,58,17,52,116,168
HSP,0,104,9,67,58,17,53,116,169
HSP,0,105,9,67,58,17,53,117,170
HSP,0,106,11,69,58,16,54,117,171
HSP,0,107,11,69,58,17,55,117,172
HSP,0,108,11,69,58,17,57,118,175
HSP,0,109,11,69,58,17,57,118,175
HSP,0,110,11,69,58,17,57,119,176
HSP,0,111,11,69,58,17,57,119,176
HSP,0,112,11,69,58,17,57,119,176
HSP,0,113,11,69,58,17,57,121,178
HSP,0,114,11,69,58,18,58,121,179
HSP,0,115,11,69,58,19,59,122,181
HSP,0,116,11,69,58,19,61,123,184
HSP,0,117,11,69,58,19,61,123,184
HSP,0,118,11,69,58,20,62,123,185
HSP,0,119,11,69,58,21,64,123,187
HSP,0,120,11,69,58,21,64,124,188
HSP,0,121,11,69,58,21,64,125,189
HSP,0,122,11,69,58,21,64,125,189
HSP,0,123,11,69,58,21,64,126,190
HSP,0,124,11,69,58,21,64,126,190
HSP,0,125,11,69,58,22,66,126,192
HSP,0,126,11,69,58,22,66,127,193
HSP,0,127,11,69,58,22,66,130,196
HSP,0,128,11,69,58,22,66,131,197
HSP,0,129,11,69,58,23,67,132,199
HSP,0,130,11,69,58,23,67,132,199
HSP,0,131,11,69,58,23,67,132,199
HSP,0,132,11,69,58,23,68,132,200
HSP,0,133,12,70,58,22,68,134,202
HSP,0,134,12,70,58,22,69,135,204
HSP,0,135,12,70,58,22,70,135,205
HSP,0,136,12,70,58,23,71,135,206
HSP,0,137,12,70,58,23,71,137,208
HSP,0,138,12,70,58,23,72,137,209
HSP,0,139,12,70,58,23,73,138,211
HSP,0,140,12,70,58,23,73,139,212
HSP,0,141,12,70,58,23,73,139,212
HSP,0,142,12,70,58,23,73,140,213
HSP,0,143,12,70,58,23,76,140,216
HSP,0,144,12,70,58,23,77,140,217
HSP,0,145,12,70,58,23,78,140,218
HSP,0,146,12,70,58,23,78,140,218
HSP,0,147,12,70,58,23,78,140,218
HSP,0,148,12,70,58,23,78,141,219
HSP,0,149,12,70,58,23,78,141,219
HSP,0,150,12,70,58,23,78,142,220
HSP,0,151,12,70,58,23,78,143,221
HSP,0,152,12,70,58,23,78,144,222
HSP,0,153,12,70,58,23,79,145,224
HSP,0,154,12,70,58,23,79,145,224
HSP,0,155,12,70,58,23,79,145,224
HSP,0,156,12,70,58,23,79,146,225
HSP,0,157,12,70,58,23,79,147,226
HSP,0,158,12,70,58,24,80,147,227
HSP,0,159,12,70,58,24,81,148,229
HSP,0,160,12,70,58,24,81,149,230
HSP,0,161,12,70,58,24,81,149,230
HSP,0,162,12,70,58,24,81,150,231
HSP,0,163,12,70,58,24,81,151,232
HSP,0,164,12,70,58,24,81,151,232
HSP,0,165,13,71,58,24,82,152,234
HSP,0,166,13,71,58,24,82,153,235
HSP,0,167,13,71,58,24,82,153,235
HSP,0,168,13,71,58,24,82,154,236
HSP,0,169,13,71,58,24,83,155,238
HSP,0,170,13,71,58,24,83,155,238
HSP,0,171,13,71,58,24,84,155,239
HSP,0,172,13,71,58,24,84,158,242
HSP,0,173,13,71,58,24,85,159,244
HSP,0,174,13,71,58,24,85,159,244
HSP,0,175,13,71,58,24,85,160,245
HSP,0,176,13,71,58,24,85,160,245
HSP,0,177,13,71,58,24,86,160,246
HSP,0,178,13,71,58,24,87,161,248
HSP,0,179,13,71,58,24,88,163,251
HSP,0,180,13,71,58,24,89,165,254
HSP,0,181,13,71,58,24,89,165,254
HSP,0,182,13,71,58,24,89,166,255
HSP,0,183,13,71,58,24,90,166,256
HSP,0,184,13,71,58,24,91,167,258
HSP,0,185,13,71,58,24,92,167,259
HSP,0,186,13,71,58,24,92,167,259
HSP,0,187,13,71,58,24,92,167,259
HSP,0,188,13,71,58,24,92,167,259
HSP,0,189,13,71,58,24,94,168,262
HSP,0,190,13,71,58,24,94,168,262
HSP,0,191,13,71,58,24,95,169,264
HSP,0,192,13,71,58,24,96,170,266
HSP,0,193,13,71,58,24,96,170,266
HSP,0,194,13,71,58,24,96,170,266
HSP,0,195,13,71,58,24,96,172,268
HSP,0,196,13,71,58,24,97,173,270
HSP,0,197,13,71,58,24,97,174,271
HSP,0,198,13,71,58,24,98,176,274
HSP,0,199,13,71,58,24,98,176,274
HSP,0,200,13,71,58,24,98,178,276
HSP,0,201,13,71,58,24,99,178,277
HSP,0,202,13,71,58,24,99,179,278
HSP,0,203,13,71,58,24,99,180,279
HSP,0,204,13,71,58,24,99,181,280
HSP,0,205,13,71,58,24,100,181,281
HSP,0,206,13,71,58,24,100,181,281
HSP,0,207,13,71,58,24,100,181,281
HSP,0,208,14,72,58,23,100,181,281
HSP,0,209,14,72,58,23,101,181,282
HSP,0,210,14,72,58,23,102,181,283
HSP,0,211,14,72,58,23,102,181,283
HSP,0,212,14,72,58,23,103,181,284
HSP,0,213,14,73,59,23,104,183,287
HSP,0,214,14,73,59,23,104,183,287
HSP,0,215,14,73,59,24,106,186,292
HSP,0,216,14,73,59,24,106,187,293
HSP,0,217,14,73,59,24,107,187,294
HSP,0,218,14,73,59,24,107,187,294
HSP,0,219,14,73,59,24,108,188,296
HSP,0,220,14,73,59,24,108,189,297
HSP,0,221,14,73,59,24,108,189,297
HSP,0,222,14,73,59,24,108,189,297
HSP,0,223,14,73,59,24,109,189,298
HSP,0,224,14,73,59,24,109,189,298
HSP,0,225,14,73,59,24,110,190,300
HSP,0,226,14,73,59,24,110,190,300
HSP,0,227,14,73,59,24,111,192,303
HSP,0,228,14,73,59,24,111,192,303
HSP,0,229,14,73,59,24,111,192,303
HSP,0,230,14,73,59,24,111,192,303
HSP,0,231,14,73,59,24,111,193,304
HSP,0,232,15,74,59,23,111,193,304
HSP,0,233,15,74,59,23,112,193,305
HSP,0,234,15,74,59,23,113,193,306
HSP,0,235,15,74,59,23,114,193,307
HSP,0,236,15,74,59,23,114,194,308
HSP,0,237,15,74,59,23,114,195,309
HSP,0,238,15,74,59,23,114,195,309
HSP,0,239,15,74,59,23,114,196,310
HSP,0,240,15,74,59,23,114,197,311
HSP,0,241,15,74,59,23,114,199,313
HSP,0,242,15,74,59,23,115,201,316
HSP,0,243,15,74,59,23,115,202,317
HSP,0,244,15,74,59,23,116,202,318
HSP,0,245,15,74,59,23,116,202,318
HSP,0,246,15,74,59,23,117,203,320
HSP,0,247,15,74,59,23,117,203,320
HSP,0,248,15,74,59,23,119,205,324
HSP,0,249,15,74,59,23,120,206,326
HSP,0,250,15,74,59,23,120,207,327
HSP,0,251,15,74,59,23,120,207,327
HSP,0,252,15,74,59,23,120,207,327
HSP,0,253,15,74,59,23,120,207,327
HSP,0,254,15,74,59,23,121,207,328
HSP,0,255,15,74,59,23,123,207,330
HSP,0,256,15,74,59,23,123,207,330
HSP,0,257,15,74,59,23,124,207,331
HSP,0,258,15,74,59,23,125,207,332
HSP,0,259,15,74,59,23,125,207,332
HSP,0,260,15,74,59,23,126,207,333
HSP,0,261,15,74,59,23,128,207,335
HSP,0,262,15,74,59,23,128,207,335
HSP,0,263,15,74,59,23,128,208,336
HSP,0,264,15,74,59,23,130,209,339
HSP,0,265,15,74,59,23,130,209,339
HSP,0,266,15,74,59,23,130,209,339
HSP,0,267,15,74,59,23,130,212,342
HSP,0,268,15,74,59,23,131,213,344
HSP,0,269,15,74,59,23,131,213,344
HSP,0,270,16,75,59,22,131,214,345
HSP,0,271,16,75,59,22,131,214,345
HSP,0,272,16,75,59,22,132,214,346
HSP,0,273,16,75,59,22,133,214,347
HSP,0,274,16,75,59,22,133,214,347
HSP,0,275,17,76,59,21,133,214,347
HSP,0,276,17,76,59,21,133,215,348
HSP,0,277,17,76,59,21,133,215,348
HSP,0,278,17,76,59,21,133,216,349
HSP,0,279,17,76,59,21,136,217,353
HSP,0,280,17,76,59,21,138,218,356
HSP,0,281,17,76,59,21,138,218,356
HSP,0,282,17,76,59,21,138,218,356
HSP,0,283,17,76,59,21,140,218,358
HSP,0,284,18,77,59,20,140,218,358
HSP,0,285,18,77,59,20,140,218,358
HSP,0,286,18,77,59,20,140,218,358
HSP,0,287,18,77,59,20,140,219,359
HSP,0,288,18,77,59,20,141,219,360
HSP,0,289,18,77,59,20,143,220,363
HSP,0,290,18,77,59,20,144,221,365
HSP,0,291,18,77,59,20,144,222,366
HSP,0,292,18,77,59,20,144,222,366
HSP,0,293,18,77,59,20,145,223,368
HSP,0,294,18,77,59,20,145,223,368
HSP,0,295,18,77,59,20,145,223,368
HSP,0,296,18,77,59,20,145,223,368
HSP,0,297,18,77,59,20,145,223,368
HSP,0,298,18,77,59,20,145,223,368
HSP,0,299,18,77,59,20,145,223,368
HSP,0,300,18,77,59,20,145,223,368
HSP,0,301,18,77,59,20,145,225,370
HSP,0,302,18,77,59,20,145,226,371
HSP,0,303,18,77,59,20,145,227,372
HSP,0,304,18,77,59,20,145,227,372
HSP,0,305,18,77,59,20,147,228,375
HSP,0,306,18,77,59,20,147,228,375
HSP,0,307,18,77,59,20,147,229,376
HSP,0,308,18,77,59,20,147,230,377
HSP,0,309,18,77,59,20,148,230,378
HSP,0,310,18,77,59,20,148,230,378
HSP,0,311,18,77,59,20,149,230,379
HSP,0,312,18,77,59,20,150,230,380
HSP,0,313,18,77,59,20,150,232,382
HSP,0,314,18,77,59,20,151,234,385
HSP,0,315,18,77,59,20,151,234,385
HSP,0,316,18,77,59,20,151,234,385
HSP,0,317,18,77,59,20,151,234,385
HSP,0,318,18,77,59,20,151,236,387
HSP,0,319,18,77,59,20,152,236,388
HSP,0,320,18,77,59,20,152,237,389
HSP,0,321,18,77,59,20,152,237,389
HSP,0,322,18,77,59,20,152,237,389
HSP,0,323,18,77,59,20,152,237,389
HSP,0,324,18,77,59,20,152,237,389
HSP,0,325,18,77,59,20,153,237,390
HSP,0,326,19,78,59,19,153,237,390
HSP,0,327,19,78,59,19,153,238,391
HSP,0,328,19,78,59,19,153,239,392
HSP,0,329,19,78,59,19,153,240,393
HSP,0,330,19,78,59,19,153,242,395
HSP,0,331,19,78,59,19,155,243,398
HSP,0,332,19,78,59,19,155,243,398
HSP,0,333,19,78,59,19,156,243,399
HSP,0,334,19,78,59,19,156,244,400
HSP,0,335,19,78,59,19,157,244,401
HSP,0,336,19,78,59,19,157,245,402
HSP,0,337,19,78,59,19,157,245,402
HSP,0,338,19,78,59,19,157,246,403
HSP,0,339,19,78,59,19,157,246,403
HSP,0,340,19,78,59,19,157,246,403
HSP,0,341,19,78,59,19,157,248,405
HSP,0,342,19,78,59,19,157,248,405
HSP,0,343,19,78,59,19,159,248,407
HSP,0,344,19,78,59,19,159,249,408
HSP,0,345,19,78,59,19,159,250,409
HSP,0,346,19,78,59,19,160,251,411
HSP,0,347,19,78,59,19,160,253,413
HSP,0,348,19,78,59,19,160,253,413
HSP,0,349,19,78,59,19,161,253,414
HSP,0,350,19,78,59,19,161,254,415
HSP,0,351,19,78,59,19,161,254,415
HSP,0,352,19,78,59,19,161,254,415
HSP,0,353,19,78,59,19,161,254,415
HSP,0,354,19,78,59,19,161,255,416
HSP,0,355,19,78,59,19,161,255,416
HSP,0,356,19,78,59,19,161,256,417
HSP,0,357,19,78,59,19,162,257,419
HSP,0,358,19,78,59,19,163,258,421
HSP,0,359,19,79,60,19,163,258,421
HSP,0,360,19,79,60,19,164,259,423
HSP,0,361,19,79,60,19,164,262,426
HSP,0,362,19,79,60,19,164,263,427
HSP,0,363,19,79,60,19,164,263,427
HSP,0,364,19,79,60,19,164,263,427
HSP,0,365,19,79,60,19,164,263,427
HSP,0,366,19,79,60,19,164,264,428
HSP,0,367,19,79,60,19,164,264,428
HSP,0,368,19,79,60,19,165,265,430
HSP,0,369,19,79,60,19,165,265,430
HSP,0,370,19,79,60,19,165,265,430
HSP,0,371,19,79,60,19,165,265,430
HSP,0,372,19,79,60,19,165,265,430
HSP,0,373,19,79,60,19,165,265,430
HSP,0,374,19,79,60,19,165,265,430
HSP,0,375,19,79,60,19,165,267,432
HSP,0,376,19,79,60,19,166,267,433
HSP,0,377,19,79,60,19,166,267,433
HSP,0,378,19,79,60,19,166,267,433
HSP,0,379,19,79,60,19,166,267,433
HSP,0,380,19,79,60,19,166,267,433
HSP,0,381,19,79,60,19,167,268,435
HSP,0,382,19,79,60,19,167,269,436
HSP,0,383,19,79,60,19,167,270,437
HSP,0,384,19,79,60,19,167,270,437
HSP,0,385,19,79,60,19,167,270,437
HSP,0,386,19,79,60,19,167,270,437
HSP,0,387,19,79,60,19,167,270,437
HSP,0,388,19,79,60,19,167,272,439
HSP,0,389,19,79,60,19,168,273,441
HSP,0,390,19,79,60,19,168,273,441
HSP,0,391,19,79,60,19,168,273,441
HSP,0,392,19,79,60,19,168,273,441
HSP,0,393,19,79,60,19,168,274,442
HSP,0,394,19,79,60,19,168,274,442
HSP,0,395,19,79,60,19,168,274,442
HSP,0,396,19,79,60,19,169,274,443
HSP,0,397,20,80,60,18,169,274,443
HSP,0,398,20,80,60,18,171,274,445
HSP,0,399,20,80,60,18,174,274,448
HSP,0,400,20,80,60,18,175,276,451
HSP,0,401,20,80,60,18,176,276,452
HSP,0,402,20,80,60,18,176,276,452
HSP,0,403,20,80,60,18,177,276,453
HSP,0,404,20,80,60,18,177,276,453
HSP,0,405,20,80,60,18,177,276,453
HSP,0,406,20,80,60,18,177,276,453
HSP,0,407,20,80,60,18,177,276,453
HSP,0,408,20,80,60,18,177,276,453
HSP,0,409,20,80,60,18,177,277,454
HSP,0,410,20,80,60,18,177,278,455
HSP,0,411,20,80,60,18,177,278,455
HSP,0,412,20,80,60,18,178,278,456
HSP,0,413,20,80,60,18,178,278,456
HSP,0,414,20,80,60,18,178,279,457
HSP,0,415,20,80,60,18,178,279,457
HSP,0,416,20,80,60,18,179,279,458
HSP,0,417,20,80,60,18,179,279,458
HSP,0,418,20,80,60,18,179,279,458
HSP,0,419,20,80,60,18,179,279,458
HSP,0,420,20,80,60,18,180,279,459
HSP,0,421,20,80,60,18,180,279,459
HSP,0,422,20,80,60,18,181,280,461
HSP,0,423,20,80,60,18,181,281,462
HSP,0,424,20,80,60,18,181,282,463
HSP,0,425,20,80,60,18,181,282,463
HSP,0,426,20,80,60,18,181,282,463
HSP,0,427,20,80,60,18,181,282,463
HSP,0,428,20,80,60,18,182,282,464
HSP,0,429,20,80,60,18,182,283,465
HSP,0,430,20,80,60,18,182,283,465
HSP,0,431,20,80,60,18,182,283,465
HSP,0,432,20,80,60,18,182,285,467
HSP,0,433,20,80,60,18,182,285,467
HSP,0,434,20,80,60,18,182,286,468
HSP,0,435,20,80,60,18,183,286,469
HSP,0,436,20,80,60,18,183,286,469
HSP,0,437,20,80,60,18,183,286,469
HSP,0,438,21,81,60,17,184,286,470
HSP,0,439,21,81,60,17,184,286,470
HSP,0,440,21,81,60,17,184,286,470
HSP,0,441,21,81,60,17,184,287,471
HSP,0,442,21,81,60,17,184,289,473
HSP,0,443,21,81,60,17,184,290,474
HSP,0,444,21,81,60,17,185,291,476
HSP,0,445,21,81,60,17,185,291,476
HSP,0,446,21,81,60,17,185,291,476
HSP,0,447,21,81,60,17,185,291,476
HSP,0,448,21,81,60,17,185,291,476
HSP,0,449,21,81,60,17,185,291,476
HSP,0,450,21,81,60,17,185,291,476
HSP,0,451,21,81,60,17,186,291,477
HSP,0,452,21,81,60,17,186,291,477
HSP,0,453,21,81,60,17,187,291,478
HSP,0,454,21,81,60,17,187,291,478
HSP,0,455,21,81,60,17,188,291,479
HSP,0,456,21,81,60,17,188,291,479
HSP,0,457,21,81,60,17,188,292,480
HSP,0,458,21,81,60,17,189,293,482
HSP,0,459,21,81,60,17,189,295,484
HSP,0,460,21,81,60,17,190,295,485
HSP,0,461,21,81,60,17,190,295,485
HSP,0,462,21,81,60,17,191,295,486
HSP,0,463,21,81,60,17,191,295,486
HSP,0,464,21,81,60,17,191,295,486
HSP,0,465,21,81,60,17,192,296,488
HSP,0,466,21,81,60,17,192,297,489
HSP,0,467,21,81,60,17,192,297,489
HSP,0,468,21,81,60,17,192,298,490
HSP,0,469,21,81,60,17,192,299,491
HSP,0,470,21,81,60,17,192,300,492
HSP,0,471,21,81,60,17,192,300,492
HSP,0,472,22,82,60,16,192,300,492
HSP,0,473,22,82,60,16,192,300,492
HSP,0,474,22,82,60,16,192,300,492
HSP,0,475,22,82,60,16,192,302,494
HSP,0,476,22,82,60,16,193,302,495
HSP,0,477,22,82,60,16,194,303,497
HSP,0,478,22,82,60,16,194,304,498
HSP,0,479,22,82,60,16,194,304,498
HSP,0,480,22,82,60,16,195,304,499
HSP,0,481,22,82,60,16,195,306,501
HSP,0,482,22,82,60,16,195,307,502
HSP,0,483,22,82,60,16,195,308,503
HSP,0,484,22,82,60,16,195,308,503
HSP,0,485,22,82,60,16,195,309,504
HSP,0,486,22,82,60,16,195,309,504
HSP,0,487,22,82,60,16,195,309,504
HSP,0,488,22,82,60,16,196,309,505
HSP,0,489,22,82,60,16,197,309,506
HSP,0,490,22,82,60,16,198,309,507
HSP,0,491,22,82,60,16,198,310,508
HSP,0,492,22,82,60,16,198,310,508
HSP,0,493,22,82,60,16,199,311,510
HSP,0,494,22,82,60,16,199,311,510
HSP,0,495,22,82,60,16,199,312,511
HSP,0,496,22,82,60,16,199,312,511
HSP,0,497,22,82,60,16,199,312,511
HSP,0,498,22,82,60,16,200,312,512
HSP,0,499,22,82,60,16,201,313,514
HSP,1,0,1,7,6,16,0,1,1
HSP,1,1,1,10,9,16,0,1,1
HSP,1,2,2,14,12,15,0,2,2
HSP,1,3,2,16,14,15,0,2,2
HSP,1,4,2,18,16,15,0,3,3
HSP,1,5,3,19,16,14,0,5,5
HSP,1,6,3,20,17,14,0,5,5
HSP,1,7,4,22,18,13,0,7,7
HSP,1,8,4,24,20,13,0,10,10
HSP,1,9,4,26,22,13,0,10,10
HSP,1,10,5,27,22,12,0,14,14
HSP,1,11,5,27,22,12,0,16,16
HSP,1,12,5,28,23,12,0,19,19
HSP,1,13,5,30,25,12,0,23,23
HSP,1,14,6,31,25,11,0,25,25
HSP,1,15,6,31,25,11,1,25,26
HSP,1,16,6,32,26,11,1,25,26
HSP,1,17,6,32,26,11,3,25,28
HSP,1,18,6,34,28,12,4,27,31
HSP,1,19,6,34,28,12,4,30,34
HSP,1,20,6,35,29,12,4,30,34
HSP,1,21,6,36,30,12,4,33,37
HSP,1,22,6,38,32,12,4,36,40
HSP,1,23,6,39,33,12,5,37,42
HSP,1,24,6,39,33,12,6,43,49
HSP,1,25,6,39,33,12,6,45,51
HSP,1,26,6,40,34,12,6,45,51
HSP,1,27,6,42,36,13,8,46,54
HSP,1,28,7,43,36,12,9,47,56
HSP,1,29,7,43,36,12,9,49,58
HSP,1,30,7,44,37,12,9,50,59
HSP,1,31,7,44,37,12,10,51,61
HSP,1,32,8,46,38,11,10,52,62
HSP,1,33,8,46,38,12,11,52,63
HSP,1,34,8,46,38,12,11,53,64
HSP,1,35,8,47,39,12,11,54,65
HSP,1,36,8,48,40,12,11,56,67
HSP,1,37,8,49,41,12,11,59,70
HSP,1,38,8,50,42,12,11,62,73
HSP,1,39,8,50,42,12,11,65,76
HSP,1,40,8,50,42,12,11,67,78
HSP,1,41,8,51,43,12,13,69,82
HSP,1,42,8,51,43,12,14,70,84
HSP,1,43,8,51,43,12,14,70,84
HSP,1,44,8,51,43,12,14,70,84
HSP,1,45,9,52,43,11,14,70,84
HSP,1,46,9,52,43,11,16,71,87
HSP,1,47,9,52,43,11,17,71,88
HSP,1,48,9,52,43,12,18,72,90
HSP,1,49,9,52,43,14,20,73,93
HSP,1,50,9,52,43,15,21,75,96
HSP,1,51,9,53,44,15,21,77,98
HSP,1,52,9,54,45,15,21,79,100
HSP,1,53,9,54,45,15,21,80,101
HSP,1,54,10,55,45,14,23,81,104
HSP,1,55,10,55,45,14,23,82,105
HSP,1,56,10,56,46,14,23,82,105
HSP,1,57,10,56,46,16,25,82,107
HSP,1,58,10,56,46,17,26,82,108
HSP,1,59,11,57,46,16,27,82,109
HSP,1,60,11,58,47,17,28,82,110
HSP,1,61,11,58,47,17,28,84,112
HSP,1,62,11,58,47,17,28,88,116
HSP,1,63,11,58,47,19,30,88,118
HSP,1,64,11,58,47,19,31,88,119
HSP,1,65,11,58,47,20,33,88,121
HSP,1,66,11,58,47,20,33,91,124
HSP,1,67,11,58,47,20,34,91,125
HSP,1,68,11,58,47,20,34,93,127
HSP,1,69,12,60,48,19,35,94,129
HSP,1,70,12,60,48,19,35,95,130
HSP,1,71,13,63,50,18,36,96,132
HSP,1,72,13,63,50,18,36,96,132
HSP,1,73,13,64,51,18,36,98,134
HSP,1,74,13,64,51,18,36,98,134
HSP,1,75,13,64,51,18,36,99,135
HSP,1,76,14,65,51,17,37,99,136
HSP,1,77,14,65,51,17,37,99,136
HSP,1,78,14,65,51,17,37,102,139
HSP,1,79,14,65,51,17,38,103,141
HSP,1,80,14,65,51,17,38,104,142
HSP,1,81,15,66,51,16,38,106,144
HSP,1,82,15,66,51,16,38,107,145
HSP,1,83,15,66,51,16,40,107,147
HSP,1,84,16,68,52,16,41,108,149
HSP,1,85,16,69,53,17,42,109,151
HSP,1,86,16,69,53,17,42,109,151
HSP,1,87,16,69,53,17,42,109,151
HSP,1,88,16,69,53,18,44,110,154
HSP,1,89,16,69,53,19,45,113,158
HSP,1,90,17,70,53,18,46,113,159
HSP,1,91,17,70,53,18,46,117,163
HSP,1,92,17,70,53,18,46,117,163
HSP,1,93,17,70,53,18,47,118,165
HSP,1,94,17,70,53,18,47,118,165
HSP,1,95,17,70,53,18,47,118,165
HSP,1,96,17,70,53,18,48,119,167
HSP,1,97,17,70,53,19,49,119,168
HSP,1,98,17,70,53,19,49,120,169
HSP,1,99,17,70,53,19,49,120,169
HSP,1,100,17,70,53,19,49,122,171
HSP,1,101,17,70,53,19,50,124,174
HSP,1,102,17,70,53,19,50,124,174
HSP,1,103,17,70,53,19,51,124,175
HSP,1,104,17,70,53,19,51,124,175
HSP,1,105,17,70,53,19,51,124,175
HSP,1,106,17,70,53,19,52,125,177
HSP,1,107,17,70,53,19,53,125,178
HSP,1,108,17,70,53,19,53,125,178
HSP,1,109,17,70,53,19,53,125,178
HSP,1,110,17,70,53,19,53,126,179
HSP,1,111,17,70,53,19,53,128,181
HSP,1,112,17,70,53,19,54,129,183
HSP,1,113,17,71,54,19,55,130,185
HSP,1,114,17,71,54,19,55,133,188
HSP,1,115,17,71,54,19,55,133,188
HSP,1,116,17,71,54,19,56,133,189
HSP,1,117,17,71,54,19,56,133,189
HSP,1,118,17,71,54,19,56,133,189
HSP,1,119,17,71,54,19,56,134,190
HSP,1,120,17,71,54,19,56,135,191
HSP,1,121,17,71,54,19,56,135,191
HSP,1,122,17,71,54,19,56,136,192
HSP,1,123,17,71,54,19,56,136,192
HSP,1,124,17,71,54,19,59,136,195
HSP,1,125,17,71,54,19,59,137,196
HSP,1,126,17,71,54,19,61,137,198
HSP,1,127,17,71,54,19,61,139,200
HSP,1,128,17,71,54,19,62,139,201
HSP,1,129,17,72,55,19,62,139,201
HSP,1,130,17,72,55,19,62,140,202
HSP,1,131,17,72,55,19,63,141,204
HSP,1,132,17,72,55,19,64,141,205
HSP,1,133,17,72,55,19,64,142,206
HSP,1,134,17,72,55,19,64,142,206
HSP,1,135,17,72,55,19,65,144,209
HSP,1,136,17,72,55,19,65,146,211
HSP,1,137,17,72,55,19,65,149,214
HSP,1,138,17,72,55,20,66,149,215
HSP,1,139,17,72,55,20,66,149,215
HSP,1,140,17,72,55,20,66,149,215
HSP,1,141,17,72,55,20,67,149,216
HSP,1,142,17,72,55,20,67,149,216
HSP,1,143,17,72,55,20,67,149,216
HSP,1,144,17,72,55,21,68,150,218
HSP,1,145,17,72,55,21,69,150,219
HSP,1,146,17,72,55,21,69,150,219
HSP,1,147,17,72,55,21,69,151,220
HSP,1,148,17,72,55,21,69,154,223
HSP,1,149,17,72,55,21,70,154,224
HSP,1,150,17,72,55,21,70,154,224
HSP,1,151,17,72,55,21,70,154,224
HSP,1,152,17,72,55,22,71,156,227
HSP,1,153,17,72,55,22,73,156,229
HSP,1,154,17,72,55,23,75,156,231
HSP,1,155,17,72,55,23,75,156,231
HSP,1,156,17,72,55,23,75,157,232
HSP,1,157,17,72,55,23,76,157,233
HSP,1,158,17,72,55,23,76,157,233
HSP,1,159,17,72,55,23,77,158,235
HSP,1,160,17,72,55,23,77,158,235
HSP,1,161,17,72,55,23,78,158,236
HSP,1,162,17,72,55,23,78,158,236
HSP,1,163,17,72,55,23,78,159,237
HSP,1,164,17,72,55,23,78,160,238
HSP,1,165,17,72,55,23,79,161,240
HSP,1,166,17,72,55,23,80,161,241
HSP,1,167,17,72,55,23,80,161,241
HSP,1,168,17,72,55,23,80,161,241
HSP,1,169,17,72,55,23,81,162,243
HSP,1,170,17,72,55,23,81,162,243
HSP,1,171,17,72,55,23,82,163,245
HSP,1,172,17,72,55,23,83,163,246
HSP,1,173,17,72,55,23,83,163,246
HSP,1,174,17,72,55,23,84,163,247
HSP,1,175,17,72,55,23,85,163,248
HSP,1,176,17,72,55,23,86,163,249
HSP,1,177,17,72,55,23,87,163,250
HSP,1,178,17,72,55,23,87,163,250
HSP,1,179,17,72,55,23,87,163,250
HSP,1,180,17,72,55,24,88,164,252
HSP,1,181,17,72,55,24,88,164,252
HSP,1,182,17,72,55,24,89,166,255
HSP,1,183,17,72,55,24,89,166,255
HSP,1,184,17,72,55,25,90,167,257
HSP,1,185,17,72,55,25,92,167,259
HSP,1,186,17,72,55,25,92,168,260
HSP,1,187,17,72,55,25,92,169,261
HSP,1,188,17,72,55,25,92,169,261
HSP,1,189,17,72,55,25,92,169,261
HSP,1,190,17,72,55,25,92,169,261
HSP,1,191,17,72,55,25,92,170,262
HSP,1,192,17,72,55,25,94,170,264
HSP,1,193,17,72,55,25,95,170,265
HSP,1,194,17,72,55,25,96,171,267
HSP,1,195,17,72,55,25,97,172,269
HSP,1,196,17,72,55,25,97,172,269
HSP,1,197,17,72,55,26,99,172,271
HSP,1,198,17,72,55,26,99,174,273
HSP,1,199,17,72,55,26,99,174,273
HSP,1,200,17,72,55,26,99,175,274
HSP,1,201,17,72,55,26,100,176,276
HSP,1,202,17,72,55,26,100,177,277
HSP,1,203,17,72,55,26,101,178,279
HSP,1,204,17,72,55,26,101,178,279
HSP,1,205,17,72,55,26,101,178,279
HSP,1,206,17,72,55,26,102,178,280
HSP,1,207,17,72,55,26,104,180,284
HSP,1,208,17,72,55,26,104,180,284
HSP,1,209,17,72,55,26,105,182,287
HSP,1,210,17,72,55,26,105,182,287
HSP,1,211,17,72,55,26,105,183,288
HSP,1,212,17,72,55,26,105,183,288
HSP,1,213,17,72,55,26,105,184,289
HSP,1,214,17,72,55,26,107,185,292
HSP,1,215,17,72,55,26,107,187,294
HSP,1,216,17,72,55,26,107,187,294
HSP,1,217,17,72,55,26,107,187,294
HSP,1,218,17,72,55,26,107,189,296
HSP,1,219,17,72,55,26,107,190,297
HSP,1,220,17,72,55,26,107,191,298
HSP,1,221,17,72,55,26,107,191,298
HSP,1,222,17,72,55,26,107,191,298
HSP,1,223,17,72,55,26,108,191,299
HSP,1,224,17,72,55,26,109,191,300
HSP,1,225,17,72,55,26,109,192,301
HSP,1,226,17,72,55,26,109,193,302
HSP,1,227,17,72,55,26,109,194,303
HSP,1,228,17,72,55,26,110,194,304
HSP,1,229,17,72,55,26,111,197,308
HSP,1,230,17,72,55,26,111,198,309
HSP,1,231,17,72,55,26,112,199,311
HSP,1,232,17,72,55,26,112,199,311
HSP,1,233,17,72,55,26,112,199,311
HSP,1,234,17,72,55,26,112,200,312
HSP,1,235,17,72,55,26,114,200,314
HSP,1,236,17,72,55,26,116,201,317
HSP,1,237,17,72,55,26,116,202,318
HSP,1,238,17,72,55,26,116,204,320
HSP,1,239,17,72,55,26,116,206,322
HSP,1,240,17,72,55,26,117,208,325
HSP,1,241,17,72,55,26,117,208,325
HSP,1,242,17,72,55,26,118,208,326
HSP,1,243,17,72,55,26,119,208,327
HSP,1,244,17,72,55,26,119,208,327
HSP,1,245,17,72,55,26,119,208,327
HSP,1,246,17,72,55,26,119,210,329
HSP,1,247,17,72,55,26,119,210,329
HSP,1,248,17,72,55,26,119,210,329
HSP,1,249,17,72,55,26,119,210,329
HSP,1,250,17,72,55,26,119,213,332
HSP,1,251,17,72,55,26,120,214,334
HSP,1,252,17,72,55,26,120,214,334
HSP,1,253,17,72,55,26,120,215,335
HSP,1,254,17,72,55,26,121,216,337
HSP,1,255,17,72,55,26,121,218,339
HSP,1,256,17,72,55,26,121,218,339
HSP,1,257,17,72,55,26,123,219,342
HSP,1,258,17,72,55,26,123,220,343
HSP,1,259,17,72,55,26,124,220,344
HSP,1,260,17,72,55,26,125,221,346
HSP,1,261,17,72,55,26,126,222,348
HSP,1,262,17,72,55,26,127,222,349
HSP,1,263,17,72,55,26,127,222,349
HSP,1,264,17,72,55,26,127,222,349
HSP,1,265,17,72,55,26,127,222,349
HSP,1,266,17,72,55,26,128,223,351
HSP,1,267,17,72,55,26,129,224,353
HSP,1,268,17,72,55,26,129,224,353
HSP,1,269,17,72,55,26,129,228,357
HSP,1,270,17,72,55,26,133,228,361
HSP,1,271,17,72,55,26,133,228,361
HSP,1,272,17,72,55,26,133,228,361
HSP,1,273,17,72,55,26,133,229,362
HSP,1,274,17,72,55,26,133,229,362
HSP,1,275,18,73,55,25,133,231,364
HSP,1,276,18,73,55,25,133,231,364
HSP,1,277,18,73,55,25,133,231,364
HSP,1,278,19,74,55,24,134,231,365
HSP,1,279,19,74,55,24,134,231,365
HSP,1,280,19,74,55,24,134,233,367
HSP,1,281,20,75,55,23,137,233,370
HSP,1,282,20,75,55,23,137,233,370
HSP,1,283,20,75,55,23,138,234,372
HSP,1,284,20,75,55,23,139,235,374
HSP,1,285,20,75,55,23,139,235,374
HSP,1,286,20,75,55,23,139,235,374
HSP,1,287,20,75,55,23,139,236,375
HSP,1,288,20,75,55,23,139,236,375
HSP,1,289,20,75,55,23,140,236,376
HSP,1,290,20,75,55,23,141,237,378
HSP,1,291,20,75,55,23,141,238,379
HSP,1,292,20,75,55,23,141,238,379
HSP,1,293,20,75,55,23,141,239,380
HSP,1,294,21,76,55,22,141,240,381
HSP,1,295,21,76,55,22,142,241,383
HSP,1,296,21,76,55,22,142,241,383
HSP,1,297,21,76,55,22,142,242,384
HSP,1,298,21,76,55,22,142,243,385
HSP,1,299,21,76,55,22,143,243,386
HSP,1,300,21,76,55,22,143,243,386
HSP,1,301,21,76,55,22,144,243,387
HSP,1,302,21,76,55,22,144,243,387
HSP,1,303,21,76,55,22,145,243,388
HSP,1,304,21,76,55,22,145,244,389
HSP,1,305,21,76,55,23,147,244,391
HSP,1,306,21,76,55,23,148,244,392
HSP,1,307,21,76,55,23,148,244,392
HSP,1,308,21,76,55,23,148,245,393
HSP,1,309,21,76,55,23,148,245,393
HSP,1,310,21,76,55,23,148,245,393
HSP,1,311,21,76,55,23,148,245,393
HSP,1,312,21,76,55,23,148,246,394
HSP,1,313,21,76,55,23,149,247,396
HSP,1,314,21,76,55,23,149,247,396
HSP,1,315,21,76,55,23,151,247,398
HSP,1,316,21,76,55,23,151,247,398
HSP,1,317,21,76,55,24,152,247,399
HSP,1,318,21,76,55,24,153,248,401
HSP,1,319,21,76,55,24,154,248,402
HSP,1,320,21,76,55,24,154,248,402
HSP,1,321,21,76,55,24,154,249,403
HSP,1,322,21,76,55,24,154,251,405
HSP,1,323,21,76,55,24,154,252,406
HSP,1,324,21,76,55,24,154,253,407
HSP,1,325,21,76,55,24,154,254,408
HSP,1,326,21,76,55,24,155,254,409
HSP,1,327,21,76,55,24,156,254,410
HSP,1,328,21,76,55,24,157,254,411
HSP,1,329,21,76,55,24,157,254,411
HSP,1,330,21,76,55,24,157,255,412
HSP,1,331,21,76,55,24,157,256,413
HSP,1,332,21,76,55,24,158,256,414
HSP,1,333,21,76,55,24,159,256,415
HSP,1,334,21,76,55,24,159,257,416
HSP,1,335,21,76,55,24,159,257,416
HSP,1,336,21,76,55,24,160,257,417
HSP,1,337,22,77,55,23,160,257,417
HSP,1,338,22,77,55,23,162,257,419
HSP,1,339,22,77,55,23,162,259,421
HSP,1,340,22,77,55,23,163,260,423
HSP,1,341,22,77,55,23,163,260,423
HSP,1,342,22,77,55,23,164,261,425
HSP,1,343,22,77,55,23,164,261,425
HSP,1,344,22,77,55,23,164,262,426
HSP,1,345,22,77,55,23,165,262,427
HSP,1,346,22,77,55,23,166,263,429
HSP,1,347,22,77,55,23,166,263,429
HSP,1,348,22,77,55,23,166,265,431
HSP,1,349,22,77,55,23,166,266,432
HSP,1,350,22,77,55,23,166,266,432
HSP,1,351,22,77,55,23,166,268,434
HSP,1,352,22,77,55,23,166,268,434
HSP,1,353,22,77,55,23,167,268,435
HSP,1,354,22,77,55,23,167,268,435
HSP,1,355,22,77,55,23,167,268,435
HSP,1,356,22,77,55,23,169,268,437
HSP,1,357,22,77,55,23,169,269,438
HSP,1,358,22,77,55,23,169,269,438
HSP,1,359,22,77,55,23,171,269,440
HSP,1,360,22,77,55,23,171,270,441
HSP,1,361,22,77,55,23,171,270,441
HSP,1,362,22,77,55,23,171,270,441
HSP,1,363,22,77,55,23,172,273,445
HSP,1,364,22,77,55,23,174,274,448
HSP,1,365,22,77,55,23,174,274,448
HSP,1,366,22,77,55,23,174,274,448
HSP,1,367,22,77,55,23,174,274,448
HSP,1,368,22,77,55,23,174,275,449
HSP,1,369,22,77,55,23,174,275,449
HSP,1,370,22,77,55,23,175,275,450
HSP,1,371,22,77,55,23,177,275,452
HSP,1,372,22,77,55,23,177,275,452
HSP,1,373,22,77,55,23,177,275,452
HSP,1,374,22,77,55,23,177,276,453
HSP,1,375,22,77,55,23,178,277,455
HSP,1,376,22,77,55,23,179,277,456
HSP,1,377,22,77,55,23,179,278,457
HSP,1,378,22,77,55,23,179,278,457
HSP,1,379,22,77,55,23,180,278,458
HSP,1,380,22,77,55,23,180,278,458
HSP,1,381,22,77,55,23,180,278,458
HSP,1,382,22,77,55,23,181,278,459
HSP,1,383,22,77,55,23,182,278,460
HSP,1,384,22,77,55,23,182,280,462
HSP,1,385,22,77,55,23,183,281,464
HSP,1,386,22,77,55,23,183,281,464
HSP,1,387,23,78,55,22,183,281,464
HSP,1,388,23,78,55,22,183,281,464
HSP,1,389,23,78,55,22,185,281,466
HSP,1,390,23,78,55,22,185,281,466
HSP,1,391,23,78,55,22,185,282,467
HSP,1,392,23,78,55,22,185,282,467
HSP,1,393,23,78,55,22,187,282,469
HSP,1,394,23,78,55,22,187,282,469
HSP,1,395,24,79,55,21,188,283,471
HSP,1,396,24,79,55,21,188,283,471
HSP,1,397,24,79,55,21,188,284,472
HSP,1,398,24,79,55,21,189,284,473
HSP,1,399,24,79,55,21,189,284,473
HSP,1,400,24,79,55,21,189,284,473
HSP,1,401,24,79,55,21,190,284,474
HSP,1,402,24,79,55,21,191,285,476
HSP,1,403,24,79,55,21,191,286,477
HSP,1,404,24,79,55,21,191,286,477
HSP,1,405,24,79,55,21,191,286,477
HSP,1,406,24,79,55,21,191,286,477
HSP,1,407,24,79,55,21,192,286,478
HSP,1,408,25,80,55,20,193,286,479
HSP,1,409,25,80,55,20,193,286,479
HSP,1,410,25,80,55,20,193,286,479
HSP,1,411,25,80,55,20,193,287,480
HSP,1,412,25,80,55,20,194,288,482
HSP,1,413,25,80,55,20,194,288,482
HSP,1,414,25,80,55,20,195,289,484
HSP,1,415,25,80,55,20,195,289,484
HSP,1,416,25,80,55,20,195,290,485
HSP,1,417,25,80,55,20,195,292,487
HSP,1,418,25,80,55,20,196,292,488
HSP,1,419,25,80,55,20,196,293,489
HSP,1,420,25,80,55,20,196,293,489
HSP,1,421,25,80,55,20,196,293,489
HSP,1,422,25,80,55,20,196,293,489
HSP,1,423,25,80,55,20,196,293,489
HSP,1,424,25,80,55,20,197,293,490
HSP,1,425,25,80,55,20,199,293,492
HSP,1,426,25,80,55,20,199,293,492
HSP,1,427,25,80,55,20,199,294,493
HSP,1,428,25,80,55,20,199,295,494
HSP,1,429,25,80,55,20,199,297,496
HSP,1,430,25,80,55,20,199,297,496
HSP,1,431,25,80,55,20,199,297,496
HSP,1,432,25,80,55,20,199,298,497
HSP,1,433,25,80,55,20,199,298,497
HSP,1,434,25,80,55,20,199,298,497
HSP,1,435,25,80,55,20,199,299,498
HSP,1,436,25,80,55,20,200,299,499
HSP,1,437,25,80,55,20,200,299,499
HSP,1,438,25,80,55,20,200,300,500
HSP,1,439,25,80,55,20,201,300,501
HSP,1,440,25,80,55,20,201,301,502
HSP,1,441,25,80,55,20,203,301,504
HSP,1,442,25,80,55,20,203,301,504
HSP,1,443,25,80,55,20,203,302,505
HSP,1,444,25,80,55,20,204,304,508
HSP,1,445,25,80,55,20,204,304,508
HSP,1,446,25,80,55,20,204,304,508
HSP,1,447,25,80,55,20,206,304,510
HSP,1,448,25,80,55,20,206,304,510
HSP,1,449,25,80,55,20,206,305,511
HSP,1,450,25,80,55,20,206,306,512
HSP,1,451,25,80,55,20,207,307,514
HSP,1,452,25,80,55,20,208,307,515
HSP,1,453,25,80,55,20,208,307,515
HSP,1,454,25,80,55,20,209,307,516
HSP,1,455,26,81,55,19,209,307,516
HSP,1,456,26,81,55,19,209,307,516
HSP,1,457,26,81,55,19,209,308,517
HSP,1,458,26,81,55,19,209,308,517
HSP,1,459,26,81,55,19,210,309,519
HSP,1,460,26,81,55,19,210,310,520
HSP,1,461,26,81,55,19,210,311,521
HSP,1,462,26,81,55,19,210,313,523
HSP,1,463,26,81,55,19,210,313,523
HSP,1,464,26,81,55,19,210,313,523
HSP,1,465,26,81,55,19,210,313,523
HSP,1,466,26,81,55,19,210,314,524
HSP,1,467,26,81,55,19,210,316,526
HSP,1,468,26,81,55,19,210,316,526
HSP,1,469,26,81,55,19,210,316,526
HSP,1,470,26,81,55,19,212,316,528
HSP,1,471,26,81,55,19,213,316,529
HSP,1,472,26,81,55,19,213,317,530
HSP,1,473,26,81,55,19,213,318,531
HSP,1,474,26,81,55,19,213,318,531
HSP,1,475,26,81,55,19,213,319,532
HSP,1,476,26,81,55,19,214,320,534
HSP,1,477,27,82,55,18,215,320,535
HSP,1,478,27,82,55,18,215,320,535
HSP,1,479,27,82,55,18,216,320,536
HSP,1,480,27,82,55,18,216,320,536
HSP,1,481,27,82,55,18,216,322,538
HSP,1,482,27,82,55,18,216,322,538
HSP,1,483,27,82,55,18,216,322,538
HSP,1,484,27,82,55,18,217,323,540
HSP,1,485,27,82,55,18,217,324,541
HSP,1,486,27,82,55,18,217,324,541
HSP,1,487,27,82,55,18,217,324,541
HSP,1,488,27,82,55,18,217,324,541
HSP,1,489,27,82,55,18,217,325,542
HSP,1,490,27,82,55,18,217,325,542
HSP,1,491,27,82,55,18,217,325,542
HSP,1,492,27,82,55,18,218,325,543
HSP,1,493,27,82,55,18,218,326,544
HSP,1,494,27,82,55,18,219,327,546
HSP,1,495,27,82,55,18,219,328,547
HSP,1,496,27,82,55,18,219,329,548
HSP,1,497,27,82,55,18,220,330,550
HSP,1,498,27,82,55,18,222,330,552
HSP,1,499,27,82,55,18,222,330,552
HSP,2,0,2,3,1,13,0,2,2
HSP,2,1,4,9,5,11,0,3,3
HSP,2,2,4,10,6,11,0,4,4
HSP,2,3,4,11,7,11,0,4,4
HSP,2,4,4,12,8,11,0,5,5
HSP,2,5,4,14,10,11,0,5,5
HSP,2,6,4,14,10,11,0,5,5
HSP,2,7,4,17,13,11,0,6,6
HSP,2,8,4,18,14,11,0,6,6
HSP,2,9,4,19,15,11,0,11,11
HSP,2,10,5,20,15,10,0,13,13
HSP,2,11,5,22,17,10,0,16,16
HSP,2,12,6,26,20,9,0,20,20
HSP,2,13,6,29,23,9,0,21,21
HSP,2,14,7,30,23,8,0,23,23
HSP,2,15,7,30,23,8,0,25,25
HSP,2,16,7,31,24,8,0,29,29
HSP,2,17,7,34,27,8,0,30,30
HSP,2,18,7,34,27,8,1,32,33
HSP,2,19,7,35,28,9,2,34,36
HSP,2,20,7,36,29,11,5,34,39
HSP,2,21,7,37,30,11,5,34,39
HSP,2,22,7,37,30,11,5,37,42
HSP,2,23,8,38,30,10,5,38,43
HSP,2,24,8,38,30,10,5,40,45
HSP,2,25,8,38,30,10,5,44,49
HSP,2,26,8,38,30,10,5,47,52
HSP,2,27,8,38,30,11,7,47,54
HSP,2,28,8,40,32,11,7,48,55
HSP,2,29,8,43,35,12,8,51,59
HSP,2,30,8,43,35,13,11,52,63
HSP,2,31,8,43,35,14,12,54,66
HSP,2,32,8,44,36,14,12,55,67
HSP,2,33,9,45,36,13,12,55,67
HSP,2,34,9,45,36,14,14,55,69
HSP,2,35,9,45,36,14,14,57,71
HSP,2,36,9,45,36,14,15,58,73
HSP,2,37,9,45,36,14,15,60,75
HSP,2,38,9,45,36,14,15,61,76
HSP,2,39,9,46,37,14,15,62,77
HSP,2,40,9,46,37,15,16,64,80
HSP,2,41,9,47,38,15,18,66,84
HSP,2,42,9,50,41,15,18,67,85
HSP,2,43,9,50,41,15,18,68,86
HSP,2,44,9,50,41,16,20,68,88
HSP,2,45,9,50,41,16,20,70,90
HSP,2,46,9,50,41,16,20,71,91
HSP,2,47,9,50,41,16,21,72,93
HSP,2,48,9,50,41,16,21,72,93
HSP,2,49,10,51,41,15,21,72,93
HSP,2,50,10,51,41,15,21,73,94
HSP,2,51,10,51,41,17,23,74,97
HSP,2,52,10,51,41,17,23,74,97
HSP,2,53,10,51,41,17,24,75,99
HSP,2,54,10,51,41,17,24,78,102
HSP,2,55,10,51,41,17,24,79,103
HSP,2,56,10,51,41,17,25,81,106
HSP,2,57,10,51,41,17,25,82,107
HSP,2,58,10,51,41,17,25,85,110
HSP,2,59,10,51,41,17,26,85,111
HSP,2,60,10,52,42,17,26,85,111
HSP,2,61,10,52,42,18,28,87,115
HSP,2,62,11,53,42,17,29,87,116
HSP,2,63,11,53,42,17,31,88,119
HSP,2,64,11,53,42,17,31,89,120
HSP,2,65,11,53,42,17,31,90,121
HSP,2,66,11,53,42,17,31,90,121
HSP,2,67,11,53,42,17,31,92,123
HSP,2,68,11,53,42,17,31,93,124
HSP,2,69,11,53,42,18,33,94,127
HSP,2,70,11,53,42,18,34,94,128
HSP,2,71,11,53,42,19,35,94,129
HSP,2,72,11,53,42,19,35,96,131
HSP,2,73,11,53,42,19,36,97,133
HSP,2,74,11,53,42,20,38,99,137
HSP,2,75,11,53,42,21,39,99,138
HSP,2,76,11,53,42,21,39,100,139
HSP,2,77,11,53,42,21,40,101,141
HSP,2,78,12,54,42,20,40,102,142
HSP,2,79,12,54,42,20,40,104,144
HSP,2,80,12,54,42,20,40,105,145
HSP,2,81,12,55,43,20,40,107,147
HSP,2,82,12,55,43,20,40,108,148
HSP,2,83,13,56,43,19,40,109,149
HSP,2,84,13,56,43,19,40,110,150
HSP,2,85,13,56,43,19,42,110,152
HSP,2,86,13,56,43,19,42,113,155
HSP,2,87,13,56,43,19,44,116,160
HSP,2,88,13,56,43,19,45,118,163
HSP,2,89,13,56,43,20,46,118,164
HSP,2,90,13,56,43,20,47,119,166
HSP,2,91,13,56,43,21,49,121,170
HSP,2,92,13,56,43,21,51,121,172
HSP,2,93,13,57,44,21,51,123,174
HSP,2,94,13,57,44,21,51,124,175
HSP,2,95,13,57,44,21,52,127,179
HSP,2,96,13,58,45,21,52,128,180
HSP,2,97,13,58,45,21,52,129,181
HSP,2,98,13,58,45,21,52,129,181
HSP,2,99,13,58,45,23,54,129,183
HSP,2,100,13,58,45,23,55,129,184
HSP,2,101,14,60,46,22,55,129,184
HSP,2,102,14,60,46,22,55,130,185
HSP,2,103,14,60,46,22,56,133,189
HSP,2,104,15,61,46,21,57,133,190
HSP,2,105,15,61,46,21,57,133,190
HSP,2,106,15,61,46,21,58,134,192
HSP,2,107,15,62,47,21,59,135,194
HSP,2,108,15,62,47,21,60,135,195
HSP,2,109,15,62,47,21,60,137,197
HSP,2,110,15,62,47,21,61,138,199
HSP,2,111,16,63,47,20,62,140,202
HSP,2,112,16,63,47,20,63,143,206
HSP,2,113,16,63,47,20,63,144,207
HSP,2,114,16,63,47,20,63,144,207
HSP,2,115,16,63,47,20,63,144,207
HSP,2,116,16,63,47,20,64,146,210
HSP,2,117,16,63,47,20,64,147,211
HSP,2,118,16,63,47,20,64,147,211
HSP,2,119,16,63,47,21,65,147,212
HSP,2,120,16,64,48,21,65,148,213
HSP,2,121,16,64,48,21,65,150,215
HSP,2,122,16,64,48,21,65,151,216
HSP,2,123,16,64,48,21,65,151,216
HSP,2,124,16,64,48,21,67,152,219
HSP,2,125,16,64,48,21,68,152,220
HSP,2,126,16,64,48,21,68,152,220
HSP,2,127,16,64,48,21,68,152,220
HSP,2,128,16,64,48,21,69,153,222
HSP,2,129,16,64,48,21,70,154,224
HSP,2,130,16,64,48,21,70,155,225
HSP,2,131,16,64,48,21,71,156,227
HSP,2,132,16,64,48,21,71,156,227
HSP,2,133,16,64,48,21,71,156,227
HSP,2,134,16,64,48,21,71,156,227
HSP,2,135,16,64,48,21,71,158,229
HSP,2,136,16,64,48,21,71,159,230
HSP,2,137,16,64,48,21,73,159,232
HSP,2,138,16,64,48,21,73,159,232
HSP,2,139,16,64,48,21,73,159,232
HSP,2,140,16,64,48,21,73,161,234
HSP,2,141,16,64,48,21,73,162,235
HSP,2,142,16,64,48,22,75,162,237
HSP,2,143,16,64,48,22,75,163,238
HSP,2,144,16,64,48,22,75,163,238
HSP,2,145,16,64,48,22,75,163,238
HSP,2,146,16,64,48,23,76,166,242
HSP,2,147,16,64,48,23,76,167,243
HSP,2,148,16,64,48,23,77,167,244
HSP,2,149,16,64,48,23,78,167,245
HSP,2,150,16,64,48,23,78,169,247
HSP,2,151,16,64,48,23,78,170,248
HSP,2,152,16,64,48,23,78,171,249
HSP,2,153,16,64,48,23,78,171,249
HSP,2,154,16,64,48,23,78,172,250
HSP,2,155,16,64,48,23,78,172,250
HSP,2,156,16,64,48,23,78,173,251
HSP,2,157,16,64,48,23,78,175,253
HSP,2,158,16,64,48,24,79,176,255
HSP,2,159,16,64,48,24,79,176,255
HSP,2,160,16,64,48,24,80,176,256
HSP,2,161,16,64,48,25,82,178,260
HSP,2,162,16,64,48,26,83,179,262
HSP,2,163,16,64,48,26,83,180,263
HSP,2,164,16,64,48,27,85,182,267
HSP,2,165,17,65,48,26,85,182,267
HSP,2,166,17,65,48,26,86,184,270
HSP,2,167,17,65,48,26,86,184,270
HSP,2,168,17,65,48,26,86,188,274
HSP,2,169,18,66,48,25,86,189,275
HSP,2,170,18,66,48,25,86,189,275
HSP,2,171,18,66,48,25,86,189,275
HSP,2,172,18,66,48,25,87,189,276
HSP,2,173,18,66,48,25,87,189,276
HSP,2,174,18,66,48,25,87,189,276
HSP,2,175,19,67,48,24,89,189,278
HSP,2,176,19,67,48,24,89,190,279
HSP,2,177,19,67,48,24,89,190,279
HSP,2,178,19,67,48,24,89,191,280
HSP,2,179,19,67,48,24,89,193,282
HSP,2,180,19,67,48,24,90,193,283
HSP,2,181,19,67,48,24,90,194,284
HSP,2,182,19,67,48,24,91,194,285
HSP,2,183,19,67,48,24,91,195,286
HSP,2,184,19,67,48,24,91,198,289
HSP,2,185,19,67,48,24,91,199,290
HSP,2,186,19,67,48,24,92,200,292
HSP,2,187,19,67,48,24,95,200,295
HSP,2,188,19,67,48,24,95,201,296
HSP,2,189,19,67,48,24,95,202,297
HSP,2,190,19,67,48,26,98,203,301
HSP,2,191,19,67,48,26,98,203,301
HSP,2,192,19,67,48,26,98,203,301
HSP,2,193,19,67,48,26,98,205,303
HSP,2,194,19,67,48,26,98,205,303
HSP,2,195,19,67,48,26,99,207,306
HSP,2,196,19,67,48,26,99,207,306
HSP,2,197,19,67,48,26,99,210,309
HSP,2,198,19,67,48,27,100,210,310
HSP,2,199,19,67,48,27,100,210,310
HSP,2,200,19,67,48,27,101,210,311
HSP,2,201,19,67,48,27,101,212,313
HSP,2,202,19,67,48,27,101,213,314
HSP,2,203,19,67,48,27,102,214,316
HSP,2,204,19,67,48,27,102,214,316
HSP,2,205,19,67,48,27,102,216,318
HSP,2,206,19,67,48,27,102,216,318
HSP,2,207,19,67,48,27,102,218,320
HSP,2,208,19,67,48,27,105,218,323
HSP,2,209,19,67,48,27,105,218,323
HSP,2,210,19,67,48,27,105,218,323
HSP,2,211,19,67,48,27,105,218,323
HSP,2,212,19,67,48,27,105,219,324
HSP,2,213,19,67,48,27,107,219,326
HSP,2,214,19,67,48,27,108,220,328
HSP,2,215,20,68,48,26,109,222,331
HSP,2,216,20,68,48,26,110,222,332
HSP,2,217,20,68,48,26,110,223,333
HSP,2,218,20,68,48,26,110,223,333
HSP,2,219,20,68,48,26,110,223,333
HSP,2,220,20,68,48,26,111,224,335
HSP,2,221,20,68,48,26,111,225,336
HSP,2,222,20,68,48,26,111,226,337
HSP,2,223,20,68,48,26,111,226,337
HSP,2,224,20,68,48,26,111,226,337
HSP,2,225,20,68,48,26,111,228,339
HSP,2,226,20,68,48,26,111,229,340
HSP,2,227,20,68,48,26,111,230,341
HSP,2,228,20,68,48,26,113,230,343
HSP,2,229,20,68,48,26,114,230,344
HSP,2,230,20,68,48,26,114,232,346
HSP,2,231,20,68,48,26,114,232,346
HSP,2,232,20,68,48,26,114,232,346
HSP,2,233,20,68,48,26,114,232,346
HSP,2,234,20,68,48,26,114,232,346
HSP,2,235,20,68,48,26,115,234,349
HSP,2,236,20,68,48,26,115,234,349
HSP,2,237,20,68,48,26,115,234,349
HSP,2,238,20,68,48,26,115,236,351
HSP,2,239,20,68,48,26,115,236,351
HSP,2,240,20,68,48,26,115,238,353
HSP,2,241,20,68,48,26,116,238,354
HSP,2,242,20,68,48,26,116,239,355
HSP,2,243,20,68,48,26,118,240,358
HSP,2,244,20,68,48,26,118,242,360
HSP,2,245,20,68,48,26,118,243,361
HSP,2,246,20,68,48,26,118,243,361
HSP,2,247,20,68,48,26,118,244,362
HSP,2,248,20,68,48,26,118,244,362
HSP,2,249,20,68,48,26,118,246,364
HSP,2,250,20,68,48,26,119,247,366
HSP,2,251,20,68,48,26,119,248,367
HSP,2,252,20,68,48,26,119,248,367
HSP,2,253,20,68,48,26,121,249,370
HSP,2,254,20,68,48,26,121,249,370
HSP,2,255,20,68,48,26,121,249,370
HSP,2,256,20,68,48,26,123,251,374
HSP,2,257,20,68,48,26,124,251,375
HSP,2,258,20,68,48,26,125,252,377
HSP,2,259,20,68,48,26,125,255,380
HSP,2,260,20,68,48,26,127,255,382
HSP,2,261,20,68,48,26,127,255,382
HSP,2,262,20,68,48,26,127,255,382
HSP,2,263,20,68,48,26,128,255,383
HSP,2,264,20,68,48,26,128,256,384
HSP,2,265,20,68,48,26,128,256,384
HSP,2,266,20,69,49,26,128,257,385
HSP,2,267,20,69,49,26,129,258,387
HSP,2,268,20,69,49,26,129,258,387
HSP,2,269,20,69,49,26,129,258,387
HSP,2,270,20,69,49,26,130,258,388
HSP,2,271,20,69,49,26,130,258,388
HSP,2,272,21,70,49,25,130,260,390
HSP,2,273,21,70,49,25,130,261,391
HSP,2,274,21,70,49,25,130,262,392
HSP,2,275,21,70,49,25,131,264,395
HSP,2,276,21,70,49,25,131,265,396
HSP,2,277,21,70,49,25,132,265,397
HSP,2,278,21,70,49,25,134,265,399
HSP,2,279,21,70,49,25,134,265,399
HSP,2,280,21,70,49,25,135,265,400
HSP,2,281,22,71,49,24,136,265,401
HSP,2,282,23,72,49,23,136,265,401
HSP,2,283,23,72,49,23,136,266,402
HSP,2,284,23,72,49,23,136,266,402
HSP,2,285,23,72,49,23,137,268,405
HSP,2,286,23,72,49,23,137,269,406
HSP,2,287,23,72,49,23,137,269,406
HSP,2,288,23,72,49,23,137,270,407
HSP,2,289,23,72,49,23,137,271,408
HSP,2,290,23,72,49,23,137,272,409
HSP,2,291,23,72,49,23,137,272,409
HSP,2,292,23,72,49,23,137,272,409
HSP,2,293,23,72,49,23,137,272,409
HSP,2,294,23,72,49,23,137,272,409
HSP,2,295,23,72,49,23,137,273,410
HSP,2,296,23,72,49,23,137,275,412
HSP,2,297,23,72,49,23,137,275,412
HSP,2,298,23,72,49,23,137,275,412
HSP,2,299,23,72,49,23,137,276,413
HSP,2,300,24,73,49,22,137,276,413
HSP,2,301,24,73,49,22,137,276,413
HSP,2,302,24,73,49,23,138,279,417
HSP,2,303,24,73,49,23,139,281,420
HSP,2,304,24,73,49,23,139,281,420
HSP,2,305,24,73,49,23,139,282,421
HSP,2,306,24,73,49,23,139,282,421
HSP,2,307,24,73,49,23,139,282,421
HSP,2,308,24,73,49,23,139,283,422
HSP,2,309,24,73,49,23,139,284,423
HSP,2,310,24,73,49,23,139,284,423
HSP,2,311,24,73,49,23,139,285,424
HSP,2,312,24,73,49,23,139,285,424
HSP,2,313,24,73,49,23,140,285,425
HSP,2,314,24,73,49,24,141,285,426
HSP,2,315,24,73,49,24,143,285,428
HSP,2,316,24,73,49,24,143,287,430
HSP,2,317,24,73,49,24,145,288,433
HSP,2,318,24,73,49,24,146,289,435
HSP,2,319,24,73,49,24,146,290,436
HSP,2,320,24,73,49,24,147,291,438
HSP,2,321,25,74,49,23,147,291,438
HSP,2,322,25,74,49,23,147,292,439
HSP,2,323,25,74,49,23,147,294,441
HSP,2,324,25,74,49,23,147,294,441
HSP,2,325,25,74,49,23,147,294,441
HSP,2,326,25,74,49,23,147,294,441
HSP,2,327,25,74,49,23,147,295,442
HSP,2,328,25,74,49,23,148,296,444
HSP,2,329,25,74,49,23,149,296,445
HSP,2,330,25,74,49,23,149,296,445
HSP,2,331,25,74,49,23,149,298,447
HSP,2,332,25,74,49,23,150,299,449
HSP,2,333,25,74,49,23,150,300,450
HSP,2,334,25,74,49,23,150,300,450
HSP,2,335,25,74,49,23,150,301,451
HSP,2,336,25,74,49,23,150,303,453
HSP,2,337,25,74,49,23,150,303,453
HSP,2,338,25,74,49,23,150,303,453
HSP,2,339,25,74,49,23,151,303,454
HSP,2,340,25,74,49,23,152,303,455
HSP,2,341,25,74,49,23,152,303,455
HSP,2,342,25,74,49,23,152,305,457
HSP,2,343,25,74,49,23,153,305,458
HSP,2,344,25,74,49,23,153,305,458
HSP,2,345,25,74,49,23,153,305,458
HSP,2,346,25,74,49,23,153,305,458
HSP,2,347,25,74,49,23,153,307,460
HSP,2,348,25,74,49,23,153,308,461
HSP,2,349,25,74,49,23,153,308,461
HSP,2,350,25,74,49,23,155,308,463
HSP,2,351,25,74,49,23,155,310,465
HSP,2,352,25,74,49,23,155,310,465
HSP,2,353,25,74,49,23,155,311,466
HSP,2,354,25,74,49,23,155,312,467
HSP,2,355,25,74,49,23,155,313,468
HSP,2,356,25,74,49,23,156,314,470
HSP,2,357,25,74,49,23,156,314,470
HSP,2,358,25,74,49,23,156,315,471
HSP,2,359,25,74,49,23,157,315,472
HSP,2,360,25,74,49,23,157,316,473
HSP,2,361,25,74,49,23,157,316,473
HSP,2,362,25,74,49,23,157,317,474
HSP,2,363,25,74,49,23,157,318,475
HSP,2,364,25,74,49,23,158,318,476
HSP,2,365,25,74,49,23,158,319,477
HSP,2,366,25,74,49,23,158,320,478
HSP,2,367,25,74,49,23,158,320,478
HSP,2,368,25,74,49,23,158,321,479
HSP,2,369,25,74,49,23,158,321,479
HSP,2,370,25,74,49,23,158,321,479
HSP,2,371,25,74,49,23,158,324,482
HSP,2,372,25,74,49,23,158,324,482
HSP,2,373,26,75,49,23,159,325,484
HSP,2,374,26,75,49,23,159,325,484
HSP,2,375,27,76,49,22,159,325,484
HSP,2,376,27,76,49,22,160,325,485
HSP,2,377,27,76,49,22,160,325,485
HSP,2,378,27,76,49,22,160,325,485
HSP,2,379,27,76,49,22,161,325,486
HSP,2,380,27,76,49,22,161,325,486
HSP,2,381,27,76,49,22,161,327,488
HSP,2,382,27,76,49,22,161,328,489
HSP,2,383,27,76,49,22,161,329,490
HSP,2,384,27,76,49,22,163,331,494
HSP,2,385,27,76,49,22,163,331,494
HSP,2,386,27,76,49,22,165,331,496
HSP,2,387,27,76,49,22,166,331,497
HSP,2,388,27,76,49,22,167,331,498
HSP,2,389,27,76,49,22,167,331,498
HSP,2,390,27,76,49,22,167,332,499
HSP,2,391,27,76,49,22,167,332,499
HSP,2,392,27,76,49,22,167,333,500
HSP,2,393,27,76,49,22,167,333,500
HSP,2,394,27,76,49,22,168,334,502
HSP,2,395,27,76,49,22,169,334,503
HSP,2,396,27,76,49,22,169,335,504
HSP,2,397,27,76,49,22,169,335,504
HSP,2,398,27,76,49,22,169,335,504
HSP,2,399,27,76,49,22,169,335,504
HSP,2,400,27,76,49,22,169,336,505
HSP,2,401,28,77,49,21,169,337,506
HSP,2,402,28,77,49,21,169,339,508
HSP,2,403,28,77,49,21,169,339,508
HSP,2,404,28,77,49,21,169,339,508
HSP,2,405,28,77,49,21,171,339,510
HSP,2,406,29,78,49,20,171,339,510
HSP,2,407,29,78,49,20,171,339,510
HSP,2,408,29,78,49,20,171,340,511
HSP,2,409,29,78,49,20,171,341,512
HSP,2,410,29,78,49,20,172,341,513
HSP,2,411,29,78,49,20,172,341,513
HSP,2,412,29,78,49,20,173,342,515
HSP,2,413,29,78,49,20,173,342,515
HSP,2,414,29,78,49,20,173,343,516
HSP,2,415,29,78,49,20,173,343,516
HSP,2,416,30,79,49,19,174,344,518
HSP,2,417,30,79,49,19,174,345,519
HSP,2,418,30,79,49,19,174,346,520
HSP,2,419,30,79,49,19,174,346,520
HSP,2,420,30,79,49,19,174,347,521
HSP,2,421,30,79,49,19,174,348,522
HSP,2,422,30,79,49,19,174,349,523
HSP,2,423,30,79,49,19,175,349,524
HSP,2,424,30,79,49,19,176,350,526
HSP,2,425,30,79,49,19,177,350,527
HSP,2,426,31,80,49,18,178,350,528
HSP,2,427,31,80,49,18,178,351,529
HSP,2,428,31,80,49,18,178,351,529
HSP,2,429,31,80,49,18,178,351,529
HSP,2,430,31,80,49,18,178,352,530
HSP,2,431,31,80,49,18,178,354,532
HSP,2,432,31,80,49,18,178,354,532
HSP,2,433,31,80,49,18,178,355,533
HSP,2,434,31,80,49,18,178,356,534
HSP,2,435,31,80,49,18,178,356,534
HSP,2,436,31,80,49,18,179,356,535
HSP,2,437,31,80,49,18,179,358,537
HSP,2,438,31,80,49,18,179,359,538
HSP,2,439,31,80,49,18,179,360,539
HSP,2,440,31,80,49,18,179,360,539
HSP,2,441,31,80,49,18,179,360,539
HSP,2,442,31,80,49,18,179,362,541
HSP,2,443,31,80,49,18,179,363,542
HSP,2,444,32,81,49,17,179,365,544
HSP,2,445,32,81,49,17,180,366,546
HSP,2,446,32,81,49,17,180,368,548
HSP,2,447,32,81,49,17,180,368,548
HSP,2,448,32,81,49,17,182,368,550
HSP,2,449,32,81,49,17,182,368,550
HSP,2,450,32,81,49,17,184,368,552
HSP,2,451,32,81,49,17,185,369,554
HSP,2,452,33,82,49,16,186,369,555
HSP,2,453,33,82,49,16,187,369,556
HSP,2,454,33,82,49,16,187,369,556
HSP,2,455,33,82,49,16,187,369,556
HSP,2,456,33,82,49,16,187,369,556
HSP,2,457,33,82,49,16,187,370,557
HSP,2,458,33,82,49,16,188,370,558
HSP,2,459,33,82,49,16,188,371,559
HSP,2,460,33,82,49,16,189,372,561
HSP,2,461,34,83,49,15,189,372,561
HSP,2,462,34,83,49,15,190,372,562
HSP,2,463,34,83,49,15,190,372,562
HSP,2,464,34,83,49,15,190,372,562
HSP,2,465,34,83,49,15,190,372,562
HSP,2,466,34,83,49,15,190,372,562
HSP,2,467,34,83,49,15,190,372,562
HSP,2,468,34,83,49,15,190,374,564
HSP,2,469,34,83,49,15,190,374,564
HSP,2,470,35,84,49,14,190,374,564
HSP,2,471,35,84,49,14,192,374,566
HSP,2,472,35,84,49,14,192,374,566
HSP,2,473,35,84,49,14,192,374,566
HSP,2,474,35,84,49,14,192,374,566
HSP,2,475,35,84,49,14,192,375,567
HSP,2,476,35,84,49,14,192,375,567
HSP,2,477,35,84,49,14,192,376,568
HSP,2,478,35,84,49,14,193,376,569
HSP,2,479,35,84,49,14,193,376,569
HSP,2,480,35,84,49,14,194,376,570
HSP,2,481,35,84,49,14,195,376,571
HSP,2,482,35,84,49,14,195,376,571
HSP,2,483,35,84,49,14,195,376,571
HSP,2,484,35,84,49,14,196,376,572
HSP,2,485,35,84,49,14,196,376,572
HSP,2,486,35,84,49,14,196,376,572
HSP,2,487,35,84,49,14,196,376,572
HSP,2,488,35,84,49,14,196,376,572
HSP,2,489,35,84,49,14,196,376,572
HSP,2,490,35,84,49,14,196,376,572
HSP,2,491,35,84,49,14,196,377,573
HSP,2,492,35,84,49,14,197,377,574
HSP,2,493,35,84,49,14,198,378,576
HSP,2,494,35,84,49,14,198,378,576
HSP,2,495,35,84,49,14,199,379,578
HSP,2,496,35,84,49,14,199,379,578
HSP,2,497,35,84,49,14,199,379,578
HSP,2,498,35,84,49,14,199,379,578
HSP,2,499,35,84,49,14,199,380,579
HSP,3,0,1,3,2,11,0,1,1
HSP,3,1,2,6,4,10,0,1,1
HSP,3,2,2,6,4,10,0,1,1
HSP,3,3,2,10,8,10,0,1,1
HSP,3,4,2,12,10,10,0,4,4
HSP,3,5,2,13,11,10,0,4,4
HSP,3,6,3,14,11,9,0,4,4
HSP,3,7,3,15,12,9,0,4,4
HSP,3,8,3,17,14,9,0,6,6
HSP,3,9,3,22,19,9,0,10,10
HSP,3,10,3,23,20,9,0,13,13
HSP,3,11,3,23,20,9,1,15,16
HSP,3,12,3,23,20,9,1,15,16
HSP,3,13,3,24,21,9,1,16,17
HSP,3,14,3,24,21,9,1,20,21
HSP,3,15,3,26,23,10,2,23,25
HSP,3,16,3,28,25,10,2,26,28
HSP,3,17,3,31,28,10,2,28,30
HSP,3,18,3,32,29,10,2,30,32
HSP,3,19,3,33,30,11,4,30,34
HSP,3,20,3,33,30,11,4,31,35
HSP,3,21,3,34,31,12,5,34,39
HSP,3,22,3,35,32,12,5,37,42
HSP,3,23,3,36,33,13,7,40,47
HSP,3,24,3,37,34,13,7,41,48
HSP,3,25,3,39,36,13,7,42,49
HSP,3,26,3,40,37,13,7,45,52
HSP,3,27,3,41,38,13,7,48,55
HSP,3,28,3,41,38,13,8,50,58
HSP,3,29,3,44,41,13,8,52,60
HSP,3,30,3,44,41,13,8,53,61
HSP,3,31,3,44,41,13,10,55,65
HSP,3,32,3,46,43,13,10,56,66
HSP,3,33,3,47,44,14,11,57,68
HSP,3,34,3,47,44,14,13,57,70
HSP,3,35,3,48,45,14,13,58,71
HSP,3,36,3,48,45,14,14,60,74
HSP,3,37,3,49,46,14,14,61,75
HSP,3,38,3,49,46,14,15,63,78
HSP,3,39,3,49,46,14,15,64,79
HSP,3,40,4,50,46,13,15,66,81
HSP,3,41,4,51,47,14,16,67,83
HSP,3,42,4,51,47,14,17,67,84
HSP,3,43,5,55,50,13,17,67,84
HSP,3,44,6,56,50,12,18,68,86
HSP,3,45,6,56,50,12,19,69,88
HSP,3,46,6,56,50,12,19,69,88
HSP,3,47,6,56,50,12,19,69,88
HSP,3,48,7,57,50,11,19,71,90
HSP,3,49,8,58,50,10,19,73,92
HSP,3,50,8,60,52,10,20,74,94
HSP,3,51,8,60,52,11,22,78,100
HSP,3,52,8,60,52,12,23,78,101
HSP,3,53,8,60,52,12,24,79,103
HSP,3,54,8,60,52,12,24,80,104
HSP,3,55,8,61,53,13,25,81,106
HSP,3,56,8,62,54,15,27,83,110
HSP,3,57,8,63,55,15,27,84,111
HSP,3,58,8,63,55,15,27,87,114
HSP,3,59,8,63,55,15,28,87,115
HSP,3,60,8,63,55,15,28,87,115
HSP,3,61,8,63,55,15,28,89,117
HSP,3,62,8,63,55,15,28,90,118
HSP,3,63,8,64,56,15,29,90,119
HSP,3,64,8,65,57,15,29,91,120
HSP,3,65,8,65,57,15,29,91,120
HSP,3,66,8,65,57,15,29,92,121
HSP,3,67,8,65,57,15,29,92,121
HSP,3,68,8,66,58,16,30,93,123
HSP,3,69,8,66,58,16,31,93,124
HSP,3,70,8,66,58,16,32,93,125
HSP,3,71,8,66,58,16,33,93,126
HSP,3,72,8,66,58,16,33,96,129
HSP,3,73,8,66,58,16,34,96,130
HSP,3,74,8,66,58,16,35,97,132
HSP,3,75,8,66,58,16,35,97,132
HSP,3,76,8,66,58,16,35,99,134
HSP,3,77,8,66,58,16,35,100,135
HSP,3,78,8,66,58,16,35,102,137
HSP,3,79,8,66,58,16,35,104,139
HSP,3,80,8,66,58,16,35,104,139
HSP,3,81,8,66,58,16,36,104,140
HSP,3,82,8,66,58,16,37,105,142
HSP,3,83,8,66,58,16,37,106,143
HSP,3,84,8,66,58,16,39,107,146
HSP,3,85,8,66,58,16,39,107,146
HSP,3,86,8,66,58,16,39,107,146
HSP,3,87,8,66,58,16,39,109,148
HSP,3,88,8,66,58,16,39,110,149
HSP,3,89,8,66,58,16,39,111,150
HSP,3,90,8,66,58,16,40,112,152
HSP,3,91,9,67,58,15,40,114,154
HSP,3,92,9,67,58,15,41,115,156
HSP,3,93,9,67,58,15,41,115,156
HSP,3,94,9,67,58,15,41,118,159
HSP,3,95,9,67,58,15,42,120,162
HSP,3,96,9,67,58,15,42,122,164
HSP,3,97,9,67,58,15,42,123,165
HSP,3,98,9,67,58,15,42,124,166
HSP,3,99,9,67,58,15,42,124,166
HSP,3,100,9,68,59,15,43,125,168
HSP,3,101,9,68,59,15,43,125,168
HSP,3,102,9,68,59,16,44,126,170
HSP,3,103,9,68,59,16,45,128,173
HSP,3,104,9,68,59,16,45,128,173
HSP,3,105,10,69,59,15,46,128,174
HSP,3,106,10,69,59,15,46,130,176
HSP,3,107,10,69,59,15,46,131,177
HSP,3,108,10,69,59,15,46,133,179
HSP,3,109,10,69,59,15,47,134,181
HSP,3,110,10,69,59,15,47,134,181
HSP,3,111,10,69,59,15,48,134,182
HSP,3,112,10,69,59,15,48,135,183
HSP,3,113,10,69,59,15,48,136,184
HSP,3,114,11,70,59,14,49,137,186
HSP,3,115,11,70,59,14,49,137,186
HSP,3,116,11,70,59,15,50,137,187
HSP,3,117,11,70,59,15,50,137,187
HSP,3,118,11,70,59,15,51,137,188
HSP,3,119,11,70,59,15,51,138,189
HSP,3,120,12,71,59,15,52,139,191
HSP,3,121,12,71,59,15,54,141,195
HSP,3,122,12,71,59,15,55,141,196
HSP,3,123,12,71,59,15,56,142,198
HSP,3,124,12,71,59,15,56,142,198
HSP,3,125,12,72,60,15,56,143,199
HSP,3,126,12,72,60,15,56,143,199
HSP,3,127,12,72,60,15,56,143,199
HSP,3,128,12,72,60,15,56,143,199
HSP,3,129,12,72,60,15,56,143,199
HSP,3,130,12,72,60,15,56,143,199
HSP,3,131,12,72,60,15,56,144,200
HSP,3,132,12,72,60,15,57,144,201
HSP,3,133,12,72,60,15,58,145,203
HSP,3,134,12,72,60,15,58,146,204
HSP,3,135,12,72,60,15,58,149,207
HSP,3,136,12,72,60,15,58,150,208
HSP,3,137,12,72,60,15,58,150,208
HSP,3,138,12,72,60,15,58,152,210
HSP,3,139,12,72,60,15,58,152,210
HSP,3,140,12,72,60,15,58,152,210
HSP,3,141,12,72,60,15,59,152,211
HSP,3,142,12,72,60,15,61,153,214
HSP,3,143,12,72,60,15,62,153,215
HSP,3,144,12,72,60,16,63,153,216
HSP,3,145,12,72,60,16,63,155,218
HSP,3,146,12,72,60,16,63,155,218
HSP,3,147,12,72,60,18,65,156,221
HSP,3,148,12,72,60,18,65,157,222
HSP,3,149,12,72,60,18,65,158,223
HSP,3,150,12,72,60,18,65,159,224
HSP,3,151,12,72,60,18,65,161,226
HSP,3,152,12,72,60,18,65,161,226
HSP,3,153,12,72,60,18,65,161,226
HSP,3,154,12,72,60,18,67,162,229
HSP,3,155,12,72,60,18,67,162,229
HSP,3,156,12,72,60,18,67,162,229
HSP,3,157,13,73,60,18,70,162,232
HSP,3,158,14,74,60,17,71,162,233
HSP,3,159,14,74,60,17,71,162,233
HSP,3,160,14,74,60,17,71,162,233
HSP,3,161,14,74,60,17,71,163,234
HSP,3,162,14,74,60,17,71,163,234
HSP,3,163,14,74,60,17,71,165,236
HSP,3,164,14,74,60,17,72,165,237
HSP,3,165,15,75,60,16,72,165,237
HSP,3,166,15,75,60,16,73,165,238
HSP,3,167,15,75,60,16,73,167,240
HSP,3,168,15,75,60,16,73,168,241
HSP,3,169,15,75,60,16,74,168,242
HSP,3,170,15,75,60,17,75,169,244
HSP,3,171,15,75,60,17,75,170,245
HSP,3,172,16,76,60,16,75,172,247
HSP,3,173,16,76,60,16,75,172,247
HSP,3,174,16,76,60,16,75,172,247
HSP,3,175,16,76,60,16,75,172,247
HSP,3,176,16,76,60,16,75,172,247
HSP,3,177,16,76,60,16,75,173,248
HSP,3,178,16,76,60,16,75,174,249
HSP,3,179,16,76,60,16,75,175,250
HSP,3,180,16,76,60,16,75,176,251
HSP,3,181,16,76,60,17,76,176,252
HSP,3,182,16,76,60,17,78,177,255
HSP,3,183,16,76,60,17,78,177,255
HSP,3,184,16,76,60,17,78,177,255
HSP,3,185,16,76,60,17,78,178,256
HSP,3,186,16,76,60,17,78,178,256
HSP,3,187,16,76,60,17,78,179,257
HSP,3,188,16,76,60,17,78,180,258
HSP,3,189,16,76,60,17,78,180,258
HSP,3,190,16,76,60,17,78,182,260
HSP,3,191,16,76,60,17,78,183,261
HSP,3,192,16,76,60,17,79,184,263
HSP,3,193,16,76,60,17,79,185,264
HSP,3,194,16,76,60,17,80,186,266
HSP,3,195,16,76,60,17,80,186,266
HSP,3,196,16,76,60,17,80,186,266
HSP,3,197,16,76,60,17,80,186,266
HSP,3,198,16,76,60,17,80,187,267
HSP,3,199,16,76,60,18,81,187,268
HSP,3,200,16,76,60,18,81,187,268
HSP,3,201,16,76,60,18,81,187,268
HSP,3,202,16,76,60,18,81,188,269
HSP,3,203,16,76,60,18,81,189,270
HSP,3,204,16,76,60,18,82,191,273
HSP,3,205,17,77,60,17,82,192,274
HSP,3,206,17,77,60,17,83,193,276
HSP,3,207,17,77,60,17,83,194,277
HSP,3,208,17,77,60,18,84,194,278
HSP,3,209,17,77,60,18,85,194,279
HSP,3,210,17,77,60,18,85,194,279
HSP,3,211,17,77,60,18,85,196,281
HSP,3,212,17,77,60,18,87,196,283
HSP,3,213,17,77,60,18,87,196,283
HSP,3,214,17,77,60,18,88,196,284
HSP,3,215,17,77,60,18,88,196,284
HSP,3,216,17,77,60,18,88,196,284
HSP,3,217,17,77,60,18,88,196,284
HSP,3,218,17,77,60,18,88,197,285
HSP,3,219,17,77,60,18,89,197,286
HSP,3,220,17,77,60,18,89,197,286
HSP,3,221,17,77,60,18,89,198,287
HSP,3,222,17,77,60,19,91,199,290
HSP,3,223,17,77,60,19,91,199,290
HSP,3,224,17,77,60,19,91,200,291
HSP,3,225,17,77,60,19,91,201,292
HSP,3,226,17,77,60,19,91,202,293
HSP,3,227,17,77,60,19,91,202,293
HSP,3,228,17,77,60,19,91,202,293
HSP,3,229,17,77,60,19,92,203,295
HSP,3,230,17,77,60,19,92,204,296
HSP,3,231,18,78,60,18,92,204,296
HSP,3,232,18,78,60,18,92,204,296
HSP,3,233,18,78,60,18,92,204,296
HSP,3,234,18,78,60,18,93,205,298
HSP,3,235,18,78,60,18,93,205,298
HSP,3,236,18,78,60,18,93,207,300
HSP,3,237,18,78,60,18,94,209,303
HSP,3,238,18,78,60,18,94,209,303
HSP,3,239,18,78,60,18,94,209,303
HSP,3,240,18,78,60,18,94,212,306
HSP,3,241,18,78,60,18,94,213,307
HSP,3,242,18,78,60,18,94,213,307
HSP,3,243,18,78,60,18,94,214,308
HSP,3,244,18,78,60,18,94,216,310
HSP,3,245,18,78,60,18,94,216,310
HSP,3,246,18,79,61,18,94,216,310
HSP,3,247,18,79,61,18,96,216,312
HSP,3,248,18,79,61,18,96,216,312
HSP,3,249,18,79,61,18,96,217,313
HSP,3,250,18,79,61,18,97,218,315
HSP,3,251,18,79,61,18,98,218,316
HSP,3,252,18,79,61,18,98,218,316
HSP,3,253,18,79,61,18,98,219,317
HSP,3,254,18,79,61,18,98,219,317
HSP,3,255,18,79,61,18,98,221,319
HSP,3,256,18,79,61,19,99,222,321
HSP,3,257,18,79,61,19,99,223,322
HSP,3,258,18,79,61,19,99,224,323
HSP,3,259,18,79,61,19,99,225,324
HSP,3,260,18,79,61,19,99,225,324
HSP,3,261,18,79,61,19,99,226,325
HSP,3,262,18,80,62,19,100,226,326
HSP,3,263,18,80,62,19,100,226,326
HSP,3,264,18,80,62,19,100,226,326
HSP,3,265,18,80,62,19,100,226,326
HSP,3,266,18,80,62,19,100,226,326
HSP,3,267,18,80,62,19,101,227,328
HSP,3,268,18,80,62,19,101,227,328
HSP,3,269,18,80,62,19,102,228,330
HSP,3,270,18,80,62,19,102,228,330
HSP,3,271,18,80,62,19,103,229,332
HSP,3,272,18,80,62,19,103,231,334
HSP,3,273,18,80,62,19,103,233,336
HSP,3,274,18,80,62,19,103,233,336
HSP,3,275,18,80,62,19,103,235,338
HSP,3,276,18,80,62,19,103,235,338
HSP,3,277,18,80,62,19,103,235,338
HSP,3,278,19,81,62,18,103,235,338
HSP,3,279,19,81,62,18,105,236,341
HSP,3,280,19,81,62,18,105,236,341
HSP,3,281,19,81,62,18,105,237,342
HSP,3,282,19,81,62,18,105,238,343
HSP,3,283,19,81,62,18,105,239,344
HSP,3,284,19,81,62,18,105,240,345
HSP,3,285,19,81,62,18,105,241,346
HSP,3,286,19,81,62,18,105,241,346
HSP,3,287,19,81,62,18,105,241,346
HSP,3,288,19,81,62,18,105,241,346
HSP,3,289,20,82,62,17,105,242,347
HSP,3,290,20,82,62,17,105,243,348
HSP,3,291,20,82,62,17,106,243,349
HSP,3,292,20,82,62,17,106,244,350
HSP,3,293,20,82,62,17,106,245,351
HSP,3,294,20,82,62,17,106,246,352
HSP,3,295,20,82,62,17,108,247,355
HSP,3,296,20,82,62,17,108,248,356
HSP,3,297,20,82,62,17,108,249,357
HSP,3,298,20,82,62,17,108,250,358
HSP,3,299,20,82,62,17,108,251,359
HSP,3,300,20,82,62,17,108,251,359
HSP,3,301,20,82,62,17,108,251,359
HSP,3,302,20,82,62,17,108,251,359
HSP,3,303,20,82,62,17,109,252,361
HSP,3,304,20,82,62,17,109,253,362
HSP,3,305,20,82,62,17,109,254,363
HSP,3,306,20,82,62,17,109,254,363
HSP,3,307,20,82,62,17,109,254,363
HSP,3,308,20,82,62,17,109,255,364
HSP,3,309,20,82,62,17,109,255,364
HSP,3,310,20,82,62,17,110,255,365
HSP,3,311,20,82,62,17,110,256,366
HSP,3,312,20,82,62,17,111,256,367
HSP,3,313,20,82,62,17,111,257,368
HSP,3,314,20,82,62,17,111,257,368
HSP,3,315,20,82,62,17,111,257,368
HSP,3,316,20,82,62,17,111,258,369
HSP,3,317,20,82,62,17,112,259,371
HSP,3,318,20,82,62,17,112,259,371
HSP,3,319,20,82,62,17,112,259,371
HSP,3,320,20,82,62,17,112,260,372
HSP,3,321,20,82,62,17,112,260,372
HSP,3,322,20,82,62,17,112,261,373
HSP,3,323,20,82,62,17,112,261,373
HSP,3,324,20,82,62,17,113,262,375
HSP,3,325,20,82,62,17,113,264,377
HSP,3,326,20,82,62,17,113,265,378
HSP,3,327,20,82,62,17,113,265,378
HSP,3,328,20,82,62,17,115,266,381
HSP,3,329,20,82,62,17,115,266,381
HSP,3,330,20,82,62,17,115,266,381
HSP,3,331,20,82,62,17,115,268,383
HSP,3,332,20,82,62,17,115,268,383
HSP,3,333,20,82,62,17,115,269,384
HSP,3,334,20,82,62,17,116,269,385
HSP,3,335,20,82,62,17,116,269,385
HSP,3,336,20,82,62,17,116,269,385
HSP,3,337,20,82,62,17,116,269,385
HSP,3,338,20,82,62,17,116,271,387
HSP,3,339,20,82,62,17,116,272,388
HSP,3,340,20,82,62,17,116,273,389
HSP,3,341,20,82,62,17,116,273,389
HSP,3,342,20,82,62,17,116,273,389
HSP,3,343,20,82,62,17,116,273,389
HSP,3,344,20,82,62,17,116,273,389
HSP,3,345,20,82,62,17,116,273,389
HSP,3,346,20,82,62,17,116,274,390
HSP,3,347,20,82,62,17,116,275,391
HSP,3,348,20,82,62,17,116,276,392
HSP,3,349,20,82,62,17,116,277,393
HSP,3,350,20,82,62,17,117,278,395
HSP,3,351,20,82,62,17,118,279,397
HSP,3,352,20,82,62,17,118,280,398
HSP,3,353,20,82,62,17,118,280,398
HSP,3,354,20,82,62,17,118,280,398
HSP,3,355,20,82,62,17,118,281,399
HSP,3,356,20,82,62,17,118,282,400
HSP,3,357,20,82,62,17,119,283,402
HSP,3,358,20,82,62,17,119,283,402
HSP,3,359,20,82,62,17,119,283,402
HSP,3,360,20,82,62,17,119,284,403
HSP,3,361,20,82,62,17,119,285,404
HSP,3,362,20,82,62,17,119,285,404
HSP,3,363,20,82,62,17,119,286,405
HSP,3,364,20,82,62,17,119,286,405
HSP,3,365,20,82,62,17,120,286,406
HSP,3,366,20,82,62,17,120,286,406
HSP,3,367,20,82,62,17,120,286,406
HSP,3,368,20,82,62,17,122,286,408
HSP,3,369,20,83,63,17,122,287,409
HSP,3,370,20,83,63,17,122,287,409
HSP,3,371,20,83,63,17,123,287,410
HSP,3,372,20,83,63,17,125,287,412
HSP,3,373,20,83,63,17,126,287,413
HSP,3,374,20,83,63,17,126,287,413
HSP,3,375,20,83,63,17,127,288,415
HSP,3,376,20,83,63,17,127,289,416
HSP,3,377,20,83,63,17,128,289,417
HSP,3,378,20,83,63,17,129,289,418
HSP,3,379,20,83,63,17,129,289,418
HSP,3,380,20,83,63,17,129,289,418
HSP,3,381,21,84,63,16,129,289,418
HSP,3,382,21,84,63,16,129,290,419
HSP,3,383,21,84,63,16,129,290,419
HSP,3,384,21,84,63,16,129,290,419
HSP,3,385,21,84,63,16,129,290,419
HSP,3,386,21,84,63,16,130,290,420
HSP,3,387,21,84,63,16,130,290,420
HSP,3,388,21,84,63,16,130,290,420
HSP,3,389,21,84,63,16,130,291,421
HSP,3,390,21,84,63,16,130,292,422
HSP,3,391,21,84,63,16,131,293,424
HSP,3,392,21,84,63,16,131,294,425
HSP,3,393,21,84,63,16,131,294,425
HSP,3,394,21,84,63,16,131,295,426
HSP,3,395,21,84,63,16,131,296,427
HSP,3,396,21,84,63,16,132,296,428
HSP,3,397,21,84,63,16,133,296,429
HSP,3,398,21,84,63,16,133,296,429
HSP,3,399,21,84,63,16,133,296,429
HSP,3,400,21,84,63,16,133,296,429
HSP,3,401,21,84,63,16,133,296,429
HSP,3,402,21,84,63,16,133,296,429
HSP,3,403,21,84,63,16,134,296,430
HSP,3,404,21,84,63,16,134,296,430
HSP,3,405,21,84,63,16,134,298,432
HSP,3,406,21,84,63,16,135,299,434
HSP,3,407,21,84,63,16,135,299,434
HSP,3,408,21,84,63,16,135,299,434
HSP,3,409,21,84,63,16,135,300,435
HSP,3,410,21,84,63,16,135,300,435
HSP,3,411,21,84,63,16,135,300,435
HSP,3,412,21,84,63,16,135,300,435
HSP,3,413,21,84,63,16,135,300,435
HSP,3,414,21,84,63,16,136,301,437
HSP,3,415,21,84,63,16,136,301,437
HSP,3,416,21,84,63,16,136,301,437
HSP,3,417,21,84,63,16,136,302,438
HSP,3,418,21,84,63,16,136,302,438
HSP,3,419,21,84,63,16,136,304,440
HSP,3,420,21,84,63,16,136,305,441
HSP,3,421,21,84,63,16,136,306,442
HSP,3,422,21,84,63,16,136,306,442
HSP,3,423,21,84,63,16,137,306,443
HSP,3,424,21,84,63,16,137,307,444
HSP,3,425,21,84,63,16,137,309,446
HSP,3,426,21,84,63,16,138,310,448
HSP,3,427,21,84,63,16,139,311,450
HSP,3,428,21,84,63,16,139,311,450
HSP,3,429,21,84,63,16,139,311,450
HSP,3,430,21,84,63,16,140,312,452
HSP,3,431,21,84,63,16,141,312,453
HSP,3,432,22,85,63,15,141,312,453
HSP,3,433,22,85,63,15,141,312,453
HSP,3,434,22,85,63,15,141,312,453
HSP,3,435,22,85,63,15,141,312,453
HSP,3,436,22,85,63,15,141,312,453
HSP,3,437,22,85,63,15,143,313,456
HSP,3,438,22,85,63,15,143,313,456
HSP,3,439,22,85,63,15,143,313,456
HSP,3,440,22,85,63,15,144,313,457
HSP,3,441,22,85,63,15,144,314,458
HSP,3,442,22,85,63,15,144,314,458
HSP,3,443,22,85,63,15,144,315,459
HSP,3,444,22,85,63,15,144,315,459
HSP,3,445,22,85,63,15,144,316,460
HSP,3,446,22,85,63,15,144,316,460
HSP,3,447,22,85,63,15,144,317,461
HSP,3,448,22,85,63,15,144,317,461
HSP,3,449,22,85,63,15,144,317,461
HSP,3,450,22,85,63,15,144,317,461
HSP,3,451,22,85,63,15,144,317,461
HSP,3,452,22,85,63,15,144,317,461
HSP,3,453,22,85,63,15,144,317,461
HSP,3,454,22,85,63,15,145,317,462
HSP,3,455,22,85,63,15,145,317,462
HSP,3,456,22,85,63,15,145,318,463
HSP,3,457,22,85,63,15,145,319,464
HSP,3,458,22,85,63,15,145,319,464
HSP,3,459,22,85,63,15,147,319,466
HSP,3,460,22,85,63,15,147,319,466
HSP,3,461,22,85,63,15,147,319,466
HSP,3,462,22,85,63,15,147,320,467
HSP,3,463,22,85,63,15,149,320,469
HSP,3,464,22,85,63,15,149,321,470
HSP,3,465,22,85,63,15,149,321,470
HSP,3,466,22,85,63,15,149,322,471
HSP,3,467,22,85,63,15,149,322,471
HSP,3,468,22,85,63,15,149,323,472
HSP,3,469,22,85,63,15,149,323,472
HSP,3,470,22,85,63,15,149,324,473
HSP,3,471,22,85,63,15,149,324,473
HSP,3,472,22,85,63,15,149,325,474
HSP,3,473,22,85,63,15,149,325,474
HSP,3,474,22,85,63,15,149,325,474
HSP,3,475,22,85,63,15,149,326,475
HSP,3,476,22,85,63,15,149,326,475
HSP,3,477,22,85,63,15,149,326,475
HSP,3,478,22,85,63,15,149,326,475
HSP,3,479,22,85,63,15,149,327,476
HSP,3,480,22,85,63,15,150,327,477
HSP,3,481,22,85,63,15,150,328,478
HSP,3,482,22,85,63,15,150,329,479
HSP,3,483,22,85,63,15,150,331,481
HSP,3,484,22,85,63,15,150,333,483
HSP,3,485,22,85,63,15,151,333,484
HSP,3,486,22,85,63,15,151,333,484
HSP,3,487,22,85,63,15,151,333,484
HSP,3,488,22,85,63,15,152,333,485
HSP,3,489,22,85,63,15,152,333,485
HSP,3,490,22,85,63,15,153,333,486
HSP,3,491,22,85,63,15,153,333,486
HSP,3,492,22,85,63,15,153,333,486
HSP,3,493,22,85,63,15,153,333,486
HSP,3,494,22,85,63,15,154,333,487
HSP,3,495,22,85,63,15,154,333,487
HSP,3,496,22,85,63,15,154,334,488
HSP,3,497,22,85,63,15,154,334,488
HSP,3,498,22,85,63,15,154,334,488
HSP,3,499,22,85,63,15,154,335,489
HSP,4,0,0,4,4,8,0,0,0
HSP,4,1,0,5,5,8,0,1,1
HSP,4,2,0,8,8,8,0,2,2
HSP,4,3,0,10,10,8,0,2,2
HSP,4,4,1,13,12,7,0,2,2
HSP,4,5,1,15,14,7,0,2,2
HSP,4,6,1,16,15,7,0,2,2
HSP,4,7,1,16,15,7,0,2,2
HSP,4,8,1,16,15,7,0,2,2
HSP,4,9,1,16,15,7,0,4,4
HSP,4,10,1,17,16,7,0,7,7
HSP,4,11,1,18,17,7,0,10,10
HSP,4,12,1,19,18,7,0,11,11
HSP,4,13,1,21,20,7,1,11,12
HSP,4,14,1,23,22,7,1,13,14
HSP,4,15,1,25,24,7,1,14,15
HSP,4,16,1,25,24,7,1,19,20
HSP,4,17,2,27,25,6,1,21,22
HSP,4,18,2,29,27,6,2,22,24
HSP,4,19,2,30,28,6,2,25,27
HSP,4,20,2,30,28,6,3,26,29
HSP,4,21,2,32,30,6,3,27,30
HSP,4,22,2,32,30,6,4,29,33
HSP,4,23,2,32,30,6,4,32,36
HSP,4,24,2,32,30,6,4,33,37
HSP,4,25,2,32,30,6,5,34,39
HSP,4,26,2,32,30,7,6,34,40
HSP,4,27,2,33,31,7,6,34,40
HSP,4,28,2,36,34,7,7,36,43
HSP,4,29,2,36,34,8,9,39,48
HSP,4,30,2,36,34,8,10,41,51
HSP,4,31,2,36,34,8,11,43,54
HSP,4,32,2,36,34,9,12,46,58
HSP,4,33,2,37,35,10,14,47,61
HSP,4,34,2,38,36,10,15,48,63
HSP,4,35,3,40,37,9,19,51,70
HSP,4,36,3,40,37,9,19,53,72
HSP,4,37,3,40,37,9,19,54,73
HSP,4,38,4,43,39,8,19,54,73
HSP,4,39,4,44,40,8,19,54,73
HSP,4,40,4,44,40,8,19,56,75
HSP,4,41,4,45,41,8,19,57,76
HSP,4,42,5,46,41,8,21,60,81
HSP,4,43,5,49,44,9,22,61,83
HSP,4,44,5,49,44,9,23,62,85
HSP,4,45,5,49,44,10,24,65,89
HSP,4,46,5,49,44,11,25,68,93
HSP,4,47,5,49,44,11,25,68,93
HSP,4,48,5,49,44,12,26,69,95
HSP,4,49,5,49,44,12,26,72,98
HSP,4,50,5,49,44,13,27,73,100
HSP,4,51,5,50,45,13,27,75,102
HSP,4,52,5,50,45,13,28,76,104
HSP,4,53,5,50,45,13,28,78,106
HSP,4,54,5,50,45,13,28,81,109
HSP,4,55,5,51,46,14,29,81,110
HSP,4,56,5,52,47,15,32,81,113
HSP,4,57,5,52,47,15,33,83,116
HSP,4,58,5,53,48,15,33,86,119
HSP,4,59,5,53,48,16,34,87,121
HSP,4,60,5,53,48,16,35,87,122
HSP,4,61,5,53,48,16,36,87,123
HSP,4,62,5,53,48,16,36,90,126
HSP,4,63,5,53,48,16,36,90,126
HSP,4,64,5,54,49,16,37,90,127
HSP,4,65,5,54,49,16,37,92,129
HSP,4,66,5,54,49,17,38,93,131
HSP,4,67,5,54,49,17,39,93,132
HSP,4,68,5,54,49,17,40,94,134
HSP,4,69,5,54,49,17,41,97,138
HSP,4,70,5,55,50,17,41,102,143
HSP,4,71,5,55,50,18,42,103,145
HSP,4,72,5,55,50,18,42,103,145
HSP,4,73,5,55,50,19,43,104,147
HSP,4,74,5,55,50,19,43,105,148
HSP,4,75,5,55,50,19,43,106,149
HSP,4,76,5,56,51,20,44,106,150
HSP,4,77,5,56,51,21,45,106,151
HSP,4,78,5,56,51,21,47,108,155
HSP,4,79,5,56,51,21,48,108,156
HSP,4,80,5,56,51,22,49,108,157
HSP,4,81,5,56,51,22,51,109,160
HSP,4,82,5,56,51,24,53,111,164
HSP,4,83,5,58,53,25,54,112,166
HSP,4,84,5,58,53,25,56,112,168
HSP,4,85,5,58,53,25,56,114,170
HSP,4,86,5,58,53,25,56,115,171
HSP,4,87,6,59,53,24,56,115,171
HSP,4,88,7,60,53,23,56,115,171
HSP,4,89,7,60,53,24,57,115,172
HSP,4,90,7,60,53,24,57,116,173
HSP,4,91,7,60,53,25,58,116,174
HSP,4,92,8,61,53,24,58,116,174
HSP,4,93,8,61,53,25,59,117,176
HSP,4,94,8,61,53,25,59,117,176
HSP,4,95,9,62,53,24,61,117,178
HSP,4,96,9,62,53,24,61,118,179
HSP,4,97,9,62,53,24,61,118,179
HSP,4,98,9,62,53,25,62,118,180
HSP,4,99,9,62,53,25,63,119,182
HSP,4,100,10,63,53,24,65,119,184
HSP,4,101,10,63,53,24,66,119,185
HSP,4,102,10,63,53,24,67,121,188
HSP,4,103,10,63,53,24,67,122,189
HSP,4,104,10,63,53,26,69,124,193
HSP,4,105,10,63,53,26,71,124,195
HSP,4,106,10,63,53,26,71,125,196
HSP,4,107,10,63,53,26,71,125,196
HSP,4,108,10,63,53,26,71,126,197
HSP,4,109,10,63,53,26,71,126,197
HSP,4,110,10,63,53,26,72,128,200
HSP,4,111,10,63,53,26,73,128,201
HSP,4,112,10,63,53,26,73,129,202
HSP,4,113,10,63,53,26,73,130,203
HSP,4,114,11,64,53,25,73,132,205
HSP,4,115,11,64,53,25,74,133,207
HSP,4,116,11,64,53,25,74,134,208
HSP,4,117,11,64,53,25,74,134,208
HSP,4,118,11,64,53,25,74,134,208
HSP,4,119,11,64,53,25,76,135,211
HSP,4,120,11,64,53,25,77,136,213
HSP,4,121,11,64,53,25,77,136,213
HSP,4,122,11,65,54,25,77,137,214
HSP,4,123,11,66,55,25,78,138,216
HSP,4,124,11,66,55,25,78,138,216
HSP,4,125,11,67,56,25,80,138,218
HSP,4,126,11,67,56,25,80,140,220
HSP,4,127,11,67,56,25,81,142,223
HSP,4,128,11,67,56,25,81,142,223
HSP,4,129,11,67,56,25,82,142,224
HSP,4,130,11,67,56,25,82,143,225
HSP,4,131,11,67,56,25,82,144,226
HSP,4,132,11,67,56,25,83,146,229
HSP,4,133,11,67,56,25,83,147,230
HSP,4,134,11,67,56,25,85,148,233
HSP,4,135,11,67,56,25,85,148,233
HSP,4,136,11,68,57,25,85,148,233
HSP,4,137,11,68,57,25,85,148,233
HSP,4,138,11,68,57,25,87,151,238
HSP,4,139,11,68,57,25,88,151,239
HSP,4,140,11,68,57,25,88,154,242
HSP,4,141,11,68,57,25,89,154,243
HSP,4,142,12,69,57,24,89,155,244
HSP,4,143,13,70,57,24,91,155,246
HSP,4,144,13,70,57,24,91,155,246
HSP,4,145,13,70,57,24,91,155,246
HSP,4,146,13,70,57,24,91,158,249
HSP,4,147,13,70,57,24,93,160,253
HSP,4,148,13,70,57,24,93,160,253
HSP,4,149,13,70,57,24,93,160,253
HSP,4,150,13,70,57,24,93,161,254
HSP,4,151,13,70,57,24,93,161,254
HSP,4,152,13,70,57,24,93,161,254
HSP,4,153,13,70,57,24,93,162,255
HSP,4,154,13,70,57,24,93,164,257
HSP,4,155,13,71,58,24,93,165,258
HSP,4,156,13,71,58,24,94,166,260
HSP,4,157,13,71,58,24,94,166,260
HSP,4,158,13,71,58,24,95,166,261
HSP,4,159,13,71,58,24,97,166,263
HSP,4,160,13,71,58,24,98,168,266
HSP,4,161,13,71,58,24,99,169,268
HSP,4,162,13,71,58,24,99,169,268
HSP,4,163,13,71,58,24,100,169,269
HSP,4,164,13,71,58,24,101,169,270
HSP,4,165,13,71,58,24,101,170,271
HSP,4,166,13,71,58,24,101,170,271
HSP,4,167,13,71,58,24,101,170,271
HSP,4,168,13,71,58,24,101,171,272
HSP,4,169,13,71,58,24,102,171,273
HSP,4,170,13,71,58,24,102,171,273
HSP,4,171,13,71,58,24,102,172,274
HSP,4,172,13,71,58,24,102,174,276
HSP,4,173,13,71,58,24,102,176,278
HSP,4,174,13,71,58,24,102,176,278
HSP,4,175,13,71,58,24,103,176,279
HSP,4,176,13,71,58,24,103,176,279
HSP,4,177,13,71,58,24,104,178,282
HSP,4,178,13,71,58,24,104,178,282
HSP,4,179,13,71,58,24,105,178,283
HSP,4,180,13,71,58,24,106,179,285
HSP,4,181,13,71,58,24,106,180,286
HSP,4,182,14,72,58,23,108,180,288
HSP,4,183,14,72,58,23,108,180,288
HSP,4,184,14,72,58,23,108,181,289
HSP,4,185,14,72,58,23,108,183,291
HSP,4,186,14,72,58,23,108,184,292
HSP,4,187,14,73,59,23,109,184,293
HSP,4,188,14,73,59,23,111,184,295
HSP,4,189,14,73,59,23,111,186,297
HSP,4,190,14,73,59,23,111,186,297
HSP,4,191,14,73,59,23,112,186,298
HSP,4,192,14,73,59,23,113,187,300
HSP,4,193,14,73,59,23,114,187,301
HSP,4,194,14,73,59,23,114,188,302
HSP,4,195,14,73,59,23,114,188,302
HSP,4,196,14,73,59,23,115,188,303
HSP,4,197,14,73,59,23,115,188,303
HSP,4,198,14,73,59,23,115,188,303
HSP,4,199,14,73,59,23,116,189,305
HSP,4,200,14,73,59,23,116,189,305
HSP,4,201,14,73,59,23,116,190,306
HSP,4,202,14,73,59,23,117,190,307
HSP,4,203,14,73,59,23,117,191,308
HSP,4,204,14,73,59,23,118,193,311
HSP,4,205,14,73,59,23,119,195,314
HSP,4,206,14,73,59,23,120,196,316
HSP,4,207,14,73,59,23,120,196,316
HSP,4,208,14,73,59,23,120,196,316
HSP,4,209,14,73,59,23,120,196,316
HSP,4,210,14,73,59,23,120,198,318
HSP,4,211,14,73,59,23,121,198,319
HSP,4,212,14,73,59,23,121,198,319
HSP,4,213,14,74,60,23,121,199,320
HSP,4,214,14,74,60,23,121,200,321
HSP,4,215,14,74,60,23,121,200,321
HSP,4,216,14,74,60,23,122,202,324
HSP,4,217,14,74,60,23,122,203,325
HSP,4,218,14,74,60,23,123,203,326
HSP,4,219,14,74,60,23,123,203,326
HSP,4,220,14,74,60,23,123,204,327
HSP,4,221,14,74,60,23,123,204,327
HSP,4,222,14,74,60,23,123,204,327
HSP,4,223,14,74,60,23,124,205,329
HSP,4,224,14,74,60,23,124,207,331
HSP,4,225,14,74,60,23,124,208,332
HSP,4,226,14,74,60,23,124,210,334
HSP,4,227,14,74,60,23,125,210,335
HSP,4,228,14,74,60,23,126,213,339
HSP,4,229,14,74,60,23,126,213,339
HSP,4,230,14,74,60,23,126,214,340
HSP,4,231,15,75,60,22,126,214,340
HSP,4,232,15,75,60,22,126,214,340
HSP,4,233,15,75,60,22,126,214,340
HSP,4,234,15,75,60,22,128,214,342
HSP,4,235,15,75,60,22,131,214,345
HSP,4,236,15,75,60,22,132,216,348
HSP,4,237,15,75,60,22,132,217,349
HSP,4,238,15,75,60,22,132,217,349
HSP,4,239,15,75,60,22,134,218,352
HSP,4,240,15,75,60,22,134,219,353
HSP,4,241,15,75,60,22,134,219,353
HSP,4,242,16,76,60,21,134,221,355
HSP,4,243,16,76,60,21,134,221,355
HSP,4,244,16,76,60,21,134,221,355
HSP,4,245,16,76,60,21,134,221,355
HSP,4,246,16,76,60,21,134,222,356
HSP,4,247,16,76,60,21,134,222,356
HSP,4,248,16,76,60,22,136,223,359
HSP,4,249,16,76,60,23,137,223,360
HSP,4,250,16,76,60,23,137,224,361
HSP,4,251,16,76,60,23,137,224,361
HSP,4,252,16,76,60,23,138,225,363
HSP,4,253,16,76,60,23,138,227,365
HSP,4,254,16,76,60,23,138,227,365
HSP,4,255,16,76,60,23,138,228,366
HSP,4,256,16,76,60,23,140,228,368
HSP,4,257,16,76,60,23,141,229,370
HSP,4,258,16,76,60,23,141,229,370
HSP,4,259,16,76,60,23,141,230,371
HSP,4,260,16,76,60,23,141,230,371
HSP,4,261,16,76,60,23,142,231,373
HSP,4,262,16,76,60,23,142,231,373
HSP,4,263,16,76,60,23,142,231,373
HSP,4,264,16,76,60,24,143,232,375
HSP,4,265,16,76,60,24,144,232,376
HSP,4,266,16,76,60,24,144,233,377
HSP,4,267,16,76,60,24,144,235,379
HSP,4,268,16,76,60,24,146,235,381
HSP,4,269,16,76,60,24,146,235,381
HSP,4,270,16,76,60,24,146,235,381
HSP,4,271,16,76,60,24,146,235,381
HSP,4,272,16,76,60,24,146,235,381
HSP,4,273,16,76,60,24,146,236,382
HSP,4,274,16,76,60,24,146,236,382
HSP,4,275,16,76,60,24,147,236,383
HSP,4,276,16,76,60,24,147,238,385
HSP,4,277,16,76,60,24,147,238,385
HSP,4,278,16,76,60,24,149,240,389
HSP,4,279,16,76,60,24,149,242,391
HSP,4,280,16,76,60,24,149,242,391
HSP,4,281,16,76,60,24,150,242,392
HSP,4,282,16,76,60,24,151,243,394
HSP,4,283,16,76,60,24,151,243,394
HSP,4,284,16,76,60,24,152,243,395
HSP,4,285,16,76,60,24,153,245,398
HSP,4,286,16,76,60,24,154,246,400
HSP,4,287,16,76,60,24,154,246,400
HSP,4,288,16,76,60,24,154,247,401
HSP,4,289,16,76,60,24,154,247,401
HSP,4,290,16,76,60,24,154,247,401
HSP,4,291,16,76,60,24,154,248,402
HSP,4,292,16,76,60,24,154,248,402
HSP,4,293,16,76,60,24,155,249,404
HSP,4,294,16,76,60,24,158,249,407
HSP,4,295,16,76,60,24,158,250,408
HSP,4,296,16,76,60,24,158,251,409
HSP,4,297,16,76,60,24,159,252,411
HSP,4,298,16,76,60,24,159,252,411
HSP,4,299,16,76,60,24,160,252,412
HSP,4,300,16,76,60,24,160,254,414
HSP,4,301,16,76,60,24,161,254,415
HSP,4,302,16,76,60,24,162,254,416
HSP,4,303,16,76,60,24,162,256,418
HSP,4,304,16,76,60,24,163,256,419
HSP,4,305,16,76,60,24,163,256,419
HSP,4,306,16,76,60,24,163,257,420
HSP,4,307,16,76,60,24,164,258,422
HSP,4,308,16,76,60,24,165,258,423
HSP,4,309,16,76,60,24,165,259,424
HSP,4,310,16,76,60,24,166,259,425
HSP,4,311,16,76,60,24,166,260,426
HSP,4,312,16,76,60,24,167,260,427
HSP,4,313,16,76,60,24,167,260,427
HSP,4,314,16,76,60,24,168,260,428
HSP,4,315,16,76,60,24,168,261,429
HSP,4,316,16,76,60,24,168,261,429
HSP,4,317,16,76,60,24,168,263,431
HSP,4,318,16,76,60,24,168,263,431
HSP,4,319,16,76,60,24,168,265,433
HSP,4,320,16,76,60,24,168,266,434
HSP,4,321,16,76,60,24,168,266,434
HSP,4,322,16,76,60,24,168,266,434
HSP,4,323,16,76,60,24,168,266,434
HSP,4,324,16,76,60,24,170,267,437
HSP,4,325,16,76,60,24,170,267,437
HSP,4,326,16,76,60,24,170,267,437
HSP,4,327,16,76,60,24,170,267,437
HSP,4,328,16,76,60,24,173,268,441
HSP,4,329,16,76,60,24,174,269,443
HSP,4,330,16,76,60,24,174,269,443
HSP,4,331,16,76,60,24,174,269,443
HSP,4,332,16,76,60,24,175,270,445
HSP,4,333,16,76,60,24,175,270,445
HSP,4,334,16,76,60,24,176,271,447
HSP,4,335,16,76,60,24,176,273,449
HSP,4,336,16,76,60,24,176,273,449
HSP,4,337,16,76,60,24,177,273,450
HSP,4,338,16,76,60,24,178,273,451
HSP,4,339,16,76,60,24,178,275,453
HSP,4,340,16,76,60,24,180,276,456
HSP,4,341,16,76,60,24,180,276,456
HSP,4,342,16,76,60,24,180,277,457
HSP,4,343,16,76,60,24,180,277,457
HSP,4,344,16,76,60,24,180,277,457
HSP,4,345,16,76,60,24,180,277,457
HSP,4,346,16,76,60,24,180,277,457
HSP,4,347,16,76,60,24,180,277,457
HSP,4,348,16,76,60,24,182,277,459
HSP,4,349,16,76,60,24,183,277,460
HSP,4,350,16,76,60,24,183,278,461
HSP,4,351,16,76,60,24,184,280,464
HSP,4,352,16,76,60,24,184,280,464
HSP,4,353,16,76,60,24,184,280,464
HSP,4,354,16,76,60,24,185,280,465
HSP,4,355,16,76,60,24,185,280,465
HSP,4,356,16,76,60,24,185,280,465
HSP,4,357,16,76,60,24,185,280,465
HSP,4,358,16,76,60,24,185,280,465
HSP,4,359,16,76,60,24,185,281,466
HSP,4,360,16,76,60,24,186,281,467
HSP,4,361,16,76,60,24,186,283,469
HSP,4,362,17,77,60,23,186,284,470
HSP,4,363,17,77,60,23,186,284,470
HSP,4,364,17,77,60,23,186,284,470
HSP,4,365,17,77,60,23,186,286,472
HSP,4,366,17,77,60,23,186,286,472
HSP,4,367,17,77,60,23,186,287,473
HSP,4,368,18,78,60,22,186,288,474
HSP,4,369,18,78,60,22,186,289,475
HSP,4,370,18,78,60,22,186,290,476
HSP,4,371,18,78,60,22,187,290,477
HSP,4,372,18,78,60,22,187,290,477
HSP,4,373,19,79,60,21,189,290,479
HSP,4,374,19,79,60,21,189,291,480
HSP,4,375,19,79,60,21,189,291,480
HSP,4,376,19,79,60,21,189,293,482
HSP,4,377,19,79,60,21,189,294,483
HSP,4,378,19,79,60,21,190,294,484
HSP,4,379,19,79,60,21,190,296,486
HSP,4,380,19,79,60,21,190,296,486
HSP,4,381,19,79,60,21,190,296,486
HSP,4,382,19,79,60,21,191,297,488
HSP,4,383,19,79,60,21,191,297,488
HSP,4,384,19,79,60,21,191,297,488
HSP,4,385,19,79,60,21,191,297,488
HSP,4,386,19,79,60,21,191,298,489
HSP,4,387,19,79,60,21,191,298,489
HSP,4,388,19,79,60,21,192,298,490
HSP,4,389,19,79,60,21,192,298,490
HSP,4,390,19,79,60,21,192,299,491
HSP,4,391,19,79,60,21,192,299,491
HSP,4,392,19,79,60,21,194,301,495
HSP,4,393,19,79,60,21,194,301,495
HSP,4,394,19,79,60,21,196,303,499
HSP,4,395,19,79,60,21,196,303,499
HSP,4,396,19,79,60,21,197,304,501
HSP,4,397,19,79,60,21,197,304,501
HSP,4,398,19,79,60,21,197,304,501
HSP,4,399,19,79,60,21,197,304,501
HSP,4,400,19,79,60,21,197,305,502
HSP,4,401,19,79,60,21,197,306,503
HSP,4,402,19,79,60,21,198,307,505
HSP,4,403,19,79,60,21,198,307,505
HSP,4,404,19,79,60,21,198,307,505
HSP,4,405,19,79,60,21,198,307,505
HSP,4,406,19,79,60,21,198,308,506
HSP,4,407,19,79,60,21,198,308,506
HSP,4,408,19,79,60,21,199,308,507
HSP,4,409,19,79,60,21,199,309,508
HSP,4,410,19,79,60,21,199,309,508
HSP,4,411,20,80,60,20,199,309,508
HSP,4,412,20,80,60,20,199,309,508
HSP,4,413,20,80,60,20,200,310,510
HSP,4,414,20,80,60,20,200,311,511
HSP,4,415,20,80,60,20,200,313,513
HSP,4,416,20,80,60,20,200,315,515
HSP,4,417,20,80,60,20,201,315,516
HSP,4,418,20,80,60,20,201,315,516
HSP,4,419,20,80,60,20,202,315,517
HSP,4,420,20,80,60,20,202,315,517
HSP,4,421,20,80,60,20,203,316,519
HSP,4,422,20,80,60,20,203,316,519
HSP,4,423,20,80,60,20,203,317,520
HSP,4,424,20,80,60,20,203,317,520
HSP,4,425,20,80,60,20,204,317,521
HSP,4,426,20,80,60,20,205,318,523
HSP,4,427,20,80,60,20,206,319,525
HSP,4,428,20,80,60,20,207,319,526
HSP,4,429,20,80,60,20,207,319,526
HSP,4,430,20,80,60,20,207,320,527
HSP,4,431,20,80,60,20,207,322,529
HSP,4,432,20,80,60,20,207,322,529
HSP,4,433,20,80,60,20,207,322,529
HSP,4,434,20,80,60,20,207,322,529
HSP,4,435,20,80,60,20,207,323,530
HSP,4,436,20,80,60,20,207,323,530
HSP,4,437,20,80,60,20,208,323,531
HSP,4,438,20,80,60,20,208,323,531
HSP,4,439,20,80,60,20,209,323,532
HSP,4,440,20,80,60,20,209,323,532
HSP,4,441,20,80,60,20,209,323,532
HSP,4,442,20,80,60,20,209,323,532
HSP,4,443,20,80,60,20,210,323,533
HSP,4,444,20,80,60,20,210,324,534
HSP,4,445,20,80,60,20,211,324,535
HSP,4,446,20,80,60,20,212,324,536
HSP,4,447,20,80,60,20,213,325,538
HSP,4,448,20,80,60,20,213,326,539
HSP,4,449,20,80,60,20,214,327,541
HSP,4,450,20,80,60,20,215,328,543
HSP,4,451,20,80,60,20,215,328,543
HSP,4,452,20,80,60,20,215,328,543
HSP,4,453,20,80,60,20,215,328,543
HSP,4,454,20,80,60,20,215,328,543
HSP,4,455,20,80,60,20,216,328,544
HSP,4,456,20,80,60,20,216,328,544
HSP,4,457,20,80,60,20,216,328,544
HSP,4,458,20,80,60,20,216,328,544
HSP,4,459,20,80,60,20,216,330,546
HSP,4,460,20,80,60,20,216,330,546
HSP,4,461,20,80,60,20,216,330,546
HSP,4,462,20,80,60,20,217,331,548
HSP,4,463,20,80,60,20,217,331,548
HSP,4,464,20,80,60,20,219,331,550
HSP,4,465,20,80,60,20,219,332,551
HSP,4,466,20,80,60,20,219,333,552
HSP,4,467,20,80,60,20,219,333,552
HSP,4,468,20,80,60,20,220,333,553
HSP,4,469,20,80,60,20,220,333,553
HSP,4,470,21,81,60,19,220,333,553
HSP,4,471,21,81,60,19,221,334,555
HSP,4,472,21,81,60,19,221,334,555
HSP,4,473,21,81,60,19,221,335,556
HSP,4,474,21,81,60,19,221,336,557
HSP,4,475,21,81,60,19,222,336,558
HSP,4,476,21,81,60,19,222,337,559
HSP,4,477,21,81,60,19,223,337,560
HSP,4,478,21,81,60,19,223,338,561
HSP,4,479,21,81,60,19,223,339,562
HSP,4,480,21,81,60,19,223,339,562
HSP,4,481,21,81,60,19,223,339,562
HSP,4,482,21,81,60,19,223,340,563
HSP,4,483,21,81,60,19,223,341,564
HSP,4,484,21,81,60,19,223,341,564
HSP,4,485,21,81,60,19,223,342,565
HSP,4,486,21,81,60,19,223,343,566
HSP,4,487,21,81,60,19,223,343,566
HSP,4,488,21,81,60,19,223,344,567
HSP,4,489,21,81,60,19,223,344,567
HSP,4,490,21,81,60,19,224,344,568
HSP,4,491,21,81,60,19,224,344,568
HSP,4,492,21,81,60,19,225,344,569
HSP,4,493,21,81,60,19,225,344,569
HSP,4,494,21,81,60,19,225,344,569
HSP,4,495,21,81,60,19,225,345,570
HSP,4,496,21,81,60,19,225,346,571
HSP,4,497,21,81,60,19,226,346,572
HSP,4,498,21,81,60,19,227,346,573
HSP,4,499,21,81,60,19,227,346,573
HSP,5,0,0,4,4,11,0,1,1
HSP,5,1,2,8,6,9,0,1,1
HSP,5,2,3,9,6,8,0,3,3
HSP,5,3,3,12,9,8,0,4,4
HSP,5,4,3,15,12,8,0,5,5
HSP,5,5,4,19,15,7,0,5,5
HSP,5,6,4,21,17,7,0,7,7
HSP,5,7,4,22,18,7,0,9,9
HSP,5,8,4,22,18,7,0,10,10
HSP,5,9,4,24,20,7,0,10,10
HSP,5,10,5,27,22,6,0,11,11
HSP,5,11,5,28,23,6,0,11,11
HSP,5,12,5,29,24,6,0,12,12
HSP,5,13,5,30,25,7,1,17,18
HSP,5,14,5,31,26,7,1,20,21
HSP,5,15,5,31,26,7,1,23,24
HSP,5,16,5,32,27,7,1,24,25
HSP,5,17,5,33,28,7,1,28,29
HSP,5,18,5,34,29,7,1,31,32
HSP,5,19,5,34,29,7,2,35,37
HSP,5,20,5,37,32,7,2,39,41
HSP,5,21,5,40,35,7,3,39,42
HSP,5,22,5,40,35,7,4,40,44
HSP,5,23,6,43,37,6,6,41,47
HSP,5,24,6,45,39,6,7,43,50
HSP,5,25,7,47,40,5,7,45,52
HSP,5,26,7,48,41,5,7,46,53
HSP,5,27,7,50,43,5,7,47,54
HSP,5,28,7,50,43,6,8,48,56
HSP,5,29,7,50,43,6,8,49,57
HSP,5,30,8,51,43,5,8,50,58
HSP,5,31,8,51,43,5,8,53,61
HSP,5,32,8,51,43,6,10,54,64
HSP,5,33,8,52,44,6,11,55,66
HSP,5,34,8,53,45,6,11,57,68
HSP,5,35,8,54,46,6,13,57,70
HSP,5,36,8,55,47,7,14,60,74
HSP,5,37,8,55,47,7,16,60,76
HSP,5,38,8,56,48,7,16,63,79
HSP,5,39,8,56,48,7,16,65,81
HSP,5,40,8,56,48,7,16,68,84
HSP,5,41,9,58,49,7,17,68,85
HSP,5,42,9,58,49,7,17,69,86
HSP,5,43,9,60,51,7,17,69,86
HSP,5,44,9,61,52,7,17,70,87
HSP,5,45,9,61,52,8,18,72,90
HSP,5,46,9,62,53,8,18,73,91
HSP,5,47,9,62,53,8,18,75,93
HSP,5,48,9,63,54,8,19,75,94
HSP,5,49,9,63,54,8,19,76,95
HSP,5,50,9,64,55,8,19,77,96
HSP,5,51,9,64,55,8,19,77,96
HSP,5,52,9,64,55,8,19,78,97
HSP,5,53,9,64,55,9,20,78,98
HSP,5,54,9,64,55,9,20,79,99
HSP,5,55,9,64,55,9,22,79,101
HSP,5,56,9,64,55,9,22,80,102
HSP,5,57,9,64,55,9,23,84,107
HSP,5,58,9,65,56,9,23,85,108
HSP,5,59,9,65,56,9,23,86,109
HSP,5,60,9,67,58,9,23,87,110
HSP,5,61,9,67,58,9,23,88,111
HSP,5,62,9,68,59,9,23,89,112
HSP,5,63,9,68,59,9,24,90,114
HSP,5,64,9,68,59,9,24,91,115
HSP,5,65,9,68,59,9,24,92,116
HSP,5,66,9,68,59,9,25,92,117
HSP,5,67,9,69,60,9,26,93,119
HSP,5,68,9,69,60,9,27,94,121
HSP,5,69,9,69,60,9,27,96,123
HSP,5,70,9,69,60,9,27,96,123
HSP,5,71,9,69,60,9,27,96,123
HSP,5,72,9,69,60,9,27,96,123
HSP,5,73,9,69,60,9,27,98,125
HSP,5,74,9,69,60,10,28,99,127
HSP,5,75,10,70,60,9,28,100,128
HSP,5,76,10,70,60,9,28,100,128
HSP,5,77,10,70,60,9,28,101,129
HSP,5,78,10,70,60,10,29,102,131
HSP,5,79,10,70,60,10,29,103,132
HSP,5,80,10,70,60,10,30,103,133
HSP,5,81,10,70,60,11,31,103,134
HSP,5,82,10,70,60,11,31,103,134
HSP,5,83,10,70,60,11,31,103,134
HSP,5,84,10,70,60,11,32,106,138
HSP,5,85,10,71,61,12,33,106,139
HSP,5,86,10,71,61,12,33,108,141
HSP,5,87,10,71,61,12,33,108,141
HSP,5,88,10,71,61,12,33,108,141
HSP,5,89,10,71,61,12,33,108,141
HSP,5,90,10,71,61,12,33,109,142
HSP,5,91,10,71,61,12,33,110,143
HSP,5,92,10,71,61,13,35,110,145
HSP,5,93,10,71,61,13,35,110,145
HSP,5,94,11,72,61,12,36,110,146
HSP,5,95,11,72,61,12,36,111,147
HSP,5,96,11,72,61,12,37,112,149
HSP,5,97,11,72,61,12,37,113,150
HSP,5,98,11,72,61,12,37,114,151
HSP,5,99,11,72,61,12,37,114,151
HSP,5,100,11,72,61,12,37,114,151
HSP,5,101,11,72,61,13,38,114,152
HSP,5,102,12,73,61,12,38,114,152
HSP,5,103,12,73,61,12,39,115,154
HSP,5,104,12,73,61,12,39,117,156
HSP,5,105,12,73,61,12,39,119,158
HSP,5,106,12,73,61,12,39,120,159
HSP,5,107,12,73,61,12,39,120,159
HSP,5,108,12,73,61,12,39,120,159
HSP,5,109,12,73,61,13,40,120,160
HSP,5,110,12,73,61,13,40,120,160
HSP,5,111,12,73,61,13,41,120,161
HSP,5,112,12,73,61,13,41,120,161
HSP,5,113,12,73,61,13,41,120,161
HSP,5,114,12,73,61,13,41,121,162
HSP,5,115,13,75,62,12,41,122,163
HSP,5,116,13,75,62,12,42,123,165
HSP,5,117,13,75,62,12,43,124,167
HSP,5,118,13,75,62,12,43,125,168
HSP,5,119,13,75,62,12,43,126,169
HSP,5,120,13,75,62,13,44,127,171
HSP,5,121,13,75,62,13,45,127,172
HSP,5,122,13,75,62,14,47,128,175
HSP,5,123,13,75,62,14,47,128,175
HSP,5,124,13,75,62,14,48,128,176
HSP,5,125,13,75,62,14,48,129,177
HSP,5,126,13,75,62,14,48,129,177
HSP,5,127,13,75,62,14,48,129,177
HSP,5,128,13,75,62,14,48,129,177
HSP,5,129,13,75,62,14,48,129,177
HSP,5,130,13,75,62,14,48,131,179
HSP,5,131,13,75,62,14,48,131,179
HSP,5,132,13,75,62,14,48,132,180
HSP,5,133,13,75,62,14,48,133,181
HSP,5,134,13,75,62,14,48,133,181
HSP,5,135,13,75,62,14,48,133,181
HSP,5,136,13,75,62,14,48,134,182
HSP,5,137,13,75,62,14,49,135,184
HSP,5,138,13,75,62,14,49,137,186
HSP,5,139,13,75,62,14,49,137,186
HSP,5,140,13,75,62,14,49,138,187
HSP,5,141,13,75,62,14,49,138,187
HSP,5,142,13,75,62,14,49,141,190
HSP,5,143,13,75,62,14,49,141,190
HSP,5,144,13,75,62,14,49,141,190
HSP,5,145,13,75,62,14,49,143,192
HSP,5,146,13,75,62,14,49,143,192
HSP,5,147,13,75,62,14,50,145,195
HSP,5,148,13,75,62,15,51,145,196
HSP,5,149,13,75,62,15,51,147,198
HSP,5,150,13,75,62,15,51,147,198
HSP,5,151,13,75,62,15,51,148,199
HSP,5,152,13,75,62,15,51,150,201
HSP,5,153,13,75,62,15,51,150,201
HSP,5,154,13,75,62,16,53,152,205
HSP,5,155,13,75,62,16,53,152,205
HSP,5,156,13,75,62,16,53,152,205
HSP,5,157,13,75,62,16,53,152,205
HSP,5,158,13,75,62,16,54,153,207
HSP,5,159,13,75,62,16,54,153,207
HSP,5,160,13,75,62,16,54,153,207
HSP,5,161,13,75,62,16,55,154,209
HSP,5,162,13,75,62,16,55,155,210
HSP,5,163,13,75,62,16,55,155,210
HSP,5,164,13,75,62,16,57,156,213
HSP,5,165,13,75,62,16,58,156,214
HSP,5,166,13,75,62,16,58,157,215
HSP,5,167,13,75,62,16,58,158,216
HSP,5,168,13,75,62,16,58,159,217
HSP,5,169,13,75,62,16,58,159,217
HSP,5,170,13,75,62,16,58,161,219
HSP,5,171,13,75,62,16,58,162,220
HSP,5,172,13,75,62,16,58,162,220
HSP,5,173,13,75,62,16,59,162,221
HSP,5,174,13,75,62,16,59,163,222
HSP,5,175,14,76,62,15,59,163,222
HSP,5,176,14,76,62,15,59,166,225
HSP,5,177,14,76,62,15,59,167,226
HSP,5,178,14,76,62,15,60,167,227
HSP,5,179,14,76,62,15,60,167,227
HSP,5,180,14,76,62,15,60,168,228
HSP,5,181,14,76,62,15,61,168,229
HSP,5,182,14,76,62,15,61,168,229
HSP,5,183,14,76,62,15,62,168,230
HSP,5,184,14,76,62,16,63,169,232
HSP,5,185,14,76,62,16,64,169,233
HSP,5,186,14,76,62,16,64,170,234
HSP,5,187,14,76,62,16,64,171,235
HSP,5,188,14,76,62,16,64,171,235
HSP,5,189,14,76,62,16,65,171,236
HSP,5,190,14,76,62,16,66,171,237
HSP,5,191,14,76,62,16,67,171,238
HSP,5,192,14,76,62,16,67,172,239
HSP,5,193,14,76,62,16,67,173,240
HSP,5,194,14,76,62,16,67,174,241
HSP,5,195,14,76,62,16,67,175,242
HSP,5,196,14,76,62,16,67,175,242
HSP,5,197,15,77,62,15,67,175,242
HSP,5,198,15,77,62,15,67,176,243
HSP,5,199,15,77,62,15,67,176,243
HSP,5,200,15,77,62,15,67,176,243
HSP,5,201,15,77,62,15,67,177,244
HSP,5,202,15,77,62,15,67,177,244
HSP,5,203,15,77,62,15,67,177,244
HSP,5,204,15,77,62,15,68,179,247
HSP,5,205,15,77,62,15,68,179,247
HSP,5,206,15,77,62,16,69,179,248
HSP,5,207,15,77,62,16,69,179,248
HSP,5,208,15,77,62,16,69,180,249
HSP,5,209,15,77,62,16,69,181,250
HSP,5,210,15,77,62,16,69,182,251
HSP,5,211,15,77,62,16,69,182,251
HSP,5,212,15,77,62,16,69,182,251
HSP,5,213,15,77,62,16,69,182,251
HSP,5,214,15,77,62,16,69,185,254
HSP,5,215,15,77,62,16,69,185,254
HSP,5,216,15,77,62,16,70,186,256
HSP,5,217,15,77,62,16,70,186,256
HSP,5,218,15,77,62,17,72,186,258
HSP,5,219,15,77,62,17,72,186,258
HSP,5,220,15,77,62,17,72,186,258
HSP,5,221,15,77,62,17,72,187,259
HSP,5,222,15,77,62,17,72,189,261
HSP,5,223,15,77,62,17,72,189,261
HSP,5,224,15,77,62,17,72,189,261
HSP,5,225,15,77,62,18,74,189,263
HSP,5,226,15,77,62,18,75,189,264
HSP,5,227,15,77,62,18,76,189,265
HSP,5,228,15,77,62,18,76,189,265
HSP,5,229,15,77,62,18,76,191,267
HSP,5,230,15,77,62,18,76,191,267
HSP,5,231,15,77,62,18,76,191,267
HSP,5,232,15,77,62,18,76,191,267
HSP,5,233,15,77,62,18,77,191,268
HSP,5,234,15,77,62,19,78,192,270
HSP,5,235,15,77,62,19,78,193,271
HSP,5,236,15,77,62,19,78,193,271
HSP,5,237,15,77,62,19,78,193,271
HSP,5,238,15,77,62,19,78,195,273
HSP,5,239,15,77,62,19,78,196,274
HSP,5,240,15,77,62,19,78,196,274
HSP,5,241,15,77,62,19,78,199,277
HSP,5,242,15,77,62,19,78,199,277
HSP,5,243,15,77,62,19,78,199,277
HSP,5,244,15,77,62,19,78,199,277
HSP,5,245,15,77,62,19,78,199,277
HSP,5,246,15,77,62,19,78,200,278
HSP,5,247,15,77,62,19,78,202,280
HSP,5,248,15,77,62,19,78,203,281
HSP,5,249,15,77,62,19,78,203,281
HSP,5,250,15,77,62,19,78,205,283
HSP,5,251,15,77,62,19,78,205,283
HSP,5,252,15,77,62,19,79,206,285
HSP,5,253,15,77,62,19,79,206,285
HSP,5,254,15,77,62,19,81,208,289
HSP,5,255,15,77,62,19,81,209,290
HSP,5,256,15,77,62,19,81,210,291
HSP,5,257,15,77,62,19,81,211,292
HSP,5,258,15,77,62,19,81,211,292
HSP,5,259,15,77,62,19,81,211,292
HSP,5,260,15,77,62,19,81,211,292
HSP,5,261,15,77,62,19,81,211,292
HSP,5,262,15,77,62,19,82,211,293
HSP,5,263,15,77,62,19,82,212,294
HSP,5,264,15,77,62,19,83,212,295
HSP,5,265,15,77,62,19,83,212,295
HSP,5,266,15,77,62,19,83,214,297
HSP,5,267,15,77,62,19,83,214,297
HSP,5,268,15,77,62,19,83,214,297
HSP,5,269,15,77,62,19,85,214,299
HSP,5,270,15,77,62,19,85,214,299
HSP,5,271,15,77,62,19,85,215,300
HSP,5,272,15,77,62,19,85,216,301
HSP,5,273,15,77,62,19,85,216,301
HSP,5,274,15,77,62,19,85,216,301
HSP,5,275,15,77,62,19,86,217,303
HSP,5,276,15,77,62,19,86,217,303
HSP,5,277,15,77,62,19,86,217,303
HSP,5,278,15,77,62,19,86,218,304
HSP,5,279,15,77,62,19,86,219,305
HSP,5,280,15,77,62,19,86,219,305
HSP,5,281,15,77,62,19,87,220,307
HSP,5,282,15,77,62,19,88,220,308
HSP,5,283,15,77,62,19,88,220,308
HSP,5,284,15,77,62,19,89,221,310
HSP,5,285,15,77,62,19,89,222,311
HSP,5,286,15,77,62,19,89,223,312
HSP,5,287,15,77,62,19,90,223,313
HSP,5,288,15,77,62,19,90,223,313
HSP,5,289,15,77,62,19,90,223,313
HSP,5,290,15,77,62,19,90,223,313
HSP,5,291,15,77,62,19,90,224,314
HSP,5,292,15,77,62,19,90,224,314
HSP,5,293,15,77,62,19,90,225,315
HSP,5,294,15,77,62,19,90,225,315
HSP,5,295,15,77,62,19,90,225,315
HSP,5,296,15,77,62,19,91,225,316
HSP,5,297,15,77,62,19,92,225,317
HSP,5,298,15,77,62,19,92,227,319
HSP,5,299,15,77,62,19,92,227,319
HSP,5,300,15,77,62,19,92,227,319
HSP,5,301,15,77,62,19,92,229,321
HSP,5,302,15,77,62,19,92,229,321
HSP,5,303,15,77,62,19,92,229,321
HSP,5,304,15,77,62,19,93,229,322
HSP,5,305,15,77,62,19,93,230,323
HSP,5,306,15,77,62,19,93,230,323
HSP,5,307,15,77,62,19,93,232,325
HSP,5,308,15,77,62,19,93,232,325
HSP,5,309,15,77,62,19,93,232,325
HSP,5,310,15,77,62,19,93,232,325
HSP,5,311,15,77,62,19,95,233,328
HSP,5,312,15,77,62,19,97,233,330
HSP,5,313,15,77,62,19,97,233,330
HSP,5,314,15,77,62,19,97,234,331
HSP,5,315,15,77,62,19,97,234,331
HSP,5,316,15,77,62,19,97,234,331
HSP,5,317,15,77,62,19,98,236,334
HSP,5,318,15,77,62,19,98,237,335
HSP,5,319,15,77,62,19,98,238,336
HSP,5,320,15,77,62,19,98,238,336
HSP,5,321,15,77,62,20,99,238,337
HSP,5,322,15,77,62,20,99,238,337
HSP,5,323,15,77,62,20,99,239,338
HSP,5,324,15,77,62,20,99,240,339
HSP,5,325,15,77,62,20,101,241,342
HSP,5,326,15,77,62,20,101,242,343
HSP,5,327,15,77,62,20,101,242,343
HSP,5,328,15,77,62,20,101,243,344
HSP,5,329,15,77,62,20,101,243,344
HSP,5,330,15,77,62,20,102,244,346
HSP,5,331,15,77,62,20,102,244,346
HSP,5,332,15,77,62,20,102,246,348
HSP,5,333,15,77,62,20,103,246,349
HSP,5,334,15,77,62,20,103,247,350
HSP,5,335,15,77,62,20,103,248,351
HSP,5,336,15,77,62,20,103,248,351
HSP,5,337,15,77,62,20,103,249,352
HSP,5,338,15,77,62,20,104,250,354
HSP,5,339,15,77,62,20,104,251,355
HSP,5,340,15,77,62,20,104,251,355
HSP,5,341,15,77,62,20,105,251,356
HSP,5,342,15,77,62,20,105,254,359
HSP,5,343,15,77,62,20,105,254,359
HSP,5,344,15,77,62,20,105,254,359
HSP,5,345,15,77,62,20,105,255,360
HSP,5,346,15,77,62,20,106,255,361
HSP,5,347,15,77,62,20,106,257,363
HSP,5,348,16,78,62,19,106,257,363
HSP,5,349,16,78,62,19,106,260,366
HSP,5,350,16,78,62,19,106,260,366
HSP,5,351,16,78,62,19,106,260,366
HSP,5,352,16,78,62,19,106,260,366
HSP,5,353,16,78,62,19,106,261,367
HSP,5,354,16,78,62,19,106,261,367
HSP,5,355,16,78,62,19,107,262,369
HSP,5,356,16,78,62,19,108,262,370
HSP,5,357,16,78,62,19,108,263,371
HSP,5,358,16,78,62,19,108,266,374
HSP,5,359,16,78,62,19,108,267,375
HSP,5,360,16,78,62,19,108,268,376
HSP,5,361,16,78,62,19,108,269,377
HSP,5,362,16,78,62,19,109,269,378
HSP,5,363,16,78,62,19,109,270,379
HSP,5,364,16,78,62,19,109,270,379
HSP,5,365,16,78,62,19,109,270,379
HSP,5,366,16,78,62,19,109,270,379
HSP,5,367,16,78,62,19,109,270,379
HSP,5,368,16,78,62,19,109,270,379
HSP,5,369,16,78,62,19,111,270,381
HSP,5,370,16,78,62,19,111,270,381
HSP,5,371,16,78,62,19,113,271,384
HSP,5,372,16,78,62,19,114,271,385
HSP,5,373,16,78,62,19,114,271,385
HSP,5,374,16,78,62,19,114,271,385
HSP,5,375,16,78,62,19,115,271,386
HSP,5,376,16,78,62,19,115,271,386
HSP,5,377,16,78,62,19,115,271,386
HSP,5,378,16,78,62,19,115,272,387
HSP,5,379,16,78,62,19,115,273,388
HSP,5,380,16,78,62,19,115,273,388
HSP,5,381,16,78,62,19,116,273,389
HSP,5,382,16,78,62,19,116,273,389
HSP,5,383,17,79,62,18,116,273,389
HSP,5,384,17,79,62,18,116,273,389
HSP,5,385,17,79,62,18,117,275,392
HSP,5,386,17,79,62,18,117,275,392
HSP,5,387,17,79,62,18,117,276,393
HSP,5,388,17,79,62,18,117,278,395
HSP,5,389,17,79,62,18,117,278,395
HSP,5,390,17,79,62,18,118,278,396
HSP,5,391,17,79,62,18,118,278,396
HSP,5,392,17,79,62,18,119,279,398
HSP,5,393,17,79,62,18,119,279,398
HSP,5,394,17,79,62,18,120,280,400
HSP,5,395,17,79,62,18,120,281,401
HSP,5,396,17,79,62,18,120,282,402
HSP,5,397,17,79,62,18,120,283,403
HSP,5,398,17,79,62,18,121,284,405
HSP,5,399,17,79,62,18,121,285,406
HSP,5,400,17,79,62,18,121,285,406
HSP,5,401,17,79,62,18,121,285,406
HSP,5,402,17,79,62,18,121,285,406
HSP,5,403,17,79,62,18,121,285,406
HSP,5,404,17,79,62,18,121,286,407
HSP,5,405,17,79,62,18,121,286,407
HSP,5,406,17,79,62,18,121,286,407
HSP,5,407,17,79,62,18,121,286,407
HSP,5,408,17,79,62,18,121,286,407
HSP,5,409,17,79,62,18,121,286,407
HSP,5,410,17,79,62,18,121,289,410
HSP,5,411,17,79,62,18,121,289,410
HSP,5,412,17,79,62,18,121,289,410
HSP,5,413,17,79,62,18,121,290,411
HSP,5,414,17,79,62,18,121,291,412
HSP,5,415,17,79,62,18,121,291,412
HSP,5,416,17,79,62,18,121,291,412
HSP,5,417,18,80,62,17,121,291,412
HSP,5,418,18,81,63,17,121,291,412
HSP,5,419,18,81,63,18,122,291,413
HSP,5,420,18,81,63,18,123,292,415
HSP,5,421,18,81,63,18,123,292,415
HSP,5,422,18,81,63,18,123,294,417
HSP,5,423,18,81,63,18,123,294,417
HSP,5,424,18,81,63,18,123,294,417
HSP,5,425,18,81,63,18,124,295,419
HSP,5,426,18,81,63,18,125,296,421
HSP,5,427,18,81,63,18,126,297,423
HSP,5,428,18,81,63,18,126,297,423
HSP,5,429,18,81,63,18,126,297,423
HSP,5,430,18,81,63,18,126,299,425
HSP,5,431,18,81,63,18,126,299,425
HSP,5,432,18,81,63,18,126,299,425
HSP,5,433,18,81,63,18,127,299,426
HSP,5,434,18,81,63,18,127,299,426
HSP,5,435,18,81,63,18,127,300,427
HSP,5,436,18,81,63,18,127,300,427
HSP,5,437,18,81,63,18,127,300,427
HSP,5,438,18,81,63,18,127,301,428
HSP,5,439,18,81,63,18,127,301,428
HSP,5,440,18,81,63,18,128,302,430
HSP,5,441,18,81,63,18,128,302,430
HSP,5,442,18,81,63,18,129,303,432
HSP,5,443,18,81,63,18,129,303,432
HSP,5,444,18,81,63,18,129,303,432
HSP,5,445,18,81,63,18,129,303,432
HSP,5,446,18,81,63,18,129,303,432
HSP,5,447,18,81,63,19,130,303,433
HSP,5,448,18,81,63,19,131,305,436
HSP,5,449,18,81,63,19,131,306,437
HSP,5,450,18,81,63,19,131,307,438
HSP,5,451,18,81,63,19,131,307,438
HSP,5,452,18,81,63,19,131,307,438
HSP,5,453,18,81,63,19,131,308,439
HSP,5,454,18,81,63,19,131,308,439
HSP,5,455,18,81,63,19,131,308,439
HSP,5,456,18,81,63,19,131,309,440
HSP,5,457,18,81,63,19,131,310,441
HSP,5,458,18,81,63,19,131,310,441
HSP,5,459,18,81,63,19,131,310,441
HSP,5,460,18,81,63,19,132,311,443
HSP,5,461,18,81,63,19,132,312,444
HSP,5,462,18,81,63,19,132,312,444
HSP,5,463,18,81,63,19,133,314,447
HSP,5,464,18,81,63,19,134,314,448
HSP,5,465,18,81,63,19,134,315,449
HSP,5,466,18,81,63,19,134,316,450
HSP,5,467,19,82,63,18,134,316,450
HSP,5,468,19,82,63,18,135,316,451
HSP,5,469,19,82,63,18,135,317,452
HSP,5,470,19,82,63,18,136,317,453
HSP,5,471,19,82,63,18,136,317,453
HSP,5,472,19,82,63,18,136,320,456
HSP,5,473,19,82,63,18,136,320,456
HSP,5,474,19,82,63,18,136,322,458
HSP,5,475,19,82,63,18,136,322,458
HSP,5,476,19,82,63,18,136,322,458
HSP,5,477,19,82,63,18,136,322,458
HSP,5,478,19,82,63,18,136,322,458
HSP,5,479,19,82,63,18,136,322,458
HSP,5,480,19,82,63,18,136,322,458
HSP,5,481,19,82,63,18,136,322,458
HSP,5,482,19,82,63,18,136,324,460
HSP,5,483,19,82,63,18,136,324,460
HSP,5,484,19,82,63,18,138,324,462
HSP,5,485,19,82,63,18,138,325,463
HSP,5,486,19,82,63,18,138,325,463
HSP,5,487,19,82,63,18,138,327,465
HSP,5,488,19,82,63,18,139,327,466
HSP,5,489,19,82,63,18,139,327,466
HSP,5,490,19,82,63,18,139,327,466
HSP,5,491,19,82,63,18,139,328,467
HSP,5,492,19,82,63,18,139,328,467
HSP,5,493,19,82,63,18,139,328,467
HSP,5,494,19,82,63,18,139,329,468
HSP,5,495,19,82,63,18,139,329,468
HSP,5,496,19,82,63,18,139,329,468
HSP,5,497,19,82,63,18,139,329,468
HSP,5,498,19,82,63,18,139,329,468
HSP,5,499,19,82,63,18,139,329,468
HSP,6,0,1,6,5,10,0,0,0
HSP,6,1,1,8,7,10,0,0,0
HSP,6,2,2,10,8,9,0,0,0
HSP,6,3,2,11,9,9,0,0,0
HSP,6,4,2,12,10,9,0,0,0
HSP,6,5,2,15,13,9,0,4,4
HSP,6,6,2,15,13,9,0,4,4
HSP,6,7,2,15,13,9,0,5,5
HSP,6,8,2,15,13,9,0,5,5
HSP,6,9,3,16,13,8,0,6,6
HSP,6,10,3,18,15,8,0,10,10
HSP,6,11,3,19,16,8,0,11,11
HSP,6,12,3,21,18,8,0,17,17
HSP,6,13,3,21,18,8,0,18,18
HSP,6,14,5,27,22,6,0,19,19
HSP,6,15,5,27,22,7,1,23,24
HSP,6,16,5,27,22,7,1,24,25
HSP,6,17,5,28,23,7,1,25,26
HSP,6,18,5,28,23,9,3,26,29
HSP,6,19,5,28,23,9,4,28,32
HSP,6,20,5,28,23,9,6,31,37
HSP,6,21,5,28,23,10,7,37,44
HSP,6,22,5,30,25,10,7,38,45
HSP,6,23,5,31,26,10,8,41,49
HSP,6,24,5,32,27,10,9,45,54
HSP,6,25,5,32,27,10,10,49,59
HSP,6,26,5,32,27,10,10,52,62
HSP,6,27,5,35,30,10,10,54,64
HSP,6,28,5,35,30,10,11,56,67
HSP,6,29,5,35,30,10,11,57,68
HSP,6,30,5,35,30,11,12,58,70
HSP,6,31,5,35,30,12,14,61,75
HSP,6,32,5,36,31,12,15,62,77
HSP,6,33,5,36,31,12,15,64,79
HSP,6,34,5,38,33,12,17,65,82
HSP,6,35,5,38,33,12,17,65,82
HSP,6,36,5,38,33,12,17,65,82
HSP,6,37,6,40,34,11,17,67,84
HSP,6,38,6,40,34,11,19,70,89
HSP,6,39,8,42,34,9,19,71,90
HSP,6,40,8,42,34,9,20,75,95
HSP,6,41,8,42,34,10,21,77,98
HSP,6,42,8,43,35,11,22,80,102
HSP,6,43,8,43,35,11,22,80,102
HSP,6,44,8,43,35,12,23,81,104
HSP,6,45,8,44,36,13,25,81,106
HSP,6,46,8,44,36,13,26,82,108
HSP,6,47,8,44,36,13,27,82,109
HSP,6,48,8,45,37,13,28,84,112
HSP,6,49,8,46,38,14,29,84,113
HSP,6,50,8,46,38,14,29,87,116
HSP,6,51,8,46,38,15,31,89,120
HSP,6,52,8,46,38,15,32,89,121
HSP,6,53,9,47,38,14,35,90,125
HSP,6,54,9,47,38,15,36,91,127
HSP,6,55,10,48,38,14,36,92,128
HSP,6,56,10,48,38,14,37,92,129
HSP,6,57,10,48,38,14,38,93,131
HSP,6,58,10,48,38,14,40,95,135
HSP,6,59,11,49,38,15,42,96,138
HSP,6,60,11,49,38,16,43,101,144
HSP,6,61,11,49,38,17,44,104,148
HSP,6,62,11,50,39,17,44,104,148
HSP,6,63,12,51,39,16,45,105,150
HSP,6,64,12,52,40,16,45,106,151
HSP,6,65,12,52,40,17,47,108,155
HSP,6,66,12,52,40,17,48,108,156
HSP,6,67,12,52,40,17,48,108,156
HSP,6,68,12,52,40,17,48,108,156
HSP,6,69,12,52,40,17,48,109,157
HSP,6,70,12,52,40,18,49,110,159
HSP,6,71,12,53,41,18,49,111,160
HSP,6,72,12,53,41,18,49,112,161
HSP,6,73,12,53,41,19,51,112,163
HSP,6,74,12,53,41,19,52,112,164
HSP,6,75,12,53,41,19,52,113,165
HSP,6,76,14,55,41,17,53,116,169
HSP,6,77,14,55,41,17,53,116,169
HSP,6,78,15,56,41,16,53,119,172
HSP,6,79,15,56,41,16,53,120,173
HSP,6,80,15,56,41,17,54,120,174
HSP,6,81,15,56,41,17,54,121,175
HSP,6,82,15,56,41,19,57,122,179
HSP,6,83,15,56,41,20,59,123,182
HSP,6,84,15,56,41,20,59,123,182
HSP,6,85,16,57,41,20,61,125,186
HSP,6,86,16,57,41,21,62,125,187
HSP,6,87,16,58,42,21,62,125,187
HSP,6,88,16,58,42,21,62,127,189
HSP,6,89,16,58,42,21,62,128,190
HSP,6,90,16,58,42,21,63,128,191
HSP,6,91,16,58,42,21,63,129,192
HSP,6,92,16,58,42,21,63,131,194
HSP,6,93,16,58,42,21,63,132,195
HSP,6,94,16,58,42,21,63,132,195
HSP,6,95,16,58,42,22,65,133,198
HSP,6,96,16,58,42,22,65,136,201
HSP,6,97,16,58,42,22,65,137,202
HSP,6,98,16,58,42,22,65,137,202
HSP,6,99,16,58,42,22,65,138,203
HSP,6,100,16,58,42,23,66,141,207
HSP,6,101,16,58,42,23,67,141,208
HSP,6,102,16,58,42,23,67,141,208
HSP,6,103,16,58,42,24,69,141,210
HSP,6,104,16,59,43,24,70,143,213
HSP,6,105,16,59,43,24,71,144,215
HSP,6,106,16,59,43,24,72,144,216
HSP,6,107,16,59,43,24,72,145,217
HSP,6,108,16,59,43,24,73,146,219
HSP,6,109,16,60,44,24,73,148,221
HSP,6,110,16,61,45,25,74,149,223
HSP,6,111,16,61,45,25,74,151,225
HSP,6,112,16,61,45,25,75,154,229
HSP,6,113,16,61,45,27,77,156,233
HSP,6,114,16,61,45,27,77,156,233
HSP,6,115,17,62,45,27,78,157,235
HSP,6,116,17,62,45,27,78,158,236
HSP,6,117,17,62,45,27,78,159,237
HSP,6,118,17,63,46,27,78,160,238
HSP,6,119,17,63,46,27,79,161,240
HSP,6,120,17,63,46,27,79,161,240
HSP,6,121,17,63,46,27,79,163,242
HSP,6,122,17,63,46,27,79,164,243
HSP,6,123,17,63,46,27,79,165,244
HSP,6,124,17,63,46,27,80,167,247
HSP,6,125,17,63,46,27,82,168,250
HSP,6,126,17,63,46,27,82,168,250
HSP,6,127,17,63,46,27,82,170,252
HSP,6,128,17,63,46,27,83,171,254
HSP,6,129,17,63,46,28,85,173,258
HSP,6,130,17,63,46,28,85,174,259
HSP,6,131,17,63,46,28,86,174,260
HSP,6,132,17,63,46,29,87,174,261
HSP,6,133,17,63,46,29,87,175,262
HSP,6,134,17,63,46,29,87,175,262
HSP,6,135,17,63,46,29,89,175,264
HSP,6,136,17,63,46,29,91,176,267
HSP,6,137,18,64,46,28,92,177,269
HSP,6,138,18,64,46,28,93,178,271
HSP,6,139,18,64,46,28,93,179,272
HSP,6,140,18,64,46,28,93,180,273
HSP,6,141,18,64,46,28,95,180,275
HSP,6,142,18,64,46,28,95,181,276
HSP,6,143,18,64,46,28,95,182,277
HSP,6,144,18,64,46,28,96,182,278
HSP,6,145,18,64,46,28,96,182,278
HSP,6,146,18,64,46,28,96,183,279
HSP,6,147,18,64,46,28,96,185,281
HSP,6,148,18,64,46,28,96,187,283
HSP,6,149,18,64,46,28,96,189,285
HSP,6,150,18,64,46,28,96,189,285
HSP,6,151,20,66,46,26,98,189,287
HSP,6,152,20,66,46,26,98,189,287
HSP,6,153,20,66,46,26,98,190,288
HSP,6,154,20,66,46,26,98,190,288
HSP,6,155,20,66,46,26,102,192,294
HSP,6,156,20,66,46,26,102,192,294
HSP,6,157,20,66,46,26,103,193,296
HSP,6,158,20,66,46,26,103,196,299
HSP,6,159,20,66,46,26,104,198,302
HSP,6,160,20,66,46,26,105,198,303
HSP,6,161,20,66,46,26,105,198,303
HSP,6,162,20,66,46,26,106,198,304
HSP,6,163,20,66,46,26,106,198,304
HSP,6,164,20,66,46,26,107,199,306
HSP,6,165,20,66,46,26,107,199,306
HSP,6,166,21,67,46,25,107,200,307
HSP,6,167,21,67,46,25,107,201,308
HSP,6,168,21,67,46,25,107,202,309
HSP,6,169,21,67,46,25,108,204,312
HSP,6,170,21,67,46,26,109,204,313
HSP,6,171,21,67,46,26,109,205,314
HSP,6,172,21,67,46,26,110,205,315
HSP,6,173,21,67,46,26,110,206,316
HSP,6,174,21,67,46,26,111,206,317
HSP,6,175,21,67,46,26,111,206,317
HSP,6,176,21,67,46,26,112,206,318
HSP,6,177,21,67,46,26,112,206,318
HSP,6,178,21,67,46,26,113,206,319
HSP,6,179,21,67,46,26,114,207,321
HSP,6,180,21,67,46,26,114,210,324
HSP,6,181,21,67,46,27,115,211,326
HSP,6,182,21,67,46,27,115,212,327
HSP,6,183,21,67,46,27,115,213,328
HSP,6,184,21,67,46,27,115,213,328
HSP,6,185,21,67,46,27,115,213,328
HSP,6,186,21,67,46,27,116,214,330
HSP,6,187,21,67,46,27,117,215,332
HSP,6,188,21,67,46,27,119,215,334
HSP,6,189,21,67,46,27,120,215,335
HSP,6,190,21,67,46,27,120,216,336
HSP,6,191,21,67,46,27,120,216,336
HSP,6,192,21,67,46,27,120,217,337
HSP,6,193,21,67,46,27,120,218,338
HSP,6,194,21,67,46,27,120,219,339
HSP,6,195,21,67,46,27,121,222,343
HSP,6,196,21,67,46,27,121,223,344
HSP,6,197,21,67,46,27,121,224,345
HSP,6,198,21,67,46,27,121,224,345
HSP,6,199,21,67,46,27,122,225,347
HSP,6,200,21,67,46,27,122,225,347
HSP,6,201,21,67,46,27,122,226,348
HSP,6,202,21,67,46,27,124,226,350
HSP,6,203,21,67,46,27,124,226,350
HSP,6,204,22,68,46,26,124,227,351
HSP,6,205,22,68,46,26,124,227,351
HSP,6,206,22,68,46,27,126,228,354
HSP,6,207,22,68,46,27,126,229,355
HSP,6,208,22,68,46,27,127,230,357
HSP,6,209,22,68,46,27,127,231,358
HSP,6,210,22,68,46,27,127,232,359
HSP,6,211,22,68,46,27,127,233,360
HSP,6,212,22,68,46,27,128,234,362
HSP,6,213,22,68,46,27,128,235,363
HSP,6,214,22,68,46,27,129,235,364
HSP,6,215,22,68,46,27,130,237,367
HSP,6,216,22,68,46,27,130,237,367
HSP,6,217,22,68,46,27,130,237,367
HSP,6,218,22,68,46,27,130,238,368
HSP,6,219,22,68,46,27,130,239,369
HSP,6,220,22,68,46,27,131,240,371
HSP,6,221,22,68,46,27,132,241,373
HSP,6,222,22,68,46,27,132,242,374
HSP,6,223,22,68,46,27,133,243,376
HSP,6,224,22,68,46,27,134,246,380
HSP,6,225,22,68,46,27,135,246,381
HSP,6,226,22,68,46,27,135,246,381
HSP,6,227,22,68,46,27,135,247,382
HSP,6,228,22,68,46,27,135,247,382
HSP,6,229,22,68,46,27,135,249,384
HSP,6,230,22,68,46,27,136,249,385
HSP,6,231,22,68,46,27,136,249,385
HSP,6,232,22,68,46,27,136,250,386
HSP,6,233,22,68,46,27,136,250,386
HSP,6,234,22,68,46,27,137,250,387
HSP,6,235,22,68,46,27,137,250,387
HSP,6,236,22,68,46,27,137,251,388
HSP,6,237,22,68,46,27,137,252,389
HSP,6,238,22,68,46,27,137,254,391
HSP,6,239,22,68,46,27,138,254,392
HSP,6,240,22,68,46,27,138,255,393
HSP,6,241,22,68,46,27,138,257,395
HSP,6,242,22,68,46,27,138,258,396
HSP,6,243,22,68,46,27,138,260,398
HSP,6,244,22,68,46,27,139,260,399
HSP,6,245,22,68,46,27,140,260,400
HSP,6,246,22,68,46,27,140,261,401
HSP,6,247,22,68,46,27,141,264,405
HSP,6,248,22,68,46,27,141,264,405
HSP,6,249,22,68,46,28,142,266,408
HSP,6,250,22,68,46,28,143,267,410
HSP,6,251,22,68,46,29,144,267,411
HSP,6,252,22,68,46,29,144,267,411
HSP,6,253,22,68,46,29,146,267,413
HSP,6,254,22,68,46,29,146,267,413
HSP,6,255,22,68,46,29,146,268,414
HSP,6,256,22,68,46,29,147,268,415
HSP,6,257,22,68,46,29,147,269,416
HSP,6,258,22,68,46,29,147,272,419
HSP,6,259,22,68,46,29,147,272,419
HSP,6,260,22,68,46,29,149,273,422
HSP,6,261,22,68,46,29,149,274,423
HSP,6,262,22,68,46,29,149,274,423
HSP,6,263,22,68,46,29,149,275,424
HSP,6,264,22,68,46,29,149,275,424
HSP,6,265,22,68,46,29,149,276,425
HSP,6,266,22,68,46,29,149,277,426
HSP,6,267,22,68,46,29,149,278,427
HSP,6,268,22,68,46,29,149,279,428
HSP,6,269,22,69,47,29,150,279,429
HSP,6,270,22,69,47,29,151,279,430
HSP,6,271,22,69,47,29,151,281,432
HSP,6,272,22,69,47,29,152,282,434
HSP,6,273,22,69,47,29,152,285,437
HSP,6,274,22,69,47,29,152,286,438
HSP,6,275,22,69,47,29,152,289,441
HSP,6,276,22,69,47,29,153,291,444
HSP,6,277,22,69,47,29,154,292,446
HSP,6,278,22,69,47,29,154,292,446
HSP,6,279,22,69,47,29,154,294,448
HSP,6,280,22,69,47,29,154,294,448
HSP,6,281,22,69,47,29,154,295,449
HSP,6,282,22,69,47,29,155,295,450
HSP,6,283,22,69,47,29,155,297,452
HSP,6,284,22,69,47,29,156,297,453
HSP,6,285,22,69,47,29,158,298,456
HSP,6,286,22,69,47,29,159,298,457
HSP,6,287,22,69,47,30,162,299,461
HSP,6,288,22,69,47,30,162,299,461
HSP,6,289,22,69,47,30,163,299,462
HSP,6,290,22,69,47,30,163,299,462
HSP,6,291,22,69,47,30,163,301,464
HSP,6,292,22,69,47,30,163,301,464
HSP,6,293,22,69,47,30,163,301,464
HSP,6,294,22,69,47,30,163,301,464
HSP,6,295,22,69,47,30,163,301,464
HSP,6,296,22,69,47,30,163,303,466
HSP,6,297,22,69,47,30,163,303,466
HSP,6,298,22,69,47,30,164,304,468
HSP,6,299,22,69,47,30,165,306,471
HSP,6,300,22,69,47,30,165,306,471
HSP,6,301,22,69,47,30,165,306,471
HSP,6,302,22,69,47,30,166,306,472
HSP,6,303,23,70,47,29,166,306,472
HSP,6,304,23,70,47,29,169,307,476
HSP,6,305,23,70,47,29,171,308,479
HSP,6,306,23,70,47,29,171,309,480
HSP,6,307,23,70,47,29,171,309,480
HSP,6,308,23,70,47,29,171,310,481
HSP,6,309,23,70,47,29,171,311,482
HSP,6,310,23,70,47,29,171,312,483
HSP,6,311,23,70,47,29,171,312,483
HSP,6,312,23,70,47,29,172,313,485
HSP,6,313,23,70,47,29,172,313,485
HSP,6,314,23,70,47,29,173,313,486
HSP,6,315,23,70,47,29,173,314,487
HSP,6,316,23,70,47,29,174,314,488
HSP,6,317,23,70,47,29,174,317,491
HSP,6,318,24,71,47,28,174,319,493
HSP,6,319,24,71,47,28,174,319,493
HSP,6,320,24,71,47,28,174,322,496
HSP,6,321,24,71,47,28,175,323,498
HSP,6,322,24,71,47,28,175,324,499
HSP,6,323,24,71,47,28,175,325,500
HSP,6,324,24,71,47,28,175,325,500
HSP,6,325,24,71,47,28,176,327,503
HSP,6,326,24,71,47,28,176,327,503
HSP,6,327,24,71,47,28,176,328,504
HSP,6,328,24,71,47,28,177,328,505
HSP,6,329,25,72,47,27,178,329,507
HSP,6,330,25,72,47,27,178,332,510
HSP,6,331,26,73,47,26,179,333,512
HSP,6,332,26,73,47,26,179,333,512
HSP,6,333,26,73,47,26,180,333,513
HSP,6,334,26,73,47,26,180,334,514
HSP,6,335,26,73,47,26,180,334,514
HSP,6,336,26,73,47,26,181,335,516
HSP,6,337,26,73,47,26,181,335,516
HSP,6,338,26,73,47,26,182,336,518
HSP,6,339,26,73,47,26,182,336,518
HSP,6,340,26,73,47,26,182,336,518
HSP,6,341,26,73,47,26,183,337,520
HSP,6,342,26,73,47,26,183,338,521
HSP,6,343,26,73,47,26,184,340,524
HSP,6,344,26,73,47,26,185,341,526
HSP,6,345,26,73,47,26,185,341,526
HSP,6,346,26,73,47,26,186,341,527
HSP,6,347,26,73,47,26,186,342,528
HSP,6,348,26,73,47,26,186,342,528
HSP,6,349,26,73,47,26,187,343,530
HSP,6,350,26,73,47,26,187,345,532
HSP,6,351,26,73,47,26,188,345,533
HSP,6,352,26,73,47,26,188,345,533
HSP,6,353,26,73,47,27,190,345,535
HSP,6,354,26,73,47,27,190,346,536
HSP,6,355,26,73,47,27,190,346,536
HSP,6,356,26,73,47,27,190,346,536
HSP,6,357,26,73,47,27,190,347,537
HSP,6,358,26,73,47,27,190,347,537
HSP,6,359,26,73,47,27,190,347,537
HSP,6,360,26,73,47,27,190,348,538
HSP,6,361,26,73,47,27,191,350,541
HSP,6,362,26,73,47,27,191,350,541
HSP,6,363,26,73,47,27,191,350,541
HSP,6,364,26,73,47,27,191,352,543
HSP,6,365,26,73,47,27,191,353,544
HSP,6,366,26,73,47,27,192,354,546
HSP,6,367,26,73,47,27,193,354,547
HSP,6,368,26,73,47,27,193,354,547
HSP,6,369,26,73,47,27,193,354,547
HSP,6,370,26,73,47,27,193,356,549
HSP,6,371,26,73,47,27,193,357,550
HSP,6,372,26,73,47,27,194,357,551
HSP,6,373,26,73,47,27,195,358,553
HSP,6,374,26,73,47,27,197,358,555
HSP,6,375,26,73,47,27,197,358,555
HSP,6,376,26,73,47,27,198,358,556
HSP,6,377,26,73,47,27,198,358,556
HSP,6,378,26,73,47,27,198,359,557
HSP,6,379,27,74,47,26,199,361,560
HSP,6,380,27,74,47,26,199,362,561
HSP,6,381,27,74,47,26,199,362,561
HSP,6,382,27,74,47,26,200,364,564
HSP,6,383,27,74,47,26,200,364,564
HSP,6,384,27,74,47,26,200,364,564
HSP,6,385,27,74,47,26,200,365,565
HSP,6,386,27,74,47,26,201,366,567
HSP,6,387,27,74,47,26,202,366,568
HSP,6,388,27,74,47,26,202,366,568
HSP,6,389,27,74,47,26,202,367,569
HSP,6,390,27,74,47,26,202,367,569
HSP,6,391,27,74,47,26,202,367,569
HSP,6,392,27,74,47,26,202,368,570
HSP,6,393,27,74,47,26,202,368,570
HSP,6,394,27,74,47,26,202,368,570
HSP,6,395,27,74,47,26,202,368,570
HSP,6,396,27,74,47,26,203,368,571
HSP,6,397,27,74,47,26,203,368,571
HSP,6,398,27,74,47,26,204,369,573
HSP,6,399,27,74,47,26,205,369,574
HSP,6,400,27,74,47,26,206,371,577
HSP,6,401,27,74,47,26,206,371,577
HSP,6,402,27,74,47,26,208,373,581
HSP,6,403,27,74,47,26,209,374,583
HSP,6,404,27,74,47,26,209,374,583
HSP,6,405,27,74,47,26,209,376,585
HSP,6,406,27,74,47,26,209,376,585
HSP,6,407,27,74,47,26,209,377,586
HSP,6,408,27,74,47,26,209,377,586
HSP,6,409,27,74,47,26,209,378,587
HSP,6,410,27,74,47,26,209,378,587
HSP,6,411,27,74,47,26,210,378,588
HSP,6,412,27,74,47,26,210,378,588
HSP,6,413,27,74,47,26,210,378,588
HSP,6,414,27,74,47,26,210,379,589
HSP,6,415,27,74,47,26,210,379,589
HSP,6,416,27,74,47,26,210,380,590
HSP,6,417,27,74,47,26,212,380,592
HSP,6,418,27,74,47,26,212,381,593
HSP,6,419,27,74,47,26,212,382,594
HSP,6,420,28,75,47,25,213,382,595
HSP,6,421,28,75,47,25,214,382,596
HSP,6,422,28,75,47,25,214,383,597
HSP,6,423,28,75,47,25,214,386,600
HSP,6,424,28,75,47,25,215,386,601
HSP,6,425,28,75,47,25,215,386,601
HSP,6,426,28,75,47,25,215,387,602
HSP,6,427,28,75,47,25,215,389,604
HSP,6,428,28,75,47,25,215,391,606
HSP,6,429,28,75,47,25,215,393,608
HSP,6,430,28,75,47,25,215,393,608
HSP,6,431,28,75,47,25,215,393,608
HSP,6,432,28,75,47,25,216,394,610
HSP,6,433,28,75,47,25,216,394,610
HSP,6,434,28,75,47,25,216,394,610
HSP,6,435,28,75,47,25,217,395,612
HSP,6,436,28,75,47,25,217,395,612
HSP,6,437,28,75,47,25,217,395,612
HSP,6,438,28,75,47,25,218,395,613
HSP,6,439,28,75,47,25,218,395,613
HSP,6,440,28,75,47,25,218,398,616
HSP,6,441,28,75,47,25,219,399,618
HSP,6,442,28,75,47,25,219,399,618
HSP,6,443,28,75,47,25,221,400,621
HSP,6,444,28,75,47,25,221,400,621
HSP,6,445,28,75,47,25,222,401,623
HSP,6,446,28,75,47,25,223,401,624
HSP,6,447,28,75,47,25,224,401,625
HSP,6,448,28,75,47,25,224,403,627
HSP,6,449,28,75,47,25,224,404,628
HSP,6,450,28,75,47,25,224,404,628
HSP,6,451,28,75,47,25,224,404,628
HSP,6,452,28,75,47,25,225,406,631
HSP,6,453,28,75,47,25,225,406,631
HSP,6,454,28,75,47,25,225,407,632
HSP,6,455,28,75,47,25,226,408,634
HSP,6,456,28,75,47,25,226,408,634
HSP,6,457,29,76,47,24,227,409,636
HSP,6,458,29,76,47,24,227,409,636
HSP,6,459,29,76,47,24,227,409,636
HSP,6,460,29,76,47,24,227,411,638
HSP,6,461,29,76,47,24,227,412,639
HSP,6,462,29,76,47,24,228,414,642
HSP,6,463,29,76,47,24,228,414,642
HSP,6,464,29,76,47,24,228,415,643
HSP,6,465,29,76,47,24,228,415,643
HSP,6,466,29,76,47,24,228,416,644
HSP,6,467,29,76,47,24,228,416,644
HSP,6,468,29,76,47,24,229,417,646
HSP,6,469,29,76,47,24,229,418,647
HSP,6,470,29,76,47,24,229,418,647
HSP,6,471,29,76,47,24,229,418,647
HSP,6,472,29,76,47,24,229,419,648
HSP,6,473,29,76,47,24,229,419,648
HSP,6,474,29,76,47,24,231,419,650
HSP,6,475,29,76,47,24,232,419,651
HSP,6,476,29,76,47,24,232,422,654
HSP,6,477,29,76,47,24,233,423,656
HSP,6,478,29,76,47,24,233,424,657
HSP,6,479,29,76,47,24,233,424,657
HSP,6,480,29,76,47,24,233,424,657
HSP,6,481,29,76,47,24,233,424,657
HSP,6,482,29,76,47,24,233,424,657
HSP,6,483,29,76,47,24,234,425,659
HSP,6,484,29,76,47,24,234,426,660
HSP,6,485,29,76,47,24,234,430,664
HSP,6,486,29,76,47,24,234,430,664
HSP,6,487,29,76,47,24,234,431,665
HSP,6,488,29,76,47,24,234,433,667
HSP,6,489,29,76,47,24,234,436,670
HSP,6,490,29,76,47,24,234,436,670
HSP,6,491,29,76,47,24,235,437,672
HSP,6,492,29,76,47,24,235,437,672
HSP,6,493,29,76,47,24,235,437,672
HSP,6,494,29,76,47,24,236,437,673
HSP,6,495,29,76,47,24,236,438,674
HSP,6,496,29,76,47,24,236,438,674
HSP,6,497,29,76,47,24,236,438,674
HSP,6,498,29,76,47,24,236,439,675
HSP,6,499,29,76,47,24,236,439,675
HSP,7,0,1,7,6,12,0,1,1
HSP,7,1,1,13,12,12,0,1,1
HSP,7,2,1,13,12,12,0,1,1
HSP,7,3,1,14,13,12,0,1,1
HSP,7,4,1,14,13,12,0,3,3
HSP,7,5,1,14,13,12,0,5,5
HSP,7,6,2,15,13,11,0,5,5
HSP,7,7,3,17,14,10,0,5,5
HSP,7,8,3,17,14,10,0,7,7
HSP,7,9,3,21,18,11,1,9,10
HSP,7,10,3,21,18,11,1,9,10
HSP,7,11,3,22,19,11,1,9,10
HSP,7,12,3,24,21,11,1,9,10
HSP,7,13,3,25,22,11,1,12,13
HSP,7,14,4,27,23,11,2,14,16
HSP,7,15,4,29,25,11,2,16,18
HSP,7,16,4,29,25,12,3,19,22
HSP,7,17,4,30,26,12,3,19,22
HSP,7,18,4,31,27,13,5,20,25
HSP,7,19,4,31,27,14,6,20,26
HSP,7,20,6,33,27,12,6,22,28
HSP,7,21,6,36,30,12,7,25,32
HSP,7,22,6,37,31,13,8,30,38
HSP,7,23,6,37,31,13,8,30,38
HSP,7,24,6,39,33,13,10,31,41
HSP,7,25,6,40,34,13,10,34,44
HSP,7,26,7,41,34,12,11,39,50
HSP,7,27,7,41,34,12,11,39,50
HSP,7,28,7,41,34,12,11,42,53
HSP,7,29,7,42,35,12,12,43,55
HSP,7,30,7,42,35,12,12,45,57
HSP,7,31,7,45,38,12,12,46,58
HSP,7,32,7,46,39,13,14,47,61
HSP,7,33,7,46,39,13,15,48,63
HSP,7,34,7,46,39,14,16,48,64
HSP,7,35,7,47,40,14,16,49,65
HSP,7,36,7,47,40,14,16,50,66
HSP,7,37,7,47,40,14,16,52,68
HSP,7,38,7,47,40,15,17,53,70
HSP,7,39,7,47,40,15,18,54,72
HSP,7,40,7,47,40,15,20,54,74
HSP,7,41,8,48,40,15,21,56,77
HSP,7,42,8,49,41,15,21,58,79
HSP,7,43,9,52,43,14,21,58,79
HSP,7,44,9,52,43,14,22,59,81
HSP,7,45,9,52,43,14,22,59,81
HSP,7,46,9,53,44,14,22,59,81
HSP,7,47,9,53,44,16,27,59,86
HSP,7,48,9,53,44,17,28,59,87
HSP,7,49,10,54,44,17,30,61,91
HSP,7,50,10,54,44,17,31,63,94
HSP,7,51,10,54,44,17,32,65,97
HSP,7,52,10,54,44,18,33,66,99
HSP,7,53,10,54,44,18,33,66,99
HSP,7,54,11,55,44,18,35,66,101
HSP,7,55,11,55,44,18,35,67,102
HSP,7,56,11,55,44,18,35,67,102
HSP,7,57,11,56,45,18,35,67,102
HSP,7,58,11,56,45,18,35,67,102
HSP,7,59,11,57,46,18,35,67,102
HSP,7,60,11,57,46,18,35,68,103
HSP,7,61,11,57,46,18,35,69,104
HSP,7,62,11,57,46,18,35,70,105
HSP,7,63,12,58,46,17,35,73,108
HSP,7,64,12,58,46,17,36,73,109
HSP,7,65,12,58,46,17,36,76,112
HSP,7,66,12,59,47,17,36,78,114
HSP,7,67,12,59,47,18,37,78,115
HSP,7,68,12,59,47,18,37,78,115
HSP,7,69,13,60,47,17,37,80,117
HSP,7,70,13,60,47,18,39,83,122
HSP,7,71,13,60,47,18,40,83,123
HSP,7,72,13,60,47,18,40,83,123
HSP,7,73,13,60,47,19,41,84,125
HSP,7,74,13,60,47,19,43,84,127
HSP,7,75,13,60,47,19,44,84,128
HSP,7,76,13,60,47,19,44,85,129
HSP,7,77,13,60,47,19,44,85,129
HSP,7,78,13,60,47,19,44,89,133
HSP,7,79,13,60,47,20,45,91,136
HSP,7,80,13,60,47,20,45,94,139
HSP,7,81,13,60,47,20,45,95,140
HSP,7,82,13,60,47,20,46,95,141
HSP,7,83,13,60,47,21,47,95,142
HSP,7,84,13,60,47,22,48,95,143
HSP,7,85,13,60,47,22,48,95,143
HSP,7,86,13,60,47,22,49,95,144
HSP,7,87,13,60,47,22,49,95,144
HSP,7,88,13,60,47,22,50,95,145
HSP,7,89,13,60,47,22,50,97,147
HSP,7,90,13,60,47,24,52,98,150
HSP,7,91,13,60,47,24,52,99,151
HSP,7,92,13,60,47,24,53,101,154
HSP,7,93,13,60,47,24,53,102,155
HSP,7,94,13,60,47,24,53,102,155
HSP,7,95,13,60,47,24,53,103,156
HSP,7,96,13,60,47,25,54,103,157
HSP,7,97,14,61,47,24,54,105,159
HSP,7,98,14,61,47,24,55,106,161
HSP,7,99,14,61,47,25,56,106,162
HSP,7,100,14,61,47,25,56,107,163
HSP,7,101,14,61,47,25,56,107,163
HSP,7,102,14,62,48,25,56,108,164
HSP,7,103,14,62,48,25,56,108,164
HSP,7,104,14,62,48,25,56,108,164
HSP,7,105,14,62,48,25,57,108,165
HSP,7,106,14,62,48,25,57,108,165
HSP,7,107,14,62,48,25,59,111,170
HSP,7,108,14,62,48,25,60,112,172
HSP,7,109,14,62,48,25,61,112,173
HSP,7,110,14,62,48,25,62,113,175
HSP,7,111,14,62,48,25,63,114,177
HSP,7,112,14,62,48,26,64,116,180
HSP,7,113,14,62,48,26,65,117,182
HSP,7,114,14,62,48,26,66,118,184
HSP,7,115,14,62,48,26,67,119,186
HSP,7,116,14,62,48,26,68,119,187
HSP,7,117,14,62,48,26,68,121,189
HSP,7,118,14,62,48,26,68,122,190
HSP,7,119,14,62,48,26,68,124,192
HSP,7,120,14,62,48,26,69,124,193
HSP,7,121,14,62,48,26,69,124,193
HSP,7,122,14,62,48,26,69,127,196
HSP,7,123,15,63,48,25,70,129,199
HSP,7,124,15,63,48,26,71,130,201
HSP,7,125,15,63,48,26,71,131,202
HSP,7,126,15,63,48,26,71,131,202
HSP,7,127,15,63,48,26,72,131,203
HSP,7,128,15,63,48,26,73,131,204
HSP,7,129,16,64,48,25,73,133,206
HSP,7,130,16,64,48,25,74,133,207
HSP,7,131,16,64,48,25,75,134,209
HSP,7,132,16,64,48,26,76,135,211
HSP,7,133,16,64,48,26,77,135,212
HSP,7,134,16,64,48,26,77,137,214
HSP,7,135,16,64,48,26,78,138,216
HSP,7,136,16,64,48,26,78,138,216
HSP,7,137,16,64,48,26,78,139,217
HSP,7,138,16,64,48,26,78,140,218
HSP,7,139,16,64,48,26,78,141,219
HSP,7,140,16,64,48,26,78,142,220
HSP,7,141,17,65,48,26,81,142,223
HSP,7,142,17,65,48,26,81,144,225
HSP,7,143,17,65,48,26,82,144,226
HSP,7,144,17,65,48,26,82,144,226
HSP,7,145,17,65,48,26,82,145,227
HSP,7,146,17,65,48,26,83,147,230
HSP,7,147,17,65,48,26,83,149,232
HSP,7,148,17,65,48,26,83,149,232
HSP,7,149,17,65,48,26,84,150,234
HSP,7,150,17,65,48,26,85,150,235
HSP,7,151,17,65,48,26,85,151,236
HSP,7,152,17,65,48,26,86,154,240
HSP,7,153,17,65,48,26,86,156,242
HSP,7,154,17,65,48,26,86,158,244
HSP,7,155,17,65,48,26,86,159,245
HSP,7,156,17,65,48,27,88,159,247
HSP,7,157,17,65,48,27,88,159,247
HSP,7,158,17,65,48,27,88,159,247
HSP,7,159,17,65,48,27,88,161,249
HSP,7,160,17,65,48,28,89,161,250
HSP,7,161,17,65,48,28,89,161,250
HSP,7,162,17,65,48,28,89,162,251
HSP,7,163,17,65,48,29,92,163,255
HSP,7,164,17,65,48,29,92,166,258
HSP,7,165,17,65,48,29,93,166,259
HSP,7,166,17,65,48,29,93,167,260
HSP,7,167,17,65,48,29,94,167,261
HSP,7,168,17,65,48,29,94,168,262
HSP,7,169,17,65,48,29,94,168,262
HSP,7,170,17,65,48,29,94,169,263
HSP,7,171,17,65,48,29,94,169,263
HSP,7,172,17,65,48,29,95,169,264
HSP,7,173,17,65,48,29,96,169,265
HSP,7,174,17,65,48,29,98,169,267
HSP,7,175,17,65,48,29,98,169,267
HSP,7,176,17,65,48,29,99,170,269
HSP,7,177,17,65,48,29,99,171,270
HSP,7,178,17,65,48,29,99,174,273
HSP,7,179,17,65,48,29,99,175,274
HSP,7,180,17,65,48,29,100,177,277
HSP,7,181,17,65,48,29,100,178,278
HSP,7,182,17,65,48,29,100,179,279
HSP,7,183,17,65,48,29,100,179,279
HSP,7,184,17,65,48,29,100,180,280
HSP,7,185,17,65,48,29,101,181,282
HSP,7,186,17,65,48,29,101,184,285
HSP,7,187,17,65,48,29,101,185,286
HSP,7,188,17,65,48,30,102,185,287
HSP,7,189,17,65,48,30,103,187,290
HSP,7,190,17,65,48,30,104,188,292
HSP,7,191,17,65,48,30,104,188,292
HSP,7,192,17,65,48,30,104,188,292
HSP,7,193,17,65,48,30,104,190,294
HSP,7,194,17,65,48,30,104,192,296
HSP,7,195,17,65,48,30,104,193,297
HSP,7,196,17,65,48,30,104,196,300
HSP,7,197,17,65,48,30,104,198,302
HSP,7,198,17,65,48,30,105,199,304
HSP,7,199,17,65,48,31,106,200,306
HSP,7,200,17,65,48,31,106,200,306
HSP,7,201,17,65,48,31,106,202,308
HSP,7,202,17,65,48,31,107,203,310
HSP,7,203,17,65,48,31,108,203,311
HSP,7,204,17,65,48,31,108,203,311
HSP,7,205,17,65,48,31,108,204,312
HSP,7,206,17,65,48,31,108,204,312
HSP,7,207,17,65,48,31,108,206,314
HSP,7,208,17,65,48,31,110,206,316
HSP,7,209,17,65,48,31,111,206,317
HSP,7,210,17,65,48,31,112,207,319
HSP,7,211,17,65,48,31,112,208,320
HSP,7,212,17,65,48,31,114,209,323
HSP,7,213,17,65,48,31,114,212,326
HSP,7,214,17,65,48,31,117,213,330
HSP,7,215,17,65,48,31,117,213,330
HSP,7,216,17,65,48,31,117,215,332
HSP,7,217,17,65,48,31,118,216,334
HSP,7,218,17,65,48,31,119,217,336
HSP,7,219,17,65,48,31,119,218,337
HSP,7,220,17,65,48,31,120,218,338
HSP,7,221,17,65,48,31,120,218,338
HSP,7,222,17,65,48,31,120,218,338
HSP,7,223,17,65,48,31,120,219,339
HSP,7,224,17,65,48,31,120,219,339
HSP,7,225,17,65,48,31,120,221,341
HSP,7,226,17,65,48,31,120,222,342
HSP,7,227,17,65,48,31,120,223,343
HSP,7,228,17,65,48,31,120,223,343
HSP,7,229,17,65,48,31,120,225,345
HSP,7,230,17,65,48,31,123,226,349
HSP,7,231,17,65,48,31,123,227,350
HSP,7,232,17,65,48,31,123,227,350
HSP,7,233,17,65,48,31,123,227,350
HSP,7,234,17,65,48,31,123,228,351
HSP,7,235,17,65,48,31,123,229,352
HSP,7,236,17,65,48,31,125,230,355
HSP,7,237,17,65,48,32,126,230,356
HSP,7,238,17,65,48,32,126,230,356
HSP,7,239,17,65,48,32,126,233,359
HSP,7,240,17,65,48,32,126,233,359
HSP,7,241,17,65,48,32,126,233,359
HSP,7,242,17,65,48,32,127,238,365
HSP,7,243,17,65,48,32,128,238,366
HSP,7,244,17,65,48,32,128,239,367
HSP,7,245,17,65,48,32,128,240,368
HSP,7,246,17,65,48,32,128,242,370
HSP,7,247,17,65,48,32,128,243,371
HSP,7,248,17,65,48,32,128,244,372
HSP,7,249,17,65,48,32,129,245,374
HSP,7,250,17,65,48,32,129,247,376
HSP,7,251,17,65,48,32,131,247,378
HSP,7,252,17,65,48,32,131,247,378
HSP,7,253,17,65,48,32,133,249,382
HSP,7,254,17,65,48,32,133,249,382
HSP,7,255,17,65,48,32,133,249,382
HSP,7,256,17,65,48,32,134,253,387
HSP,7,257,17,65,48,32,135,254,389
HSP,7,258,17,65,48,32,135,255,390
HSP,7,259,17,65,48,32,135,256,391
HSP,7,260,17,65,48,32,135,259,394
HSP,7,261,17,65,48,32,135,260,395
HSP,7,262,17,65,48,32,136,260,396
HSP,7,263,17,65,48,32,138,260,398
HSP,7,264,17,65,48,32,138,260,398
HSP,7,265,17,65,48,32,139,260,399
HSP,7,266,17,65,48,32,140,260,400
HSP,7,267,17,65,48,32,141,261,402
HSP,7,268,17,65,48,32,141,263,404
HSP,7,269,17,65,48,32,141,263,404
HSP,7,270,17,65,48,32,141,264,405
HSP,7,271,17,65,48,32,141,265,406
HSP,7,272,17,65,48,32,141,267,408
HSP,7,273,17,65,48,32,141,267,408
HSP,7,274,17,65,48,32,141,267,408
HSP,7,275,17,65,48,32,141,268,409
HSP,7,276,17,65,48,33,143,268,411
HSP,7,277,17,65,48,33,143,268,411
HSP,7,278,17,65,48,33,143,268,411
HSP,7,279,17,65,48,33,143,268,411
HSP,7,280,17,65,48,33,144,268,412
HSP,7,281,17,65,48,33,144,269,413
HSP,7,282,17,65,48,33,144,269,413
HSP,7,283,17,65,48,33,145,271,416
HSP,7,284,17,65,48,33,147,273,420
HSP,7,285,17,65,48,33,147,274,421
HSP,7,286,17,65,48,33,147,277,424
HSP,7,287,17,65,48,33,147,278,425
HSP,7,288,17,65,48,33,147,279,426
HSP,7,289,17,65,48,33,149,282,431
HSP,7,290,17,65,48,33,149,282,431
HSP,7,291,17,65,48,33,149,283,432
HSP,7,292,17,65,48,33,149,284,433
HSP,7,293,17,65,48,33,149,285,434
HSP,7,294,17,65,48,33,149,286,435
HSP,7,295,18,66,48,32,149,287,436
HSP,7,296,18,66,48,32,149,288,437
HSP,7,297,18,66,48,32,149,291,440
HSP,7,298,18,66,48,32,150,292,442
HSP,7,299,19,67,48,31,150,292,442
HSP,7,300,19,67,48,31,150,295,445
HSP,7,301,19,67,48,31,152,296,448
HSP,7,302,19,67,48,31,153,296,449
HSP,7,303,19,67,48,31,153,296,449
HSP,7,304,19,67,48,31,153,297,450
HSP,7,305,19,67,48,31,154,298,452
HSP,7,306,19,67,48,31,154,298,452
HSP,7,307,19,67,48,31,154,300,454
HSP,7,308,19,67,48,31,154,300,454
HSP,7,309,19,67,48,31,156,302,458
HSP,7,310,19,67,48,31,157,303,460
HSP,7,311,19,67,48,31,158,303,461
HSP,7,312,19,67,48,31,158,303,461
HSP,7,313,19,67,48,31,158,306,464
HSP,7,314,19,67,48,31,159,307,466
HSP,7,315,19,67,48,31,159,308,467
HSP,7,316,19,67,48,31,161,308,469
HSP,7,317,19,67,48,31,161,310,471
HSP,7,318,19,67,48,31,161,311,472
HSP,7,319,19,67,48,31,162,312,474
HSP,7,320,19,67,48,31,162,312,474
HSP,7,321,19,67,48,31,163,313,476
HSP,7,322,19,67,48,31,163,313,476
HSP,7,323,19,67,48,31,164,314,478
HSP,7,324,19,67,48,31,165,317,482
HSP,7,325,20,68,48,30,165,317,482
HSP,7,326,20,68,48,30,165,318,483
HSP,7,327,20,68,48,30,165,319,484
HSP,7,328,20,68,48,30,166,320,486
HSP,7,329,20,68,48,30,166,320,486
HSP,7,330,20,68,48,30,168,320,488
HSP,7,331,20,68,48,30,168,321,489
HSP,7,332,20,68,48,30,168,322,490
HSP,7,333,20,68,48,30,169,323,492
HSP,7,334,20,68,48,30,169,324,493
HSP,7,335,20,68,48,30,169,325,494
HSP,7,336,20,68,48,30,169,325,494
HSP,7,337,20,68,48,30,169,325,494
HSP,7,338,20,68,48,30,170,326,496
HSP,7,339,20,68,48,30,170,326,496
HSP,7,340,20,68,48,30,171,327,498
HSP,7,341,20,68,48,30,172,327,499
HSP,7,342,20,68,48,30,172,327,499
HSP,7,343,20,68,48,30,172,328,500
HSP,7,344,20,68,48,30,172,328,500
HSP,7,345,20,68,48,30,173,329,502
HSP,7,346,20,68,48,30,173,330,503
HSP,7,347,20,68,48,30,173,330,503
HSP,7,348,20,68,48,30,173,332,505
HSP,7,349,20,68,48,30,173,334,507
HSP,7,350,20,68,48,30,173,334,507
HSP,7,351,20,68,48,30,174,334,508
HSP,7,352,20,68,48,30,175,335,510
HSP,7,353,20,68,48,30,175,337,512
HSP,7,354,20,68,48,30,175,338,513
HSP,7,355,20,68,48,30,175,339,514
HSP,7,356,20,68,48,30,177,339,516
HSP,7,357,20,68,48,30,177,340,517
HSP,7,358,20,68,48,30,177,340,517
HSP,7,359,20,68,48,30,178,340,518
HSP,7,360,20,68,48,30,179,341,520
HSP,7,361,20,68,48,30,179,341,520
HSP,7,362,20,68,48,30,179,342,521
HSP,7,363,20,68,48,30,179,343,522
HSP,7,364,20,68,48,30,179,344,523
HSP,7,365,20,68,48,30,181,344,525
HSP,7,366,20,68,48,30,181,344,525
HSP,7,367,20,68,48,30,181,347,528
HSP,7,368,20,68,48,30,181,347,528
HSP,7,369,20,68,48,30,181,350,531
HSP,7,370,20,68,48,30,181,350,531
HSP,7,371,20,68,48,30,182,351,533
HSP,7,372,20,68,48,30,182,353,535
HSP,7,373,20,68,48,30,184,355,539
HSP,7,374,20,68,48,30,184,356,540
HSP,7,375,20,68,48,30,184,357,541
HSP,7,376,20,68,48,30,184,357,541
HSP,7,377,20,68,48,30,184,357,541
HSP,7,378,20,68,48,30,185,359,544
HSP,7,379,20,68,48,30,185,359,544
HSP,7,380,20,68,48,30,186,360,546
HSP,7,381,20,68,48,30,186,363,549
HSP,7,382,20,68,48,30,186,363,549
HSP,7,383,20,68,48,30,186,364,550
HSP,7,384,20,68,48,30,187,366,553
HSP,7,385,20,68,48,30,187,367,554
HSP,7,386,20,68,48,30,187,367,554
HSP,7,387,20,68,48,30,187,368,555
HSP,7,388,20,68,48,30,187,368,555
HSP,7,389,20,68,48,30,188,369,557
HSP,7,390,20,68,48,30,188,370,558
HSP,7,391,20,68,48,30,188,372,560
HSP,7,392,20,68,48,30,188,372,560
HSP,7,393,20,68,48,30,189,372,561
HSP,7,394,20,68,48,30,189,372,561
HSP,7,395,20,68,48,30,190,373,563
HSP,7,396,20,68,48,30,191,373,564
HSP,7,397,20,68,48,30,191,375,566
HSP,7,398,20,68,48,30,191,378,569
HSP,7,399,20,68,48,30,192,379,571
HSP,7,400,20,68,48,30,192,379,571
HSP,7,401,20,68,48,30,193,381,574
HSP,7,402,20,68,48,30,194,382,576
HSP,7,403,20,68,48,30,195,382,577
HSP,7,404,20,68,48,30,196,383,579
HSP,7,405,20,68,48,30,196,383,579
HSP,7,406,20,68,48,30,196,383,579
HSP,7,407,20,68,48,30,196,384,580
HSP,7,408,20,68,48,30,196,384,580
HSP,7,409,20,68,48,30,197,385,582
HSP,7,410,20,68,48,30,198,386,584
HSP,7,411,20,68,48,30,199,387,586
HSP,7,412,20,68,48,30,200,389,589
HSP,7,413,20,68,48,30,200,389,589
HSP,7,414,20,68,48,30,201,389,590
HSP,7,415,20,68,48,30,201,389,590
HSP,7,416,20,68,48,30,201,389,590
HSP,7,417,20,68,48,30,201,389,590
HSP,7,418,20,68,48,30,202,389,591
HSP,7,419,20,68,48,30,202,390,592
HSP,7,420,20,68,48,30,202,391,593
HSP,7,421,20,68,48,30,202,394,596
HSP,7,422,20,68,48,30,202,395,597
HSP,7,423,20,68,48,30,203,395,598
HSP,7,424,20,68,48,30,205,399,604
HSP,7,425,20,68,48,30,205,399,604
HSP,7,426,21,69,48,29,206,399,605
HSP,7,427,21,69,48,29,206,399,605
HSP,7,428,21,69,48,29,207,401,608
HSP,7,429,21,69,48,29,207,403,610
HSP,7,430,21,69,48,29,207,403,610
HSP,7,431,21,69,48,29,207,403,610
HSP,7,432,21,69,48,29,207,404,611
HSP,7,433,21,69,48,29,207,404,611
HSP,7,434,21,69,48,29,208,405,613
HSP,7,435,21,69,48,29,208,405,613
HSP,7,436,21,69,48,29,209,405,614
HSP,7,437,21,69,48,29,209,405,614
HSP,7,438,21,69,48,29,211,406,617
HSP,7,439,21,69,48,29,211,409,620
HSP,7,440,21,69,48,29,211,410,621
HSP,7,441,21,69,48,29,212,410,622
HSP,7,442,21,69,48,29,213,410,623
HSP,7,443,21,69,48,29,215,411,626
HSP,7,444,21,69,48,29,215,413,628
HSP,7,445,21,69,48,29,217,413,630
HSP,7,446,21,69,48,29,217,415,632
HSP,7,447,21,69,48,29,217,416,633
HSP,7,448,21,69,48,29,217,417,634
HSP,7,449,21,69,48,29,217,417,634
HSP,7,450,21,69,48,29,218,418,636
HSP,7,451,21,69,48,29,218,418,636
HSP,7,452,21,69,48,29,218,419,637
HSP,7,453,21,69,48,29,218,419,637
HSP,7,454,21,69,48,29,219,420,639
HSP,7,455,21,69,48,29,220,421,641
HSP,7,456,21,69,48,29,220,421,641
HSP,7,457,21,69,48,29,221,421,642
HSP,7,458,21,69,48,29,222,421,643
HSP,7,459,21,69,48,29,222,423,645
HSP,7,460,21,69,48,29,223,424,647
HSP,7,461,21,69,48,29,223,425,648
HSP,7,462,21,69,48,29,223,425,648
HSP,7,463,21,69,48,29,224,425,649
HSP,7,464,21,69,48,29,225,427,652
HSP,7,465,21,69,48,29,225,427,652
HSP,7,466,21,69,48,29,225,427,652
HSP,7,467,21,69,48,29,225,427,652
HSP,7,468,21,69,48,29,225,428,653
HSP,7,469,21,69,48,29,225,428,653
HSP,7,470,22,70,48,28,227,430,657
HSP,7,471,22,70,48,28,228,430,658
HSP,7,472,22,70,48,28,228,430,658
HSP,7,473,22,70,48,28,229,431,660
HSP,7,474,22,70,48,28,229,432,661
HSP,7,475,22,70,48,28,229,432,661
HSP,7,476,22,70,48,28,229,433,662
HSP,7,477,22,70,48,28,230,433,663
HSP,7,478,22,70,48,28,230,434,664
HSP,7,479,22,70,48,28,230,434,664
HSP,7,480,22,70,48,28,231,437,668
HSP,7,481,22,70,48,28,232,437,669
HSP,7,482,22,70,48,28,232,438,670
HSP,7,483,22,70,48,28,232,439,671
HSP,7,484,22,70,48,28,233,439,672
HSP,7,485,22,70,48,28,234,439,673
HSP,7,486,22,70,48,28,234,440,674
HSP,7,487,22,70,48,28,234,440,674
HSP,7,488,22,70,48,29,236,440,676
HSP,7,489,22,70,48,29,236,440,676
HSP,7,490,22,70,48,29,237,440,677
HSP,7,491,22,70,48,29,240,441,681
HSP,7,492,22,70,48,29,240,441,681
HSP,7,493,22,70,48,29,240,442,682
HSP,7,494,22,70,48,29,241,442,683
HSP,7,495,22,70,48,29,242,442,684
HSP,7,496,22,70,48,29,242,442,684
HSP,7,497,22,70,48,29,242,443,685
HSP,7,498,22,70,48,29,242,444,686
HSP,7,499,22,70,48,29,243,445,688
HSP,8,0,0,5,5,10,0,2,2
HSP,8,1,0,8,8,10,0,2,2
HSP,8,2,0,8,8,10,0,3,3
HSP,8,3,0,8,8,10,0,3,3
HSP,8,4,1,9,8,9,0,5,5
HSP,8,5,1,10,9,9,0,9,9
HSP,8,6,1,11,10,9,0,10,10
HSP,8,7,2,13,11,8,0,10,10
HSP,8,8,2,14,12,8,0,10,10
HSP,8,9,2,14,12,8,0,11,11
HSP,8,10,2,14,12,8,0,12,12
HSP,8,11,2,14,12,8,0,12,12
HSP,8,12,2,14,12,8,0,12,12
HSP,8,13,3,16,13,7,1,13,14
HSP,8,14,3,16,13,7,1,16,17
HSP,8,15,3,16,13,8,2,17,19
HSP,8,16,3,17,14,8,2,18,20
HSP,8,17,3,18,15,8,3,21,24
HSP,8,18,3,20,17,8,3,24,27
HSP,8,19,3,20,17,9,4,28,32
HSP,8,20,3,21,18,9,4,30,34
HSP,8,21,3,23,20,9,5,30,35
HSP,8,22,4,24,20,9,8,35,43
HSP,8,23,4,25,21,10,9,38,47
HSP,8,24,4,28,24,11,10,41,51
HSP,8,25,4,28,24,11,10,42,52
HSP,8,26,4,29,25,11,10,42,52
HSP,8,27,4,30,26,11,11,43,54
HSP,8,28,4,30,26,11,11,46,57
HSP,8,29,5,31,26,10,14,49,63
HSP,8,30,5,32,27,10,14,49,63
HSP,8,31,5,33,28,10,14,52,66
HSP,8,32,5,33,28,10,14,53,67
HSP,8,33,5,34,29,10,15,55,70
HSP,8,34,5,35,30,10,15,57,72
HSP,8,35,5,37,32,10,16,57,73
HSP,8,36,5,37,32,10,16,61,77
HSP,8,37,5,37,32,10,16,65,81
HSP,8,38,5,38,33,10,16,65,81
HSP,8,39,5,41,36,10,16,68,84
HSP,8,40,5,41,36,11,17,69,86
HSP,8,41,5,42,37,11,18,71,89
HSP,8,42,5,42,37,11,19,75,94
HSP,8,43,5,43,38,12,21,75,96
HSP,8,44,5,43,38,13,22,76,98
HSP,8,45,6,46,40,13,25,78,103
HSP,8,46,6,46,40,13,25,79,104
HSP,8,47,7,48,41,12,25,81,106
HSP,8,48,7,49,42,12,26,81,107
HSP,8,49,7,49,42,12,26,81,107
HSP,8,50,7,50,43,13,27,82,109
HSP,8,51,7,50,43,14,28,83,111
HSP,8,52,7,50,43,14,28,84,112
HSP,8,53,7,50,43,14,28,85,113
HSP,8,54,7,51,44,14,29,87,116
HSP,8,55,7,52,45,14,29,87,116
HSP,8,56,8,53,45,14,30,89,119
HSP,8,57,8,53,45,14,30,91,121
HSP,8,58,9,54,45,13,30,93,123
HSP,8,59,9,54,45,13,31,95,126
HSP,8,60,9,54,45,13,32,97,129
HSP,8,61,9,54,45,13,33,97,130
HSP,8,62,10,55,45,13,34,97,131
HSP,8,63,10,56,46,14,37,97,134
HSP,8,64,10,56,46,14,38,102,140
HSP,8,65,10,57,47,14,39,102,141
HSP,8,66,10,58,48,14,39,102,141
HSP,8,67,10,58,48,14,40,103,143
HSP,8,68,11,59,48,13,40,103,143
HSP,8,69,11,59,48,13,40,103,143
HSP,8,70,11,59,48,13,40,103,143
HSP,8,71,11,59,48,13,40,106,146
HSP,8,72,11,59,48,13,40,110,150
HSP,8,73,12,60,48,12,40,110,150
HSP,8,74,12,60,48,12,40,110,150
HSP,8,75,12,60,48,12,40,111,151
HSP,8,76,12,60,48,13,41,111,152
HSP,8,77,12,60,48,13,42,111,153
HSP,8,78,14,62,48,11,44,112,156
HSP,8,79,14,62,48,11,44,113,157
HSP,8,80,14,62,48,11,44,113,157
HSP,8,81,14,63,49,11,45,113,158
HSP,8,82,14,63,49,11,45,113,158
HSP,8,83,14,63,49,11,46,114,160
HSP,8,84,14,63,49,11,46,115,161
HSP,8,85,14,63,49,11,46,117,163
HSP,8,86,14,63,49,11,47,118,165
HSP,8,87,14,63,49,12,48,118,166
HSP,8,88,14,63,49,12,48,120,168
HSP,8,89,15,64,49,11,48,122,170
HSP,8,90,15,64,49,11,48,124,172
HSP,8,91,15,64,49,11,48,124,172
HSP,8,92,15,64,49,11,49,125,174
HSP,8,93,15,64,49,11,49,125,174
HSP,8,94,16,65,49,10,50,126,176
HSP,8,95,16,65,49,11,51,126,177
HSP,8,96,16,65,49,11,51,127,178
HSP,8,97,16,65,49,11,52,128,180
HSP,8,98,16,65,49,11,52,129,181
HSP,8,99,16,66,50,11,54,129,183
HSP,8,100,16,66,50,12,55,129,184
HSP,8,101,16,66,50,12,55,132,187
HSP,8,102,16,66,50,12,56,132,188
HSP,8,103,16,66,50,12,56,132,188
HSP,8,104,16,67,51,13,57,132,189
HSP,8,105,16,67,51,13,57,132,189
HSP,8,106,16,68,52,13,57,132,189
HSP,8,107,16,68,52,13,57,132,189
HSP,8,108,16,68,52,13,58,133,191
HSP,8,109,16,68,52,14,59,133,192
HSP,8,110,16,68,52,14,59,133,192
HSP,8,111,16,68,52,14,59,134,193
HSP,8,112,16,68,52,15,60,136,196
HSP,8,113,16,68,52,15,60,136,196
HSP,8,114,16,68,52,15,61,138,199
HSP,8,115,16,68,52,16,62,138,200
HSP,8,116,16,69,53,16,62,139,201
HSP,8,117,16,69,53,16,62,139,201
HSP,8,118,16,69,53,16,62,139,201
HSP,8,119,16,69,53,16,62,140,202
HSP,8,120,16,69,53,16,62,141,203
HSP,8,121,16,69,53,16,62,142,204
HSP,8,122,16,69,53,16,63,142,205
HSP,8,123,16,69,53,16,63,144,207
HSP,8,124,16,69,53,16,63,145,208
HSP,8,125,16,69,53,16,64,145,209
HSP,8,126,16,69,53,16,64,145,209
HSP,8,127,16,69,53,16,64,146,210
HSP,8,128,16,69,53,16,65,146,211
HSP,8,129,16,69,53,16,65,147,212
HSP,8,130,16,69,53,17,67,148,215
HSP,8,131,17,70,53,16,67,149,216
HSP,8,132,17,70,53,16,67,149,216
HSP,8,133,17,70,53,16,67,150,217
HSP,8,134,17,70,53,16,67,151,218
HSP,8,135,17,70,53,16,68,151,219
HSP,8,136,17,70,53,16,68,152,220
HSP,8,137,17,70,53,16,68,153,221
HSP,8,138,17,70,53,16,68,153,221
HSP,8,139,17,70,53,16,69,153,222
HSP,8,140,17,70,53,16,69,153,222
HSP,8,141,17,70,53,16,70,154,224
HSP,8,142,17,70,53,16,70,154,224
HSP,8,143,17,70,53,16,70,156,226
HSP,8,144,17,70,53,16,70,158,228
HSP,8,145,17,70,53,16,70,160,230
HSP,8,146,17,70,53,16,71,160,231
HSP,8,147,17,70,53,17,72,161,233
HSP,8,148,17,70,53,17,72,162,234
HSP,8,149,17,70,53,17,74,163,237
HSP,8,150,17,70,53,17,74,163,237
HSP,8,151,17,70,53,17,74,164,238
HSP,8,152,17,70,53,17,74,165,239
HSP,8,153,17,70,53,17,74,165,239
HSP,8,154,17,70,53,17,75,165,240
HSP,8,155,17,70,53,17,75,167,242
HSP,8,156,17,70,53,17,76,167,243
HSP,8,157,17,70,53,17,76,167,243
HSP,8,158,17,70,53,17,76,167,243
HSP,8,159,17,70,53,17,77,168,245
HSP,8,160,17,70,53,18,79,168,247
HSP,8,161,17,70,53,18,79,171,250
HSP,8,162,17,70,53,18,79,172,251
HSP,8,163,17,70,53,18,79,174,253
HSP,8,164,17,70,53,18,79,174,253
HSP,8,165,17,70,53,18,79,174,253
HSP,8,166,17,70,53,18,79,175,254
HSP,8,167,17,70,53,18,79,176,255
HSP,8,168,17,70,53,18,79,176,255
HSP,8,169,18,71,53,17,79,176,255
HSP,8,170,18,71,53,17,81,178,259
HSP,8,171,18,71,53,17,81,179,260
HSP,8,172,18,71,53,17,81,179,260
HSP,8,173,18,71,53,17,81,179,260
HSP,8,174,18,71,53,17,81,179,260
HSP,8,175,18,71,53,17,81,180,261
HSP,8,176,18,71,53,17,82,181,263
HSP,8,177,18,71,53,17,83,181,264
HSP,8,178,18,71,53,17,83,181,264
HSP,8,179,18,71,53,17,83,182,265
HSP,8,180,18,71,53,18,84,183,267
HSP,8,181,18,71,53,18,84,184,268
HSP,8,182,18,71,53,18,84,185,269
HSP,8,183,18,71,53,18,84,185,269
HSP,8,184,18,71,53,18,84,185,269
HSP,8,185,18,71,53,19,86,186,272
HSP,8,186,18,71,53,19,86,186,272
HSP,8,187,18,71,53,20,88,186,274
HSP,8,188,18,71,53,20,88,186,274
HSP,8,189,18,71,53,20,89,186,275
HSP,8,190,18,71,53,20,89,187,276
HSP,8,191,18,71,53,20,89,187,276
HSP,8,192,18,71,53,20,90,189,279
HSP,8,193,18,71,53,20,90,189,279
HSP,8,194,18,71,53,20,91,189,280
HSP,8,195,18,71,53,20,91,190,281
HSP,8,196,18,71,53,20,91,190,281
HSP,8,197,18,71,53,20,91,192,283
HSP,8,198,18,71,53,20,91,193,284
HSP,8,199,18,71,53,21,92,194,286
HSP,8,200,18,71,53,21,92,194,286
HSP,8,201,18,71,53,21,92,195,287
HSP,8,202,18,71,53,21,92,195,287
HSP,8,203,18,71,53,21,93,195,288
HSP,8,204,18,71,53,21,93,197,290
HSP,8,205,18,71,53,21,93,197,290
HSP,8,206,18,71,53,21,93,199,292
HSP,8,207,18,71,53,21,94,199,293
HSP,8,208,18,71,53,21,95,199,294
HSP,8,209,18,72,54,21,95,200,295
HSP,8,210,18,72,54,21,96,201,297
HSP,8,211,18,72,54,21,97,201,298
HSP,8,212,18,72,54,21,98,203,301
HSP,8,213,18,72,54,21,98,203,301
HSP,8,214,18,72,54,21,98,203,301
HSP,8,215,18,72,54,21,98,203,301
HSP,8,216,19,73,54,20,98,205,303
HSP,8,217,19,73,54,20,98,209,307
HSP,8,218,19,73,54,20,98,209,307
HSP,8,219,19,73,54,20,99,209,308
HSP,8,220,19,73,54,20,100,209,309
HSP,8,221,19,73,54,20,100,210,310
HSP,8,222,19,73,54,20,100,211,311
HSP,8,223,19,73,54,20,102,211,313
HSP,8,224,19,73,54,20,102,211,313
HSP,8,225,19,73,54,20,103,211,314
HSP,8,226,19,73,54,20,103,211,314
HSP,8,227,19,73,54,20,104,213,317
HSP,8,228,19,73,54,21,105,213,318
HSP,8,229,19,73,54,21,105,213,318
HSP,8,230,19,73,54,21,105,214,319
HSP,8,231,19,73,54,21,107,215,322
HSP,8,232,19,73,54,21,107,215,322
HSP,8,233,19,73,54,21,108,216,324
HSP,8,234,19,73,54,21,108,216,324
HSP,8,235,19,73,54,21,108,217,325
HSP,8,236,20,74,54,20,108,218,326
HSP,8,237,20,74,54,20,108,218,326
HSP,8,238,20,74,54,20,108,218,326
HSP,8,239,20,74,54,20,108,219,327
HSP,8,240,20,74,54,20,108,219,327
HSP,8,241,20,74,54,20,108,219,327
HSP,8,242,20,74,54,20,108,220,328
HSP,8,243,20,74,54,20,110,220,330
HSP,8,244,20,74,54,21,111,220,331
HSP,8,245,20,74,54,21,112,220,332
HSP,8,246,20,74,54,21,112,220,332
HSP,8,247,20,74,54,21,112,222,334
HSP,8,248,20,74,54,21,113,222,335
HSP,8,249,21,75,54,20,114,222,336
HSP,8,250,21,75,54,20,114,223,337
HSP,8,251,21,75,54,20,115,223,338
HSP,8,252,21,75,54,20,115,224,339
HSP,8,253,21,75,54,20,116,224,340
HSP,8,254,21,75,54,20,116,224,340
HSP,8,255,21,75,54,20,116,226,342
HSP,8,256,21,75,54,20,116,226,342
HSP,8,257,21,75,54,20,116,226,342
HSP,8,258,21,75,54,20,116,227,343
HSP,8,259,21,75,54,20,117,228,345
HSP,8,260,21,75,54,20,117,228,345
HSP,8,261,21,75,54,20,117,228,345
HSP,8,262,21,75,54,20,117,228,345
HSP,8,263,21,75,54,20,117,229,346
HSP,8,264,21,75,54,20,117,229,346
HSP,8,265,21,75,54,20,118,229,347
HSP,8,266,21,75,54,20,118,229,347
HSP,8,267,21,75,54,20,119,230,349
HSP,8,268,21,75,54,20,119,231,350
HSP,8,269,21,75,54,20,119,232,351
HSP,8,270,21,75,54,20,119,232,351
HSP,8,271,21,75,54,20,119,232,351
HSP,8,272,21,75,54,20,119,233,352
HSP,8,273,22,76,54,19,120,234,354
HSP,8,274,22,76,54,19,122,235,357
HSP,8,275,22,76,54,19,122,235,357
HSP,8,276,22,76,54,19,123,237,360
HSP,8,277,22,76,54,20,125,237,362
HSP,8,278,22,76,54,20,126,237,363
HSP,8,279,22,76,54,20,126,237,363
HSP,8,280,22,76,54,20,126,238,364
HSP,8,281,22,76,54,20,127,238,365
HSP,8,282,22,76,54,20,127,239,366
HSP,8,283,22,76,54,20,127,239,366
HSP,8,284,22,76,54,20,127,241,368
HSP,8,285,22,76,54,20,127,241,368
HSP,8,286,22,76,54,20,127,241,368
HSP,8,287,22,76,54,20,127,241,368
HSP,8,288,22,76,54,20,127,241,368
HSP,8,289,22,76,54,20,127,241,368
HSP,8,290,22,76,54,20,127,241,368
HSP,8,291,22,76,54,20,127,242,369
HSP,8,292,22,76,54,20,127,242,369
HSP,8,293,22,76,54,20,127,242,369
HSP,8,294,22,76,54,20,128,243,371
HSP,8,295,22,76,54,20,128,243,371
HSP,8,296,22,76,54,20,129,245,374
HSP,8,297,22,76,54,21,130,245,375
HSP,8,298,22,76,54,21,131,245,376
HSP,8,299,22,76,54,21,131,245,376
HSP,8,300,22,76,54,21,131,245,376
HSP,8,301,22,76,54,22,133,245,378
HSP,8,302,22,76,54,22,135,246,381
HSP,8,303,22,76,54,22,135,246,381
HSP,8,304,22,76,54,22,136,248,384
HSP,8,305,22,76,54,22,137,248,385
HSP,8,306,22,76,54,22,137,248,385
HSP,8,307,22,76,54,22,137,249,386
HSP,8,308,22,76,54,22,137,249,386
HSP,8,309,22,76,54,22,137,249,386
HSP,8,310,22,76,54,22,137,250,387
HSP,8,311,22,76,54,22,137,250,387
HSP,8,312,22,76,54,22,138,250,388
HSP,8,313,22,76,54,22,138,250,388
HSP,8,314,22,76,54,22,138,251,389
HSP,8,315,22,76,54,22,138,253,391
HSP,8,316,22,76,54,22,138,254,392
HSP,8,317,22,76,54,22,138,255,393
HSP,8,318,22,76,54,22,139,255,394
HSP,8,319,22,76,54,22,140,255,395
HSP,8,320,22,76,54,22,141,255,396
HSP,8,321,22,76,54,22,142,255,397
HSP,8,322,22,76,54,22,142,255,397
HSP,8,323,22,76,54,22,143,256,399
HSP,8,324,22,76,54,22,143,256,399
HSP,8,325,22,76,54,22,144,257,401
HSP,8,326,22,76,54,22,145,258,403
HSP,8,327,22,76,54,22,145,258,403
HSP,8,328,23,77,54,21,145,258,403
HSP,8,329,23,77,54,21,145,258,403
HSP,8,330,23,77,54,22,146,258,404
HSP,8,331,23,77,54,22,146,258,404
HSP,8,332,23,77,54,22,147,258,405
HSP,8,333,23,77,54,22,148,259,407
HSP,8,334,23,77,54,22,148,259,407
HSP,8,335,23,77,54,22,148,259,407
HSP,8,336,23,77,54,22,149,259,408
HSP,8,337,23,77,54,22,150,259,409
HSP,8,338,23,77,54,22,150,259,409
HSP,8,339,23,77,54,22,150,259,409
HSP,8,340,23,77,54,22,150,260,410
HSP,8,341,24,78,54,21,151,260,411
HSP,8,342,24,78,54,21,151,260,411
HSP,8,343,24,78,54,21,151,260,411
HSP,8,344,24,78,54,21,152,260,412
HSP,8,345,24,78,54,21,154,260,414
HSP,8,346,24,78,54,21,154,261,415
HSP,8,347,24,78,54,22,155,262,417
HSP,8,348,24,78,54,22,156,264,420
HSP,8,349,24,78,54,22,156,265,421
HSP,8,350,24,78,54,22,156,265,421
HSP,8,351,24,78,54,22,156,266,422
HSP,8,352,24,78,54,22,156,267,423
HSP,8,353,24,78,54,22,156,267,423
HSP,8,354,24,78,54,22,156,267,423
HSP,8,355,24,78,54,22,156,267,423
HSP,8,356,24,78,54,22,156,267,423
HSP,8,357,24,78,54,22,157,268,425
HSP,8,358,24,78,54,22,157,268,425
HSP,8,359,24,78,54,22,158,268,426
HSP,8,360,24,78,54,22,158,268,426
HSP,8,361,24,78,54,22,158,269,427
HSP,8,362,24,78,54,22,159,270,429
HSP,8,363,24,78,54,22,159,270,429
HSP,8,364,24,78,54,22,159,272,431
HSP,8,365,24,78,54,22,159,272,431
HSP,8,366,24,78,54,22,159,273,432
HSP,8,367,24,78,54,22,159,274,433
HSP,8,368,24,78,54,22,159,275,434
HSP,8,369,24,78,54,22,159,275,434
HSP,8,370,24,78,54,22,159,277,436
HSP,8,371,24,78,54,22,159,277,436
HSP,8,372,24,78,54,22,159,277,436
HSP,8,373,24,78,54,22,160,278,438
HSP,8,374,24,78,54,22,160,278,438
HSP,8,375,24,78,54,22,160,278,438
HSP,8,376,24,78,54,22,160,280,440
HSP,8,377,24,78,54,22,160,280,440
HSP,8,378,24,78,54,22,160,280,440
HSP,8,379,24,78,54,22,160,282,442
HSP,8,380,24,78,54,22,160,283,443
HSP,8,381,24,78,54,22,160,284,444
HSP,8,382,24,78,54,22,160,285,445
HSP,8,383,24,78,54,22,160,286,446
HSP,8,384,24,78,54,22,160,287,447
HSP,8,385,24,78,54,22,160,287,447
HSP,8,386,24,78,54,22,160,289,449
HSP,8,387,24,78,54,22,160,290,450
HSP,8,388,24,78,54,22,160,291,451
HSP,8,389,24,78,54,22,160,292,452
HSP,8,390,24,78,54,22,160,292,452
HSP,8,391,24,78,54,22,160,294,454
HSP,8,392,24,78,54,22,161,294,455
HSP,8,393,24,78,54,22,161,295,456
HSP,8,394,24,78,54,22,161,298,459
HSP,8,395,24,78,54,22,161,298,459
HSP,8,396,24,78,54,22,162,298,460
HSP,8,397,24,78,54,22,163,298,461
HSP,8,398,24,78,54,22,163,299,462
HSP,8,399,24,78,54,22,164,302,466
HSP,8,400,24,78,54,22,164,304,468
HSP,8,401,24,78,54,22,164,305,469
HSP,8,402,24,78,54,22,164,305,469
HSP,8,403,24,78,54,22,164,305,469
HSP,8,404,24,78,54,22,164,305,469
HSP,8,405,24,78,54,22,164,306,470
HSP,8,406,24,78,54,22,165,307,472
HSP,8,407,24,78,54,22,165,307,472
HSP,8,408,24,78,54,22,165,308,473
HSP,8,409,24,78,54,22,166,308,474
HSP,8,410,24,78,54,22,166,308,474
HSP,8,411,24,78,54,22,166,308,474
HSP,8,412,24,78,54,22,166,308,474
HSP,8,413,24,78,54,22,166,308,474
HSP,8,414,24,78,54,22,167,309,476
HSP,8,415,24,78,54,22,167,309,476
HSP,8,416,24,78,54,22,167,310,477
HSP,8,417,24,78,54,22,167,311,478
HSP,8,418,24,78,54,22,169,311,480
HSP,8,419,24,78,54,22,169,311,480
HSP,8,420,24,78,54,22,170,312,482
HSP,8,421,24,78,54,22,170,312,482
HSP,8,422,24,78,54,22,170,314,484
HSP,8,423,24,78,54,22,170,314,484
HSP,8,424,24,78,54,22,170,314,484
HSP,8,425,24,78,54,22,170,314,484
HSP,8,426,24,78,54,22,170,314,484
HSP,8,427,24,78,54,22,170,314,484
HSP,8,428,24,78,54,22,171,315,486
HSP,8,429,24,78,54,22,172,315,487
HSP,8,430,24,78,54,22,172,315,487
HSP,8,431,24,78,54,22,173,316,489
HSP,8,432,24,78,54,22,173,318,491
HSP,8,433,24,78,54,22,173,318,491
HSP,8,434,24,78,54,22,173,318,491
HSP,8,435,24,78,54,22,174,318,492
HSP,8,436,24,78,54,22,174,318,492
HSP,8,437,24,78,54,22,174,318,492
HSP,8,438,24,78,54,22,174,318,492
HSP,8,439,24,78,54,22,174,319,493
HSP,8,440,24,78,54,22,175,320,495
HSP,8,441,24,78,54,22,175,320,495
HSP,8,442,24,78,54,22,175,320,495
HSP,8,443,24,78,54,22,175,320,495
HSP,8,444,24,78,54,22,176,320,496
HSP,8,445,24,78,54,22,177,320,497
HSP,8,446,24,78,54,22,177,320,497
HSP,8,447,24,78,54,22,177,321,498
HSP,8,448,24,78,54,22,178,321,499
HSP,8,449,24,78,54,22,179,321,500
HSP,8,450,24,78,54,22,179,322,501
HSP,8,451,24,78,54,22,179,322,501
HSP,8,452,24,78,54,22,179,322,501
HSP,8,453,24,78,54,22,180,322,502
HSP,8,454,24,78,54,22,180,324,504
HSP,8,455,24,78,54,22,180,325,505
HSP,8,456,24,78,54,22,180,325,505
HSP,8,457,24,78,54,22,180,325,505
HSP,8,458,24,78,54,22,181,325,506
HSP,8,459,24,78,54,22,181,325,506
HSP,8,460,24,78,54,22,181,325,506
HSP,8,461,24,78,54,22,181,325,506
HSP,8,462,24,78,54,22,181,326,507
HSP,8,463,24,78,54,22,181,326,507
HSP,8,464,24,78,54,22,181,326,507
HSP,8,465,24,78,54,22,181,326,507
HSP,8,466,24,78,54,22,181,326,507
HSP,8,467,24,78,54,22,181,327,508
HSP,8,468,24,78,54,22,181,329,510
HSP,8,469,24,78,54,22,181,329,510
HSP,8,470,24,78,54,22,181,329,510
HSP,8,471,24,78,54,22,181,329,510
HSP,8,472,24,78,54,22,181,329,510
HSP,8,473,24,78,54,22,181,329,510
HSP,8,474,24,78,54,22,181,329,510
HSP,8,475,24,78,54,22,181,330,511
HSP,8,476,24,78,54,22,182,330,512
HSP,8,477,24,78,54,22,184,330,514
HSP,8,478,24,78,54,22,184,330,514
HSP,8,479,24,78,54,22,186,330,516
HSP,8,480,24,78,54,22,187,330,517
HSP,8,481,24,78,54,22,187,331,518
HSP,8,482,24,78,54,22,188,331,519
HSP,8,483,24,78,54,22,188,331,519
HSP,8,484,24,78,54,22,188,333,521
HSP,8,485,24,78,54,22,188,337,525
HSP,8,486,24,78,54,22,188,338,526
HSP,8,487,24,78,54,22,188,338,526
HSP,8,488,24,78,54,22,188,339,527
HSP,8,489,24,78,54,22,188,339,527
HSP,8,490,24,78,54,22,188,339,527
HSP,8,491,24,78,54,22,189,339,528
HSP,8,492,24,78,54,22,189,339,528
HSP,8,493,24,78,54,22,189,339,528
HSP,8,494,24,78,54,22,189,339,528
HSP,8,495,24,78,54,22,189,340,529
HSP,8,496,24,78,54,22,189,340,529
HSP,8,497,24,78,54,22,189,341,530
HSP,8,498,24,78,54,22,190,342,532
HSP,8,499,24,78,54,22,190,343,533
HSP,9,0,0,4,4,12,0,1,1
HSP,9,1,1,7,6,11,0,1,1
HSP,9,2,1,8,7,11,0,2,2
HSP,9,3,1,9,8,11,0,3,3
HSP,9,4,1,11,10,11,0,3,3
HSP,9,5,1,13,12,11,0,3,3
HSP,9,6,2,15,13,10,0,6,6
HSP,9,7,2,15,13,10,0,7,7
HSP,9,8,2,15,13,10,0,9,9
HSP,9,9,2,15,13,10,0,10,10
HSP,9,10,3,17,14,9,0,12,12
HSP,9,11,3,17,14,9,0,17,17
HSP,9,12,3,17,14,9,0,18,18
HSP,9,13,3,18,15,9,0,19,19
HSP,9,14,3,20,17,9,0,22,22
HSP,9,15,4,22,18,8,0,24,24
HSP,9,16,4,22,18,8,1,27,28
HSP,9,17,6,24,18,6,2,30,32
HSP,9,18,6,24,18,7,3,31,34
HSP,9,19,6,26,20,7,4,34,38
HSP,9,20,6,27,21,9,6,35,41
HSP,9,21,6,27,21,9,6,37,43
HSP,9,22,6,28,22,9,6,39,45
HSP,9,23,6,28,22,9,6,40,46
HSP,9,24,6,28,22,9,6,44,50
HSP,9,25,7,30,23,8,6,44,50
HSP,9,26,7,30,23,8,6,46,52
HSP,9,27,7,30,23,8,9,50,59
HSP,9,28,7,32,25,8,9,52,61
HSP,9,29,7,32,25,8,9,54,63
HSP,9,30,7,33,26,9,10,58,68
HSP,9,31,7,34,27,10,11,58,69
HSP,9,32,7,35,28,11,13,60,73
HSP,9,33,7,35,28,11,13,62,75
HSP,9,34,8,37,29,10,13,63,76
HSP,9,35,8,37,29,11,14,66,80
HSP,9,36,8,39,31,11,14,71,85
HSP,9,37,8,40,32,11,15,72,87
HSP,9,38,8,40,32,11,15,72,87
HSP,9,39,9,41,32,10,15,75,90
HSP,9,40,10,42,32,9,16,75,91
HSP,9,41,10,43,33,9,16,76,92
HSP,9,42,10,43,33,11,18,80,98
HSP,9,43,10,43,33,11,18,81,99
HSP,9,44,10,43,33,11,18,81,99
HSP,9,45,10,44,34,12,19,81,100
HSP,9,46,10,44,34,13,21,83,104
HSP,9,47,10,44,34,13,21,85,106
HSP,9,48,11,46,35,12,22,86,108
HSP,9,49,11,47,36,14,24,88,112
HSP,9,50,11,48,37,14,24,89,113
HSP,9,51,11,50,39,14,24,89,113
HSP,9,52,11,51,40,14,24,91,115
HSP,9,53,11,51,40,15,26,91,117
HSP,9,54,11,51,40,15,27,92,119
HSP,9,55,11,52,41,16,28,92,120
HSP,9,56,11,52,41,17,30,93,123
HSP,9,57,11,52,41,17,30,93,123
HSP,9,58,11,52,41,17,30,93,123
HSP,9,59,11,53,42,17,30,93,123
HSP,9,60,11,53,42,17,31,94,125
HSP,9,61,11,53,42,17,32,94,126
HSP,9,62,12,54,42,18,34,94,128
HSP,9,63,12,54,42,18,36,95,131
HSP,9,64,12,54,42,19,39,97,136
HSP,9,65,12,54,42,20,40,99,139
HSP,9,66,12,55,43,20,41,99,140
HSP,9,67,12,55,43,20,42,99,141
HSP,9,68,12,56,44,20,43,100,143
HSP,9,69,12,56,44,20,44,100,144
HSP,9,70,12,56,44,20,44,100,144
HSP,9,71,12,56,44,21,45,102,147
HSP,9,72,12,57,45,21,45,102,147
HSP,9,73,12,57,45,22,46,102,148
HSP,9,74,12,57,45,22,47,102,149
HSP,9,75,12,57,45,22,48,104,152
HSP,9,76,12,58,46,22,48,106,154
HSP,9,77,12,58,46,23,50,106,156
HSP,9,78,12,58,46,23,50,107,157
HSP,9,79,12,58,46,23,50,107,157
HSP,9,80,12,58,46,23,50,110,160
HSP,9,81,12,58,46,23,50,111,161
HSP,9,82,12,58,46,23,50,112,162
HSP,9,83,12,58,46,23,55,113,168
HSP,9,84,12,58,46,23,55,114,169
HSP,9,85,12,58,46,24,56,114,170
HSP,9,86,12,58,46,24,56,115,171
HSP,9,87,12,58,46,24,56,117,173
HSP,9,88,12,58,46,24,57,119,176
HSP,9,89,12,60,48,24,57,119,176
HSP,9,90,12,60,48,24,57,121,178
HSP,9,91,13,61,48,23,57,122,179
HSP,9,92,13,61,48,23,58,123,181
HSP,9,93,13,61,48,24,60,125,185
HSP,9,94,14,62,48,23,61,125,186
HSP,9,95,14,62,48,23,62,126,188
HSP,9,96,14,62,48,23,62,126,188
HSP,9,97,14,62,48,23,63,127,190
HSP,9,98,14,62,48,23,63,128,191
HSP,9,99,14,62,48,23,63,128,191
HSP,9,100,14,62,48,23,64,128,192
HSP,9,101,14,62,48,23,64,129,193
HSP,9,102,14,62,48,23,64,132,196
HSP,9,103,14,62,48,23,65,133,198
HSP,9,104,14,62,48,23,65,133,198
HSP,9,105,14,62,48,23,67,134,201
HSP,9,106,14,62,48,23,68,134,202
HSP,9,107,14,62,48,24,70,136,206
HSP,9,108,14,62,48,24,70,138,208
HSP,9,109,14,62,48,24,70,139,209
HSP,9,110,15,63,48,23,70,140,210
HSP,9,111,15,63,48,23,70,141,211
HSP,9,112,15,63,48,23,70,141,211
HSP,9,113,15,63,48,23,71,141,212
HSP,9,114,15,63,48,23,71,141,212
HSP,9,115,15,63,48,23,71,142,213
HSP,9,116,15,64,49,23,71,142,213
HSP,9,117,15,65,50,23,72,142,214
HSP,9,118,15,65,50,23,72,143,215
HSP,9,119,15,65,50,24,74,144,218
HSP,9,120,15,65,50,24,76,145,221
HSP,9,121,15,65,50,24,76,145,221
HSP,9,122,15,65,50,24,78,145,223
HSP,9,123,15,65,50,24,78,146,224
HSP,9,124,15,65,50,24,78,146,224
HSP,9,125,15,65,50,24,79,150,229
HSP,9,126,15,65,50,25,80,151,231
HSP,9,127,15,65,50,25,81,153,234
HSP,9,128,15,65,50,25,81,154,235
HSP,9,129,15,65,50,25,81,155,236
HSP,9,130,15,65,50,25,81,155,236
HSP,9,131,15,65,50,25,83,155,238
HSP,9,132,15,65,50,25,83,156,239
HSP,9,133,15,65,50,25,85,157,242
HSP,9,134,15,65,50,25,86,157,243
HSP,9,135,15,65,50,25,87,157,244
HSP,9,136,15,65,50,25,87,158,245
HSP,9,137,15,65,50,26,88,160,248
HSP,9,138,15,65,50,26,88,161,249
HSP,9,139,15,65,50,26,88,162,250
HSP,9,140,15,65,50,26,88,162,250
HSP,9,141,15,65,50,26,89,163,252
HSP,9,142,15,65,50,26,89,165,254
HSP,9,143,15,65,50,26,91,165,256
HSP,9,144,15,65,50,26,92,166,258
HSP,9,145,15,65,50,26,92,166,258
HSP,9,146,15,65,50,26,93,166,259
HSP,9,147,15,65,50,26,93,166,259
HSP,9,148,16,66,50,25,93,166,259
HSP,9,149,16,66,50,25,93,169,262
HSP,9,150,17,67,50,24,93,170,263
HSP,9,151,17,67,50,24,93,170,263
HSP,9,152,18,68,50,23,93,171,264
HSP,9,153,18,68,50,23,94,174,268
HSP,9,154,18,68,50,23,94,175,269
HSP,9,155,18,68,50,23,94,176,270
HSP,9,156,18,68,50,23,95,177,272
HSP,9,157,18,68,50,23,95,177,272
HSP,9,158,18,68,50,23,96,178,274
HSP,9,159,18,68,50,23,96,178,274
HSP,9,160,18,68,50,23,96,178,274
HSP,9,161,18,68,50,23,96,179,275
HSP,9,162,18,68,50,23,96,180,276
HSP,9,163,18,68,50,23,96,180,276
HSP,9,164,18,68,50,25,101,180,281
HSP,9,165,18,68,50,25,101,182,283
HSP,9,166,18,68,50,25,101,183,284
HSP,9,167,18,68,50,25,101,184,285
HSP,9,168,18,68,50,25,101,185,286
HSP,9,169,18,68,50,25,101,186,287
HSP,9,170,18,68,50,25,102,188,290
HSP,9,171,18,68,50,25,103,188,291
HSP,9,172,18,68,50,25,103,188,291
HSP,9,173,18,68,50,25,103,188,291
HSP,9,174,18,68,50,25,103,190,293
HSP,9,175,18,68,50,25,103,190,293
HSP,9,176,18,69,51,25,103,193,296
HSP,9,177,18,69,51,25,104,193,297
HSP,9,178,18,69,51,25,105,193,298
HSP,9,179,19,70,51,24,105,194,299
HSP,9,180,19,70,51,24,105,196,301
HSP,9,181,19,70,51,24,105,199,304
HSP,9,182,19,70,51,24,107,199,306
HSP,9,183,19,70,51,24,107,199,306
HSP,9,184,19,70,51,24,107,199,306
HSP,9,185,19,70,51,24,107,201,308
HSP,9,186,19,70,51,24,108,201,309
HSP,9,187,19,70,51,24,108,202,310
HSP,9,188,19,70,51,24,109,203,312
HSP,9,189,19,70,51,24,109,203,312
HSP,9,190,19,70,51,24,109,204,313
HSP,9,191,19,70,51,24,109,205,314
HSP,9,192,19,70,51,24,110,205,315
HSP,9,193,19,70,51,24,111,205,316
HSP,9,194,19,70,51,24,112,205,317
HSP,9,195,19,70,51,24,112,205,317
HSP,9,196,19,70,51,25,113,206,319
HSP,9,197,19,70,51,25,113,206,319
HSP,9,198,20,71,51,24,113,207,320
HSP,9,199,20,71,51,24,113,208,321
HSP,9,200,20,71,51,24,113,208,321
HSP,9,201,20,71,51,24,114,211,325
HSP,9,202,20,71,51,24,115,211,326
HSP,9,203,20,71,51,24,115,212,327
HSP,9,204,20,71,51,25,116,213,329
HSP,9,205,20,71,51,25,116,213,329
HSP,9,206,20,71,51,25,117,213,330
HSP,9,207,20,71,51,25,117,213,330
HSP,9,208,20,71,51,25,117,216,333
HSP,9,209,20,71,51,25,118,217,335
HSP,9,210,20,71,51,25,118,217,335
HSP,9,211,20,71,51,25,118,218,336
HSP,9,212,20,71,51,25,119,218,337
HSP,9,213,20,71,51,25,119,218,337
HSP,9,214,20,71,51,25,119,218,337
HSP,9,215,20,71,51,25,120,218,338
HSP,9,216,20,71,51,25,120,218,338
HSP,9,217,20,71,51,25,120,219,339
HSP,9,218,20,71,51,25,121,220,341
HSP,9,219,20,71,51,25,122,221,343
HSP,9,220,20,71,51,26,123,222,345
HSP,9,221,20,71,51,26,123,223,346
HSP,9,222,20,71,51,26,125,223,348
HSP,9,223,20,71,51,26,126,223,349
HSP,9,224,20,71,51,26,128,224,352
HSP,9,225,20,71,51,26,128,224,352
HSP,9,226,20,71,51,26,129,224,353
HSP,9,227,20,71,51,26,129,224,353
HSP,9,228,20,71,51,26,130,224,354
HSP,9,229,20,71,51,26,130,224,354
HSP,9,230,20,71,51,26,130,225,355
HSP,9,231,20,71,51,26,130,225,355
HSP,9,232,20,71,51,26,131,225,356
HSP,9,233,20,71,51,26,131,226,357
HSP,9,234,20,71,51,26,131,226,357
HSP,9,235,20,71,51,26,131,226,357
HSP,9,236,20,71,51,26,132,227,359
HSP,9,237,20,71,51,26,132,227,359
HSP,9,238,20,71,51,26,132,227,359
HSP,9,239,20,71,51,26,132,227,359
HSP,9,240,20,71,51,26,132,227,359
HSP,9,241,20,71,51,26,132,227,359
HSP,9,242,20,71,51,26,133,228,361
HSP,9,243,20,71,51,26,134,229,363
HSP,9,244,20,71,51,26,135,230,365
HSP,9,245,20,71,51,26,135,233,368
HSP,9,246,20,71,51,27,137,233,370
HSP,9,247,20,71,51,27,138,235,373
HSP,9,248,20,71,51,27,138,236,374
HSP,9,249,20,71,51,27,140,236,376
HSP,9,250,20,71,51,27,140,237,377
HSP,9,251,20,71,51,27,140,238,378
HSP,9,252,20,71,51,27,141,238,379
HSP,9,253,20,71,51,27,142,238,380
HSP,9,254,20,71,51,27,143,240,383
HSP,9,255,20,71,51,27,144,240,384
HSP,9,256,20,71,51,27,144,240,384
HSP,9,257,20,71,51,27,144,241,385
HSP,9,258,20,71,51,27,144,242,386
HSP,9,259,20,71,51,27,145,242,387
HSP,9,260,20,71,51,27,145,243,388
HSP,9,261,20,71,51,27,145,243,388
HSP,9,262,21,72,51,26,145,244,389
HSP,9,263,21,72,51,26,145,244,389
HSP,9,264,21,72,51,26,145,244,389
HSP,9,265,21,72,51,26,145,245,390
HSP,9,266,21,72,51,26,147,246,393
HSP,9,267,21,72,51,26,147,246,393
HSP,9,268,21,72,51,26,147,246,393
HSP,9,269,21,72,51,26,147,247,394
HSP,9,270,22,73,51,25,148,247,395
HSP,9,271,22,73,51,25,148,247,395
HSP,9,272,22,73,51,25,148,250,398
HSP,9,273,22,73,51,25,148,251,399
HSP,9,274,22,73,51,25,148,251,399
HSP,9,275,22,73,51,25,150,252,402
HSP,9,276,22,73,51,25,151,252,403
HSP,9,277,22,73,51,25,152,253,405
HSP,9,278,22,73,51,25,154,253,407
HSP,9,279,22,73,51,25,156,253,409
HSP,9,280,22,73,51,25,157,253,410
HSP,9,281,23,74,51,24,157,253,410
HSP,9,282,23,74,51,24,157,253,410
HSP,9,283,23,74,51,24,157,253,410
HSP,9,284,23,74,51,24,157,253,410
HSP,9,285,23,74,51,24,158,253,411
HSP,9,286,23,74,51,24,158,253,411
HSP,9,287,23,74,51,24,158,254,412
HSP,9,288,23,74,51,24,159,255,414
HSP,9,289,23,74,51,24,159,255,414
HSP,9,290,23,74,51,24,159,257,416
HSP,9,291,23,74,51,24,159,257,416
HSP,9,292,23,74,51,24,159,257,416
HSP,9,293,23,74,51,24,159,259,418
HSP,9,294,23,74,51,24,159,259,418
HSP,9,295,23,74,51,24,159,259,418
HSP,9,296,23,74,51,24,159,261,420
HSP,9,297,23,74,51,24,159,261,420
HSP,9,298,23,74,51,24,159,261,420
HSP,9,299,23,74,51,24,160,262,422
HSP,9,300,23,74,51,24,162,262,424
HSP,9,301,23,74,51,24,163,263,426
HSP,9,302,23,74,51,24,164,264,428
HSP,9,303,23,74,51,24,165,264,429
HSP,9,304,23,74,51,24,165,265,430
HSP,9,305,23,74,51,24,165,266,431
HSP,9,306,23,74,51,24,166,266,432
HSP,9,307,23,74,51,24,167,267,434
HSP,9,308,23,74,51,24,167,267,434
HSP,9,309,24,75,51,23,167,267,434
HSP,9,310,24,75,51,23,167,269,436
HSP,9,311,24,75,51,23,167,270,437
HSP,9,312,24,75,51,23,168,271,439
HSP,9,313,24,75,51,23,168,272,440
HSP,9,314,25,76,51,22,168,272,440
HSP,9,315,25,76,51,22,168,273,441
HSP,9,316,25,76,51,22,169,275,444
HSP,9,317,25,76,51,22,169,275,444
HSP,9,318,26,77,51,21,169,275,444
HSP,9,319,26,77,51,21,169,275,444
HSP,9,320,26,77,51,21,170,275,445
HSP,9,321,26,77,51,21,170,277,447
HSP,9,322,26,77,51,21,172,277,449
HSP,9,323,26,77,51,21,172,277,449
HSP,9,324,26,77,51,21,173,278,451
HSP,9,325,26,77,51,21,173,283,456
HSP,9,326,26,77,51,21,173,283,456
HSP,9,327,26,77,51,21,174,283,457
HSP,9,328,27,78,51,20,174,283,457
HSP,9,329,27,78,51,20,174,284,458
HSP,9,330,27,78,51,20,175,285,460
HSP,9,331,27,78,51,20,175,285,460
HSP,9,332,28,79,51,19,175,286,461
HSP,9,333,28,79,51,19,176,286,462
HSP,9,334,28,79,51,19,176,286,462
HSP,9,335,28,79,51,19,176,286,462
HSP,9,336,29,80,51,18,177,286,463
HSP,9,337,29,80,51,18,179,287,466
HSP,9,338,29,80,51,18,179,289,468
HSP,9,339,29,80,51,18,180,289,469
HSP,9,340,29,80,51,18,181,289,470
HSP,9,341,29,80,51,18,181,290,471
HSP,9,342,29,80,51,18,181,290,471
HSP,9,343,29,80,51,18,181,291,472
HSP,9,344,29,80,51,18,181,293,474
HSP,9,345,29,80,51,18,181,294,475
HSP,9,346,29,80,51,18,181,294,475
HSP,9,347,29,80,51,18,181,294,475
HSP,9,348,29,80,51,18,181,294,475
HSP,9,349,29,80,51,18,181,294,475
HSP,9,350,29,80,51,18,182,294,476
HSP,9,351,29,80,51,18,182,294,476
HSP,9,352,29,80,51,18,182,295,477
HSP,9,353,29,80,51,18,182,296,478
HSP,9,354,29,80,51,18,182,296,478
HSP,9,355,29,80,51,18,182,297,479
HSP,9,356,29,80,51,18,182,298,480
HSP,9,357,29,80,51,18,182,302,484
HSP,9,358,29,80,51,18,183,302,485
HSP,9,359,29,80,51,18,183,302,485
HSP,9,360,29,80,51,18,183,302,485
HSP,9,361,29,80,51,18,183,302,485
HSP,9,362,29,80,51,18,183,302,485
HSP,9,363,29,80,51,18,183,302,485
HSP,9,364,29,80,51,18,183,302,485
HSP,9,365,29,80,51,18,183,302,485
HSP,9,366,29,80,51,18,183,303,486
HSP,9,367,30,81,51,17,184,304,488
HSP,9,368,30,81,51,17,185,305,490
HSP,9,369,30,81,51,17,186,305,491
HSP,9,370,30,81,51,17,186,306,492
HSP,9,371,30,81,51,17,186,306,492
HSP,9,372,30,81,51,17,186,306,492
HSP,9,373,30,81,51,17,186,306,492
HSP,9,374,30,81,51,17,186,307,493
HSP,9,375,30,81,51,17,187,307,494
HSP,9,376,30,81,51,17,189,308,497
HSP,9,377,31,82,51,16,189,308,497
HSP,9,378,31,82,51,16,189,309,498
HSP,9,379,31,82,51,16,189,309,498
HSP,9,380,31,82,51,16,189,310,499
HSP,9,381,31,82,51,16,189,311,500
HSP,9,382,31,82,51,16,189,312,501
HSP,9,383,31,82,51,16,189,312,501
HSP,9,384,31,82,51,16,189,313,502
HSP,9,385,31,82,51,16,189,313,502
HSP,9,386,31,82,51,16,189,314,503
HSP,9,387,31,82,51,16,189,314,503
HSP,9,388,31,82,51,16,189,314,503
HSP,9,389,31,82,51,16,189,315,504
HSP,9,390,31,82,51,16,189,315,504
HSP,9,391,31,82,51,16,189,315,504
HSP,9,392,31,82,51,16,189,315,504
HSP,9,393,31,82,51,16,190,315,505
HSP,9,394,31,82,51,16,190,315,505
HSP,9,395,31,82,51,16,190,315,505
HSP,9,396,31,82,51,16,190,319,509
HSP,9,397,31,82,51,16,190,320,510
HSP,9,398,31,82,51,16,191,320,511
HSP,9,399,31,82,51,16,191,320,511
HSP,9,400,31,82,51,16,192,320,512
HSP,9,401,31,82,51,16,192,321,513
HSP,9,402,31,82,51,16,192,322,514
HSP,9,403,31,82,51,16,192,322,514
HSP,9,404,31,82,51,16,192,323,515
HSP,9,405,31,82,51,16,193,324,517
HSP,9,406,31,82,51,16,193,326,519
HSP,9,407,31,82,51,16,193,326,519
HSP,9,408,31,82,51,16,193,326,519
HSP,9,409,31,82,51,16,193,326,519
HSP,9,410,31,82,51,16,193,326,519
HSP,9,411,31,82,51,16,193,326,519
HSP,9,412,31,82,51,16,193,327,520
HSP,9,413,31,82,51,16,194,327,521
HSP,9,414,31,82,51,16,194,327,521
HSP,9,415,31,82,51,16,195,328,523
HSP,9,416,31,82,51,16,196,328,524
HSP,9,417,31,82,51,16,196,329,525
HSP,9,418,31,82,51,16,196,330,526
HSP,9,419,31,82,51,16,196,331,527
HSP,9,420,31,82,51,16,196,331,527
HSP,9,421,31,82,51,16,197,331,528
HSP,9,422,31,82,51,16,198,332,530
HSP,9,423,31,82,51,16,198,332,530
HSP,9,424,31,82,51,16,198,333,531
HSP,9,425,31,82,51,16,198,333,531
HSP,9,426,31,82,51,16,198,333,531
HSP,9,427,31,82,51,16,198,333,531
HSP,9,428,31,82,51,16,198,333,531
HSP,9,429,31,82,51,16,198,333,531
HSP,9,430,31,82,51,16,199,333,532
HSP,9,431,31,82,51,16,199,333,532
HSP,9,432,31,82,51,16,200,335,535
HSP,9,433,31,82,51,16,200,335,535
HSP,9,434,31,82,51,16,200,335,535
HSP,9,435,31,82,51,16,200,335,535
HSP,9,436,31,82,51,16,201,336,537
HSP,9,437,31,82,51,16,202,336,538
HSP,9,438,31,82,51,16,202,338,540
HSP,9,439,31,82,51,16,202,338,540
HSP,9,440,31,82,51,16,202,339,541
HSP,9,441,31,82,51,16,202,341,543
HSP,9,442,31,82,51,16,202,341,543
HSP,9,443,31,82,51,16,202,342,544
HSP,9,444,31,82,51,16,202,342,544
HSP,9,445,31,82,51,16,202,342,544
HSP,9,446,31,82,51,16,202,342,544
HSP,9,447,31,82,51,16,202,343,545
HSP,9,448,31,82,51,16,202,343,545
HSP,9,449,31,82,51,16,202,344,546
HSP,9,450,31,82,51,16,203,344,547
HSP,9,451,31,82,51,16,203,345,548
HSP,9,452,31,82,51,16,204,345,549
HSP,9,453,31,82,51,16,204,345,549
HSP,9,454,31,82,51,16,204,345,549
HSP,9,455,31,82,51,16,205,345,550
HSP,9,456,31,82,51,16,205,345,550
HSP,9,457,31,82,51,16,205,346,551
HSP,9,458,31,82,51,16,206,347,553
HSP,9,459,31,82,51,16,206,349,555
HSP,9,460,31,82,51,16,207,349,556
HSP,9,461,31,82,51,16,208,349,557
HSP,9,462,31,82,51,16,208,349,557
HSP,9,463,31,82,51,16,208,349,557
HSP,9,464,31,82,51,16,208,349,557
HSP,9,465,31,82,51,16,208,349,557
HSP,9,466,31,82,51,16,209,350,559
HSP,9,467,31,82,51,16,209,350,559
HSP,9,468,31,82,51,16,209,350,559
HSP,9,469,31,82,51,16,209,351,560
HSP,9,470,31,82,51,16,210,351,561
HSP,9,471,31,82,51,16,210,351,561
HSP,9,472,32,83,51,15,210,352,562
HSP,9,473,32,83,51,15,210,353,563
HSP,9,474,32,83,51,15,210,353,563
HSP,9,475,32,83,51,15,211,353,564
HSP,9,476,32,83,51,15,211,354,565
HSP,9,477,32,83,51,15,211,355,566
HSP,9,478,32,83,51,15,212,355,567
HSP,9,479,32,83,51,15,212,356,568
HSP,9,480,32,83,51,15,212,356,568
HSP,9,481,32,83,51,15,213,356,569
HSP,9,482,32,83,51,15,213,356,569
HSP,9,483,32,83,51,15,213,356,569
HSP,9,484,32,83,51,15,213,357,570
HSP,9,485,32,83,51,15,216,357,573
HSP,9,486,32,83,51,15,216,357,573
HSP,9,487,32,83,51,15,216,357,573
HSP,9,488,32,83,51,15,216,359,575
HSP,9,489,32,83,51,15,216,359,575
HSP,9,490,32,83,51,15,216,359,575
HSP,9,491,32,83,51,15,216,359,575
HSP,9,492,32,83,51,15,216,359,575
HSP,9,493,32,83,51,15,216,359,575
HSP,9,494,32,83,51,15,216,359,575
HSP,9,495,32,83,51,15,216,359,575
HSP,9,496,32,83,51,15,216,360,576
HSP,9,497,32,83,51,15,217,360,577
HSP,9,498,32,83,51,15,217,360,577
HSP,9,499,32,83,51,15,218,360,578
RANDOM,0,0,0,3,2,7,0,0,0
RANDOM,0,1,0,5,2,7,0,2,2
RANDOM,0,2,0,6,2,7,0,3,3
RANDOM,0,3,0,7,2,7,0,3,3
RANDOM,0,4,0,7,3,7,0,3,3
RANDOM,0,5,0,10,4,7,0,3,3
RANDOM,0,6,0,12,5,7,0,3,3
RANDOM,0,7,0,13,5,7,0,6,6
RANDOM,0,8,0,13,7,7,0,8,8
RANDOM,0,9,2,16,7,5,0,9,9
RANDOM,0,10,2,16,8,5,0,11,11
RANDOM,0,11,2,17,9,6,1,13,14
RANDOM,0,12,2,18,9,6,1,15,16
RANDOM,0,13,2,19,9,6,1,15,16
RANDOM,0,14,3,20,9,5,1,18,19
RANDOM,0,15,3,22,9,5,1,21,22
RANDOM,0,16,3,23,11,5,2,21,23
RANDOM,0,17,3,23,11,5,2,23,25
RANDOM,0,18,3,23,12,6,3,27,30
RANDOM,0,19,3,23,13,6,3,30,33
RANDOM,0,20,3,24,14,7,5,32,37
RANDOM,0,21,3,24,15,7,5,34,39
RANDOM,0,22,3,24,15,7,5,34,39
RANDOM,0,23,3,26,15,7,6,34,40
RANDOM,0,24,3,26,15,7,6,37,43
RANDOM,0,25,3,26,16,7,6,38,44
RANDOM,0,26,3,28,16,8,7,40,47
RANDOM,0,27,3,28,16,9,8,44,52
RANDOM,0,28,3,29,17,9,8,46,54
RANDOM,0,29,3,30,17,9,9,48,57
RANDOM,0,30,3,30,17,9,9,53,62
RANDOM,0,31,3,32,17,10,10,53,63
RANDOM,0,32,3,32,17,10,10,56,66
RANDOM,0,33,3,32,17,10,11,57,68
RANDOM,0,34,3,32,17,11,12,62,74
RANDOM,0,35,4,33,18,10,13,64,77
RANDOM,0,36,4,33,19,10,14,67,81
RANDOM,0,37,4,33,20,10,14,67,81
RANDOM,0,38,5,34,20,10,16,69,85
RANDOM,0,39,6,35,20,9,16,73,89
RANDOM,0,40,6,36,20,9,16,74,90
RANDOM,0,41,6,37,20,9,16,76,92
RANDOM,0,42,6,38,20,9,18,79,97
RANDOM,0,43,6,39,20,9,18,81,99
RANDOM,0,44,6,39,20,9,19,83,102
RANDOM,0,45,6,39,20,9,20,84,104
RANDOM,0,46,6,39,20,9,20,84,104
RANDOM,0,47,6,40,20,9,20,84,104
RANDOM,0,48,6,40,20,9,21,85,106
RANDOM,0,49,6,41,20,9,22,87,109
RANDOM,0,50,6,41,20,10,24,88,112
RANDOM,0,51,6,41,21,10,24,90,114
RANDOM,0,52,6,41,22,10,24,91,115
RANDOM,0,53,6,42,22,10,24,93,117
RANDOM,0,54,6,42,22,10,24,93,117
RANDOM,0,55,6,42,22,11,26,95,121
RANDOM,0,56,6,42,22,11,27,97,124
RANDOM,0,57,6,42,22,11,27,97,124
RANDOM,0,58,6,42,22,13,29,99,128
RANDOM,0,59,6,43,22,13,30,99,129
RANDOM,0,60,6,43,22,13,30,100,130
RANDOM,0,61,6,44,22,13,30,102,132
RANDOM,0,62,6,44,22,13,32,102,134
RANDOM,0,63,6,44,22,14,33,102,135
RANDOM,0,64,6,44,22,14,33,104,137
RANDOM,0,65,6,44,23,14,33,104,137
RANDOM,0,66,6,45,24,14,33,106,139
RANDOM,0,67,6,45,24,14,34,110,144
RANDOM,0,68,6,45,24,14,35,111,146
RANDOM,0,69,6,45,24,14,35,113,148
RANDOM,0,70,6,45,24,15,37,114,151
RANDOM,0,71,6,45,25,15,38,117,155
RANDOM,0,72,6,45,25,16,39,118,157
RANDOM,0,73,6,45,25,16,40,119,159
RANDOM,0,74,7,46,26,15,40,120,160
RANDOM,0,75,7,49,26,15,40,121,161
RANDOM,0,76,7,49,26,16,41,122,163
RANDOM,0,77,7,49,26,16,42,123,165
RANDOM,0,78,7,49,26,16,42,124,166
RANDOM,0,79,7,50,26,16,42,126,168
RANDOM,0,80,7,51,26,16,42,126,168
RANDOM,0,81,7,51,26,16,43,126,169
RANDOM,0,82,7,51,26,17,45,127,172
RANDOM,0,83,7,51,27,18,47,128,175
RANDOM,0,84,7,51,27,18,47,130,177
RANDOM,0,85,7,52,27,18,48,130,178
RANDOM,0,86,7,52,27,18,48,131,179
RANDOM,0,87,7,52,27,18,48,133,181
RANDOM,0,88,7,52,27,18,49,134,183
RANDOM,0,89,7,52,27,18,49,134,183
RANDOM,0,90,7,52,27,18,49,137,186
RANDOM,0,91,7,53,28,18,49,139,188
RANDOM,0,92,7,53,28,18,49,139,188
RANDOM,0,93,8,54,28,18,50,143,193
RANDOM,0,94,8,54,28,18,50,147,197
RANDOM,0,95,8,54,29,19,51,147,198
RANDOM,0,96,8,54,29,19,52,149,201
RANDOM,0,97,8,55,29,19,54,151,205
RANDOM,0,98,8,55,29,19,54,153,207
RANDOM,0,99,8,55,29,20,55,154,209
RANDOM,0,100,8,55,30,20,55,154,209
RANDOM,0,101,8,55,30,20,55,155,210
RANDOM,0,102,8,55,30,20,57,156,213
RANDOM,0,103,8,55,30,20,58,156,214
RANDOM,0,104,8,55,30,20,59,156,215
RANDOM,0,105,10,58,30,18,62,158,220
RANDOM,0,106,10,58,31,18,63,158,221
RANDOM,0,107,10,59,31,19,64,158,222
RANDOM,0,108,10,59,32,19,65,158,223
RANDOM,0,109,10,60,32,20,67,159,226
RANDOM,0,110,10,60,32,20,68,159,227
RANDOM,0,111,10,60,32,20,68,159,227
RANDOM,0,112,10,60,32,20,68,159,227
RANDOM,0,113,10,60,32,20,68,159,227
RANDOM,0,114,10,60,32,20,68,161,229
RANDOM,0,115,10,60,32,20,69,162,231
RANDOM,0,116,10,60,32,20,70,165,235
RANDOM,0,117,10,60,32,20,70,165,235
RANDOM,0,118,10,60,32,21,72,166,238
RANDOM,0,119,10,61,32,22,73,167,240
RANDOM,0,120,10,62,32,22,74,168,242
RANDOM,0,121,10,62,32,22,74,168,242
RANDOM,0,122,10,63,32,22,75,168,243
RANDOM,0,123,10,63,32,22,75,169,244
RANDOM,0,124,12,66,32,20,75,170,245
RANDOM,0,125,12,66,32,20,75,170,245
RANDOM,0,126,12,66,32,20,75,172,247
RANDOM,0,127,12,66,32,20,75,172,247
RANDOM,0,128,12,66,32,20,75,173,248
RANDOM,0,129,12,66,33,20,75,173,248
RANDOM,0,130,12,66,33,20,75,173,248
RANDOM,0,131,12,66,33,21,76,177,253
RANDOM,0,132,13,67,33,20,77,178,255
RANDOM,0,133,13,67,34,20,78,180,258
RANDOM,0,134,13,67,35,20,78,182,260
RANDOM,0,135,13,69,35,20,78,182,260
RANDOM,0,136,13,69,35,20,78,182,260
RANDOM,0,137,14,70,35,19,78,182,260
RANDOM,0,138,14,70,35,19,78,184,262
RANDOM,0,139,14,70,35,19,78,184,262
RANDOM,0,140,14,70,37,19,78,184,262
RANDOM,0,141,14,70,37,20,79,184,263
RANDOM,0,142,14,70,37,20,79,184,263
RANDOM,0,143,14,70,37,21,80,184,264
RANDOM,0,144,14,70,37,21,81,186,267
RANDOM,0,145,14,70,37,22,82,188,270
RANDOM,0,146,14,70,37,22,82,189,271
RANDOM,0,147,14,71,37,22,82,190,272
RANDOM,0,148,14,71,37,22,82,191,273
RANDOM,0,149,14,71,38,22,83,192,275
RANDOM,0,150,14,71,38,22,83,192,275
RANDOM,0,151,14,71,38,22,83,196,279
RANDOM,0,152,14,72,38,22,84,196,280
RANDOM,0,153,14,72,38,22,85,197,282
RANDOM,0,154,14,72,38,22,85,197,282
RANDOM,0,155,14,72,38,22,85,197,282
RANDOM,0,156,15,73,38,22,87,197,284
RANDOM,0,157,17,75,38,20,87,197,284
RANDOM,0,158,17,75,38,20,87,197,284
RANDOM,0,159,17,75,38,20,87,197,284
RANDOM,0,160,17,75,38,20,87,198,285
RANDOM,0,161,17,75,38,20,87,198,285
RANDOM,0,162,17,75,39,20,87,198,285
RANDOM,0,163,17,75,39,20,88,201,289
RANDOM,0,164,17,75,39,20,89,201,290
RANDOM,0,165,17,75,39,20,89,201,290
RANDOM,0,166,17,75,40,20,89,202,291
RANDOM,0,167,17,75,40,20,89,203,292
RANDOM,0,168,17,75,40,20,90,203,293
RANDOM,0,169,17,75,40,20,90,204,294
RANDOM,0,170,17,75,40,20,90,205,295
RANDOM,0,171,17,75,40,20,90,205,295
RANDOM,0,172,17,75,40,20,90,206,296
RANDOM,0,173,17,75,40,20,90,207,297
RANDOM,0,174,17,75,40,20,90,210,300
RANDOM,0,175,17,75,40,20,92,210,302
RANDOM,0,176,17,75,40,20,92,210,302
RANDOM,0,177,17,75,40,20,93,210,303
RANDOM,0,178,18,76,40,19,93,211,304
RANDOM,0,179,18,76,40,19,93,212,305
RANDOM,0,180,19,77,40,18,93,212,305
RANDOM,0,181,19,77,40,18,93,213,306
RANDOM,0,182,19,77,40,18,93,215,308
RANDOM,0,183,19,77,41,18,93,215,308
RANDOM,0,184,19,77,41,18,94,215,309
RANDOM,0,185,19,77,41,18,94,216,310
RANDOM,0,186,19,77,41,18,94,216,310
RANDOM,0,187,19,77,42,18,94,218,312
RANDOM,0,188,19,77,42,18,94,219,313
RANDOM,0,189,19,77,42,18,94,220,314
RANDOM,0,190,19,77,42,18,94,220,314
RANDOM,0,191,20,78,42,17,94,221,315
RANDOM,0,192,20,78,42,17,94,221,315
RANDOM,0,193,20,78,42,17,94,223,317
RANDOM,0,194,20,78,42,17,94,223,317
RANDOM,0,195,21,79,42,16,95,223,318
RANDOM,0,196,22,80,42,15,95,224,319
RANDOM,0,197,22,80,42,15,95,225,320
RANDOM,0,198,22,80,42,15,95,225,320
RANDOM,0,199,22,80,42,15,95,226,321
RANDOM,0,200,22,80,43,16,96,226,322
RANDOM,0,201,22,80,43,16,96,226,322
RANDOM,0,202,22,80,43,16,97,228,325
RANDOM,0,203,22,80,43,16,97,228,325
RANDOM,0,204,23,81,43,15,97,230,327
RANDOM,0,205,23,81,43,16,98,231,329
RANDOM,0,206,23,81,43,16,98,233,331
RANDOM,0,207,23,81,43,16,98,234,332
RANDOM,0,208,23,81,43,16,98,234,332
RANDOM,0,209,23,81,43,16,98,234,332
RANDOM,0,210,23,81,43,16,99,234,333
RANDOM,0,211,23,81,43,16,99,235,334
RANDOM,0,212,23,81,43,16,99,236,335
RANDOM,0,213,23,81,43,16,99,237,336
RANDOM,0,214,23,81,43,16,99,238,337
RANDOM,0,215,23,81,43,16,99,239,338
RANDOM,0,216,23,81,43,16,99,240,339
RANDOM,0,217,23,81,43,16,99,240,339
RANDOM,0,218,23,81,43,16,100,240,340
RANDOM,0,219,23,81,43,16,102,240,342
RANDOM,0,220,23,81,43,16,102,240,342
RANDOM,0,221,23,81,43,16,102,241,343
RANDOM,0,222,23,81,43,16,102,241,343
RANDOM,0,223,23,81,43,16,102,241,343
RANDOM,0,224,23,81,43,16,103,241,344
RANDOM,0,225,23,81,43,16,104,241,345
RANDOM,0,226,23,81,43,16,104,241,345
RANDOM,0,227,23,81,43,16,105,241,346
RANDOM,0,228,23,81,43,17,107,242,349
RANDOM,0,229,23,81,44,17,107,242,349
RANDOM,0,230,23,81,44,17,107,243,350
RANDOM,0,231,24,82,44,16,107,246,353
RANDOM,0,232,24,82,44,16,107,246,353
RANDOM,0,233,25,83,44,15,107,246,353
RANDOM,0,234,25,83,44,15,109,246,355
RANDOM,0,235,25,83,44,15,109,246,355
RANDOM,0,236,25,83,44,15,109,246,355
RANDOM,0,237,25,83,44,15,109,246,355
RANDOM,0,238,25,83,44,15,109,246,355
RANDOM,0,239,25,83,44,15,109,246,355
RANDOM,0,240,25,83,44,15,110,246,356
RANDOM,0,241,25,83,44,15,111,249,360
RANDOM,0,242,25,83,44,15,111,249,360
RANDOM,0,243,25,83,44,15,111,249,360
RANDOM,0,244,26,84,44,14,111,250,361
RANDOM,0,245,26,84,44,14,111,250,361
RANDOM,0,246,26,84,44,14,112,250,362
RANDOM,0,247,26,84,44,14,112,250,362
RANDOM,0,248,26,84,44,14,112,251,363
RANDOM,0,249,26,84,44,14,112,253,365
RANDOM,0,250,26,84,44,14,112,253,365
RANDOM,0,251,26,84,44,14,112,253,365
RANDOM,0,252,26,84,44,14,112,253,365
RANDOM,0,253,26,84,44,14,112,255,367
RANDOM,0,254,26,84,44,14,112,255,367
RANDOM,0,255,26,84,44,14,112,255,367
RANDOM,0,256,26,84,44,14,113,255,368
RANDOM,0,257,26,84,44,14,113,256,369
RANDOM,0,258,26,84,44,14,113,256,369
RANDOM,0,259,26,84,44,14,113,256,369
RANDOM,0,260,27,85,44,13,113,256,369
RANDOM,0,261,27,85,44,13,114,256,370
RANDOM,0,262,27,85,44,13,114,256,370
RANDOM,0,263,27,85,44,13,114,256,370
RANDOM,0,264,27,85,44,13,115,257,372
RANDOM,0,265,27,85,44,13,115,259,374
RANDOM,0,266,27,85,44,13,115,259,374
RANDOM,0,267,28,86,44,12,115,259,374
RANDOM,0,268,28,86,44,12,116,260,376
RANDOM,0,269,28,86,44,12,116,261,377
RANDOM,0,270,29,87,44,11,117,262,379
RANDOM,0,271,29,87,44,11,117,263,380
RANDOM,0,272,29,87,44,11,117,263,380
RANDOM,0,273,30,88,44,10,117,263,380
RANDOM,0,274,30,88,44,10,117,263,380
RANDOM,0,275,30,88,44,10,117,263,380
RANDOM,0,276,30,88,44,10,117,263,380
RANDOM,0,277,30,88,44,10,117,263,380
RANDOM,0,278,30,88,44,10,117,265,382
RANDOM,0,279,30,88,45,10,117,265,382
RANDOM,0,280,30,88,45,10,117,266,383
RANDOM,0,281,30,88,45,10,117,266,383
RANDOM,0,282,30,88,45,10,117,267,384
RANDOM,0,283,31,89,45,9,117,268,385
RANDOM,0,284,31,89,45,9,118,268,386
RANDOM,0,285,31,89,45,9,118,268,386
RANDOM,0,286,31,89,45,9,118,268,386
RANDOM,0,287,31,89,45,9,118,269,387
RANDOM,0,288,31,89,45,9,118,269,387
RANDOM,0,289,31,89,45,9,118,269,387
RANDOM,0,290,31,89,45,9,119,269,388
RANDOM,0,291,31,89,45,9,119,269,388
RANDOM,0,292,31,89,45,9,119,269,388
RANDOM,0,293,31,89,45,9,119,270,389
RANDOM,0,294,31,89,45,9,119,271,390
RANDOM,0,295,31,89,45,9,119,271,390
RANDOM,0,296,31,89,45,9,120,273,393
RANDOM,0,297,31,89,45,9,120,273,393
RANDOM,0,298,31,89,45,9,120,273,393
RANDOM,0,299,31,89,45,9,120,274,394
RANDOM,0,300,31,89,45,9,120,274,394
RANDOM,0,301,32,90,45,8,120,274,394
RANDOM,0,302,32,90,45,8,120,274,394
RANDOM,0,303,32,90,45,8,120,275,395
RANDOM,0,304,32,90,45,8,120,275,395
RANDOM,0,305,32,90,45,8,121,275,396
RANDOM,0,306,32,90,45,8,121,276,397
RANDOM,0,307,32,90,45,8,121,276,397
RANDOM,0,308,32,90,45,8,122,276,398
RANDOM,0,309,32,90,45,8,122,276,398
RANDOM,0,310,32,90,45,8,122,276,398
RANDOM,0,311,32,90,45,8,122,276,398
RANDOM,0,312,32,90,45,8,122,276,398
RANDOM,0,313,32,90,45,8,123,276,399
RANDOM,0,314,32,90,45,8,123,277,400
RANDOM,0,315,32,90,45,8,123,277,400
RANDOM,0,316,32,90,45,8,123,277,400
RANDOM,0,317,32,90,45,8,123,277,400
RANDOM,0,318,32,90,45,8,123,277,400
RANDOM,0,319,32,90,45,8,123,277,400
RANDOM,0,320,32,90,45,8,123,277,400
RANDOM,0,321,32,90,45,8,123,277,400
RANDOM,0,322,32,90,45,8,123,277,400
RANDOM,0,323,32,90,45,8,123,277,400
RANDOM,0,324,32,90,46,8,123,277,400
RANDOM,0,325,33,91,46,7,123,277,400
RANDOM,0,326,33,91,47,7,123,277,400
RANDOM,0,327,33,91,47,7,123,277,400
RANDOM,0,328,33,91,47,7,124,279,403
RANDOM,0,329,33,91,48,7,125,279,404
RANDOM,0,330,33,91,48,7,125,279,404
RANDOM,0,331,34,92,48,6,125,279,404
RANDOM,0,332,34,92,48,6,125,279,404
RANDOM,0,333,34,92,48,6,125,279,404
RANDOM,0,334,34,92,48,6,125,279,404
RANDOM,0,335,34,92,48,6,127,279,406
RANDOM,0,336,34,92,48,6,127,279,406
RANDOM,0,337,34,92,48,6,127,280,407
RANDOM,0,338,34,92,48,6,127,280,407
RANDOM,0,339,34,92,48,6,127,280,407
RANDOM,0,340,34,92,48,6,127,280,407
RANDOM,0,341,34,92,48,6,127,280,407
RANDOM,0,342,34,92,48,6,127,280,407
RANDOM,0,343,34,92,48,6,127,280,407
RANDOM,0,344,34,92,48,6,127,280,407
RANDOM,0,345,34,92,48,6,127,281,408
RANDOM,0,346,34,92,48,6,127,281,408
RANDOM,0,347,34,92,49,6,127,281,408
RANDOM,0,348,34,92,49,6,127,281,408
RANDOM,0,349,34,92,49,6,128,281,409
RANDOM,0,350,34,92,49,6,128,282,410
RANDOM,0,351,34,92,49,6,128,282,410
RANDOM,0,352,34,92,49,6,128,282,410
RANDOM,0,353,34,92,49,6,128,282,410
RANDOM,0,354,34,92,49,6,128,282,410
RANDOM,0,355,34,92,49,6,128,282,410
RANDOM,0,356,34,92,49,6,128,283,411
RANDOM,0,357,35,93,49,5,129,283,412
RANDOM,0,358,35,93,49,5,129,284,413
RANDOM,0,359,35,93,49,5,129,284,413
RANDOM,0,360,35,93,49,5,129,284,413
RANDOM,0,361,35,93,49,5,129,284,413
RANDOM,0,362,35,93,49,5,129,284,413
RANDOM,0,363,35,93,49,5,129,284,413
RANDOM,0,364,35,93,49,5,129,284,413
RANDOM,0,365,35,93,49,5,129,284,413
RANDOM,0,366,35,93,49,5,129,284,413
RANDOM,0,367,35,93,49,5,129,284,413
RANDOM,0,368,35,93,49,5,129,284,413
RANDOM,0,369,36,94,49,4,129,286,415
RANDOM,0,370,36,94,49,4,129,286,415
RANDOM,0,371,36,94,49,4,129,286,415
RANDOM,0,372,36,95,49,4,129,286,415
RANDOM,0,373,36,95,49,4,129,286,415
RANDOM,0,374,36,95,49,4,129,286,415
RANDOM,0,375,36,95,50,4,129,286,415
RANDOM,0,376,36,95,50,4,129,286,415
RANDOM,0,377,36,95,50,4,129,286,415
RANDOM,0,378,36,95,50,4,129,286,415
RANDOM,0,379,36,95,50,4,129,286,415
RANDOM,0,380,36,95,50,4,129,286,415
RANDOM,0,381,36,95,50,4,129,286,415
RANDOM,0,382,36,95,50,4,129,286,415
RANDOM,0,383,37,96,50,3,129,286,415
RANDOM,0,384,37,96,50,3,129,286,415
RANDOM,0,385,37,96,50,3,129,286,415
RANDOM,0,386,37,96,50,3,129,286,415
RANDOM,0,387,37,96,50,3,129,287,416
RANDOM,0,388,37,96,50,3,129,287,416
RANDOM,0,389,37,96,50,3,129,287,416
RANDOM,0,390,37,96,50,3,129,287,416
RANDOM,0,391,37,96,50,3,129,287,416
RANDOM,0,392,37,96,50,3,129,287,416
RANDOM,0,393,37,96,50,3,129,287,416
RANDOM,0,394,37,96,50,3,129,287,416
RANDOM,0,395,37,96,50,3,129,287,416
RANDOM,0,396,37,96,50,3,129,288,417
RANDOM,0,397,37,96,50,3,129,288,417
RANDOM,0,398,37,96,50,3,129,289,418
RANDOM,0,399,37,96,50,3,129,289,418
RANDOM,0,400,37,96,50,3,129,289,418
RANDOM,0,401,37,96,50,3,129,289,418
RANDOM,0,402,37,97,50,3,129,289,418
RANDOM,0,403,37,97,50,3,130,289,419
RANDOM,0,404,37,97,50,3,130,289,419
RANDOM,0,405,37,97,50,3,130,289,419
RANDOM,0,406,37,97,50,3,130,289,419
RANDOM,0,407,37,97,50,3,130,289,419
RANDOM,0,408,37,97,50,3,130,290,420
RANDOM,0,409,37,97,50,3,130,290,420
RANDOM,0,410,37,97,50,3,130,290,420
RANDOM,0,411,37,97,50,3,130,290,420
RANDOM,0,412,37,97,50,3,130,290,420
RANDOM,0,413,37,97,50,3,130,290,420
RANDOM,0,414,37,97,50,3,130,290,420
RANDOM,0,415,37,97,50,3,130,290,420
RANDOM,0,416,37,97,50,3,130,290,420
RANDOM,0,417,37,97,50,3,130,290,420
RANDOM,0,418,37,97,50,3,130,290,420
RANDOM,0,419,37,97,50,3,130,290,420
RANDOM,0,420,37,97,50,3,130,290,420
RANDOM,0,421,37,97,50,3,131,290,421
RANDOM,0,422,37,97,50,3,131,290,421
RANDOM,0,423,37,97,50,3,131,290,421
RANDOM,0,424,37,97,50,3,131,291,422
RANDOM,0,425,37,97,50,3,131,291,422
RANDOM,0,426,37,97,50,3,131,291,422
RANDOM,0,427,37,97,50,3,131,291,422
RANDOM,0,428,37,97,50,3,131,291,422
RANDOM,0,429,37,97,50,3,131,291,422
RANDOM,0,430,38,98,50,2,131,291,422
RANDOM,0,431,38,98,50,2,131,291,422
RANDOM,0,432,38,98,50,2,131,291,422
RANDOM,0,433,38,98,50,2,131,291,422
RANDOM,0,434,38,98,50,2,131,291,422
RANDOM,0,435,38,98,50,2,131,291,422
RANDOM,0,436,38,98,50,2,131,291,422
RANDOM,0,437,38,98,50,2,131,291,422
RANDOM,0,438,38,98,50,2,131,291,422
RANDOM,0,439,38,98,50,2,131,291,422
RANDOM,0,440,38,98,50,2,131,292,423
RANDOM,0,441,38,98,50,2,131,292,423
RANDOM,0,442,38,98,50,2,131,292,423
RANDOM,0,443,38,98,50,2,131,292,423
RANDOM,0,444,38,98,50,2,131,292,423
RANDOM,0,445,38,98,50,2,131,292,423
RANDOM,0,446,38,98,50,2,131,292,423
RANDOM,0,447,38,98,50,2,131,292,423
RANDOM,0,448,38,98,50,2,131,292,423
RANDOM,0,449,38,98,50,2,131,292,423
RANDOM,0,450,38,98,50,2,131,292,423
RANDOM,0,451,38,98,50,2,131,292,423
RANDOM,0,452,38,98,50,2,131,292,423
RANDOM,0,453,38,98,50,2,132,292,424
RANDOM,0,454,38,98,50,2,132,292,424
RANDOM,0,455,38,98,50,2,132,292,424
RANDOM,0,456,38,98,50,2,132,292,424
RANDOM,0,457,38,98,50,2,132,292,424
RANDOM,0,458,38,98,50,2,132,292,424
RANDOM,0,459,38,98,50,2,132,292,424
RANDOM,0,460,38,98,50,2,132,292,424
RANDOM,0,461,38,98,50,2,132,292,424
RANDOM,0,462,38,98,50,2,132,292,424
RANDOM,0,463,38,98,50,2,132,292,424
RANDOM,0,464,38,98,50,2,132,292,424
RANDOM,0,465,38,98,50,2,132,292,424
RANDOM,0,466,38,98,50,2,132,292,424
RANDOM,0,467,38,98,50,2,132,292,424
RANDOM,0,468,38,98,50,2,132,293,425
RANDOM,0,469,38,98,50,2,132,293,425
RANDOM,0,470,38,98,50,2,132,293,425
RANDOM,0,471,38,98,50,2,132,293,425
RANDOM,0,472,38,98,50,2,132,293,425
RANDOM,0,473,38,98,50,2,132,293,425
RANDOM,0,474,38,98,51,2,132,293,425
RANDOM,0,475,38,98,52,2,132,293,425
RANDOM,0,476,38,98,52,2,132,293,425
RANDOM,0,477,38,98,52,2,132,294,426
RANDOM,0,478,38,98,52,2,132,294,426
RANDOM,0,479,38,98,52,2,132,294,426
RANDOM,0,480,38,98,52,2,132,294,426
RANDOM,0,481,38,98,52,2,132,294,426
RANDOM,0,482,39,99,52,1,132,294,426
RANDOM,0,483,39,99,52,1,132,294,426
RANDOM,0,484,39,99,52,1,132,294,426
RANDOM,0,485,39,99,52,1,132,294,426
RANDOM,0,486,39,99,52,1,132,294,426
RANDOM,0,487,39,99,52,1,132,294,426
RANDOM,0,488,39,99,52,1,132,294,426
RANDOM,0,489,39,99,52,1,132,294,426
RANDOM,0,490,39,99,52,1,132,294,426
RANDOM,0,491,39,99,52,1,133,294,427
RANDOM,0,492,39,99,52,1,133,294,427
RANDOM,0,493,39,99,52,1,133,294,427
RANDOM,0,494,39,99,52,1,133,294,427
RANDOM,0,495,39,99,52,1,133,294,427
RANDOM,0,496,39,99,52,1,133,294,427
RANDOM,0,497,39,99,52,1,133,294,427
RANDOM,0,498,39,99,52,1,133,294,427
RANDOM,0,499,39,99,52,1,133,294,427
RANDOM,1,0,0,3,0,17,0,1,1
RANDOM,1,1,1,5,2,16,0,2,2
RANDOM,1,2,1,9,2,16,0,3,3
RANDOM,1,3,1,13,4,16,0,4,4
RANDOM,1,4,1,15,4,16,0,7,7
RANDOM,1,5,1,15,4,16,0,7,7
RANDOM,1,6,1,16,4,16,0,8,8
RANDOM,1,7,1,18,4,16,0,9,9
RANDOM,1,8,1,20,6,16,0,10,10
RANDOM,1,9,2,22,6,15,0,11,11
RANDOM,1,10,2,23,8,15,0,14,14
RANDOM,1,11,2,24,9,15,0,16,16
RANDOM,1,12,2,25,9,15,0,19,19
RANDOM,1,13,2,26,10,15,0,20,20
RANDOM,1,14,3,27,10,14,0,22,22
RANDOM,1,15,3,28,10,14,0,27,27
RANDOM,1,16,3,28,11,14,0,28,28
RANDOM,1,17,3,29,12,14,0,31,31
RANDOM,1,18,3,30,12,14,0,33,33
RANDOM,1,19,4,32,12,13,0,35,35
RANDOM,1,20,4,32,12,13,1,35,36
RANDOM,1,21,4,33,12,14,2,39,41
RANDOM,1,22,4,34,12,14,2,45,47
RANDOM,1,23,4,34,12,14,2,46,48
RANDOM,1,24,4,34,12,14,2,46,48
RANDOM,1,25,5,36,12,13,2,48,50
RANDOM,1,26,5,36,12,15,4,50,54
RANDOM,1,27,5,36,12,17,7,54,61
RANDOM,1,28,5,36,12,17,9,54,63
RANDOM,1,29,5,36,12,17,9,56,65
RANDOM,1,30,6,37,12,16,9,60,69
RANDOM,1,31,6,37,12,16,9,60,69
RANDOM,1,32,6,39,12,16,10,61,71
RANDOM,1,33,6,39,12,16,10,63,73
RANDOM,1,34,7,40,12,15,10,64,74
RANDOM,1,35,7,40,12,15,10,66,76
RANDOM,1,36,7,41,14,15,10,69,79
RANDOM,1,37,7,42,14,17,12,70,82
RANDOM,1,38,7,42,14,17,12,74,86
RANDOM,1,39,7,42,15,17,12,76,88
RANDOM,1,40,7,42,15,17,12,79,91
RANDOM,1,41,7,42,15,17,14,82,96
RANDOM,1,42,7,42,15,17,15,83,98
RANDOM,1,43,7,42,15,18,17,83,100
RANDOM,1,44,7,44,16,19,18,83,101
RANDOM,1,45,7,44,16,19,18,84,102
RANDOM,1,46,7,46,16,19,19,85,104
RANDOM,1,47,7,46,16,19,19,86,105
RANDOM,1,48,7,46,18,19,19,88,107
RANDOM,1,49,7,46,18,19,23,89,112
RANDOM,1,50,7,47,18,19,25,91,116
RANDOM,1,51,7,47,18,19,26,93,119
RANDOM,1,52,7,47,18,20,27,94,121
RANDOM,1,53,7,47,18,20,30,94,124
RANDOM,1,54,7,49,19,21,32,97,129
RANDOM,1,55,7,50,19,22,34,97,131
RANDOM,1,56,8,51,20,21,34,98,132
RANDOM,1,57,8,51,21,21,34,99,133
RANDOM,1,58,8,52,21,22,35,100,135
RANDOM,1,59,8,52,21,22,35,101,136
RANDOM,1,60,8,52,22,22,35,101,136
RANDOM,1,61,8,52,23,22,35,101,136
RANDOM,1,62,8,53,24,22,37,104,141
RANDOM,1,63,8,53,24,22,37,105,142
RANDOM,1,64,8,54,24,22,37,105,142
RANDOM,1,65,8,54,24,22,37,108,145
RANDOM,1,66,8,54,24,22,38,109,147
RANDOM,1,67,8,55,24,22,40,109,149
RANDOM,1,68,8,55,24,22,40,110,150
RANDOM,1,69,8,55,24,22,40,112,152
RANDOM,1,70,8,55,24,22,40,114,154
RANDOM,1,71,8,55,24,22,40,115,155
RANDOM,1,72,8,55,24,22,40,116,156
RANDOM,1,73,8,55,25,22,40,117,157
RANDOM,1,74,8,55,25,22,40,119,159
RANDOM,1,75,8,55,26,22,44,120,164
RANDOM,1,76,8,55,26,22,44,122,166
RANDOM,1,77,8,55,26,22,45,122,167
RANDOM,1,78,8,55,26,23,46,123,169
RANDOM,1,79,8,55,26,23,47,123,170
RANDOM,1,80,8,56,26,23,48,125,173
RANDOM,1,81,8,56,26,24,49,125,174
RANDOM,1,82,8,57,26,24,49,126,175
RANDOM,1,83,8,57,26,24,49,129,178
RANDOM,1,84,8,57,26,24,50,130,180
RANDOM,1,85,8,57,26,24,51,131,182
RANDOM,1,86,8,57,26,24,51,133,184
RANDOM,1,87,8,57,26,24,52,133,185
RANDOM,1,88,9,58,26,23,53,134,187
RANDOM,1,89,9,58,26,23,55,134,189
RANDOM,1,90,9,58,27,23,56,134,190
RANDOM,1,91,9,58,27,23,56,134,190
RANDOM,1,92,9,58,27,24,57,136,193
RANDOM,1,93,9,59,27,24,57,136,193
RANDOM,1,94,9,59,27,24,57,136,193
RANDOM,1,95,9,59,27,24,57,137,194
RANDOM,1,96,10,60,27,23,59,138,197
RANDOM,1,97,10,61,27,23,62,141,203
RANDOM,1,98,10,61,27,23,62,141,203
RANDOM,1,99,10,61,27,24,65,141,206
RANDOM,1,100,10,61,27,24,65,142,207
RANDOM,1,101,10,61,27,24,66,144,210
RANDOM,1,102,10,62,27,24,66,145,211
RANDOM,1,103,10,62,27,24,66,147,213
RANDOM,1,104,10,62,27,24,66,147,213
RANDOM,1,105,10,62,27,24,66,147,213
RANDOM,1,106,10,62,27,24,66,148,214
RANDOM,1,107,11,63,27,23,68,148,216
RANDOM,1,108,11,63,27,23,68,150,218
RANDOM,1,109,11,63,27,23,68,151,219
RANDOM,1,110,11,63,27,23,68,153,221
RANDOM,1,111,11,63,27,23,68,155,223
RANDOM,1,112,11,63,27,23,68,155,223
RANDOM,1,113,11,63,27,23,68,157,225
RANDOM,1,114,11,63,28,23,69,159,228
RANDOM,1,115,11,63,28,24,70,161,231
RANDOM,1,116,11,63,28,24,73,161,234
RANDOM,1,117,12,64,28,23,74,161,235
RANDOM,1,118,12,64,28,23,74,161,235
RANDOM,1,119,12,64,28,23,75,162,237
RANDOM,1,120,12,65,28,23,75,163,238
RANDOM,1,121,12,65,28,23,75,164,239
RANDOM,1,122,12,66,28,23,75,166,241
RANDOM,1,123,12,66,28,23,76,168,244
RANDOM,1,124,12,66,28,23,77,169,246
RANDOM,1,125,12,66,28,23,77,171,248
RANDOM,1,126,12,66,28,23,78,172,250
RANDOM,1,127,12,66,28,23,79,172,251
RANDOM,1,128,12,66,28,23,79,173,252
RANDOM,1,129,12,66,28,23,81,173,254
RANDOM,1,130,12,66,28,23,81,173,254
RANDOM,1,131,12,66,28,23,81,174,255
RANDOM,1,132,12,66,28,23,82,176,258
RANDOM,1,133,12,66,28,23,83,176,259
RANDOM,1,134,12,66,28,23,84,178,262
RANDOM,1,135,12,66,28,23,85,179,264
RANDOM,1,136,12,66,28,23,86,181,267
RANDOM,1,137,12,66,28,23,86,181,267
RANDOM,1,138,12,66,28,23,86,182,268
RANDOM,1,139,12,66,28,23,86,182,268
RANDOM,1,140,12,66,29,23,86,184,270
RANDOM,1,141,12,67,29,23,87,185,272
RANDOM,1,142,12,67,29,23,90,185,275
RANDOM,1,143,13,68,29,22,90,185,275
RANDOM,1,144,13,68,29,22,90,186,276
RANDOM,1,145,13,68,29,23,91,187,278
RANDOM,1,146,13,68,29,23,91,188,279
RANDOM,1,147,13,68,29,24,92,189,281
RANDOM,1,148,13,68,30,24,93,190,283
RANDOM,1,149,13,68,30,24,93,190,283
RANDOM,1,150,13,68,30,24,93,190,283
RANDOM,1,151,13,68,30,24,94,190,284
RANDOM,1,152,13,68,30,24,95,190,285
RANDOM,1,153,13,68,30,24,95,190,285
RANDOM,1,154,13,68,30,24,97,192,289
RANDOM,1,155,14,69,30,23,98,192,290
RANDOM,1,156,14,69,30,23,98,193,291
RANDOM,1,157,14,69,30,23,99,193,292
RANDOM,1,158,14,69,30,23,99,193,292
RANDOM,1,159,14,69,30,23,99,193,292
RANDOM,1,160,14,69,30,23,99,196,295
RANDOM,1,161,14,69,30,23,99,196,295
RANDOM,1,162,14,69,30,23,99,196,295
RANDOM,1,163,14,69,30,23,99,196,295
RANDOM,1,164,14,69,31,24,101,198,299
RANDOM,1,165,14,69,32,24,101,200,301
RANDOM,1,166,15,70,32,23,101,200,301
RANDOM,1,167,15,70,32,23,101,202,303
RANDOM,1,168,15,71,32,23,103,203,306
RANDOM,1,169,15,71,32,24,104,203,307
RANDOM,1,170,15,71,32,24,104,204,308
RANDOM,1,171,15,71,32,24,104,205,309
RANDOM,1,172,15,71,32,24,104,206,310
RANDOM,1,173,15,71,32,24,104,206,310
RANDOM,1,174,15,71,32,24,104,206,310
RANDOM,1,175,15,71,32,24,104,207,311
RANDOM,1,176,15,71,32,24,105,209,314
RANDOM,1,177,15,71,32,24,106,209,315
RANDOM,1,178,15,71,32,24,109,210,319
RANDOM,1,179,15,71,32,24,109,211,320
RANDOM,1,180,15,71,32,24,109,211,320
RANDOM,1,181,15,71,32,24,110,211,321
RANDOM,1,182,15,71,32,24,110,211,321
RANDOM,1,183,15,71,32,24,110,212,322
RANDOM,1,184,15,71,32,24,110,213,323
RANDOM,1,185,15,71,32,24,110,214,324
RANDOM,1,186,15,71,32,24,110,214,324
RANDOM,1,187,15,71,32,24,110,214,324
RANDOM,1,188,15,71,32,24,110,215,325
RANDOM,1,189,15,71,33,24,112,217,329
RANDOM,1,190,15,71,33,24,113,219,332
RANDOM,1,191,15,71,33,24,113,219,332
RANDOM,1,192,15,71,33,24,113,219,332
RANDOM,1,193,15,71,33,24,113,221,334
RANDOM,1,194,15,71,33,24,116,222,338
RANDOM,1,195,15,71,33,24,117,223,340
RANDOM,1,196,15,71,33,24,117,223,340
RANDOM,1,197,15,71,33,24,119,223,342
RANDOM,1,198,15,71,33,24,119,223,342
RANDOM,1,199,16,72,33,23,121,223,344
RANDOM,1,200,16,72,33,23,122,223,345
RANDOM,1,201,16,72,33,23,122,224,346
RANDOM,1,202,16,72,33,23,122,224,346
RANDOM,1,203,16,72,33,23,123,224,347
RANDOM,1,204,16,72,33,23,123,224,347
RANDOM,1,205,17,73,33,22,123,224,347
RANDOM,1,206,18,74,33,21,123,226,349
RANDOM,1,207,18,74,33,21,123,226,349
RANDOM,1,208,18,74,33,21,124,227,351
RANDOM,1,209,18,74,33,21,124,228,352
RANDOM,1,210,18,74,33,21,125,229,354
RANDOM,1,211,18,74,33,21,125,229,354
RANDOM,1,212,18,74,33,21,126,229,355
RANDOM,1,213,18,74,33,21,127,229,356
RANDOM,1,214,19,75,33,20,127,229,356
RANDOM,1,215,19,75,33,20,127,229,356
RANDOM,1,216,20,76,34,19,127,229,356
RANDOM,1,217,20,76,34,19,128,231,359
RANDOM,1,218,20,76,34,19,128,231,359
RANDOM,1,219,20,76,34,19,128,231,359
RANDOM,1,220,20,76,34,19,128,232,360
RANDOM,1,221,20,76,34,19,129,233,362
RANDOM,1,222,20,76,34,19,131,234,365
RANDOM,1,223,20,76,34,19,131,234,365
RANDOM,1,224,21,77,34,18,131,234,365
RANDOM,1,225,21,77,34,18,131,234,365
RANDOM,1,226,21,77,34,18,131,235,366
RANDOM,1,227,22,78,35,17,131,235,366
RANDOM,1,228,22,78,35,17,131,235,366
RANDOM,1,229,22,78,35,17,132,235,367
RANDOM,1,230,22,78,35,17,132,235,367
RANDOM,1,231,22,78,35,17,132,235,367
RANDOM,1,232,22,78,35,17,132,235,367
RANDOM,1,233,22,79,35,17,132,235,367
RANDOM,1,234,22,79,35,18,133,236,369
RANDOM,1,235,22,79,35,18,135,236,371
RANDOM,1,236,22,79,35,18,135,236,371
RANDOM,1,237,22,79,35,18,135,236,371
RANDOM,1,238,22,79,35,18,135,236,371
RANDOM,1,239,22,79,35,18,135,237,372
RANDOM,1,240,22,79,35,18,135,237,372
RANDOM,1,241,22,79,36,18,135,238,373
RANDOM,1,242,22,79,36,18,135,240,375
RANDOM,1,243,22,79,36,18,135,240,375
RANDOM,1,244,23,80,36,17,135,242,377
RANDOM,1,245,23,80,37,17,136,242,378
RANDOM,1,246,23,80,37,17,136,243,379
RANDOM,1,247,23,80,38,17,136,243,379
RANDOM,1,248,23,80,38,17,136,243,379
RANDOM,1,249,23,80,38,17,136,243,379
RANDOM,1,250,23,80,38,17,136,244,380
RANDOM,1,251,23,80,38,17,136,244,380
RANDOM,1,252,23,80,38,17,136,246,382
RANDOM,1,253,23,80,38,17,136,246,382
RANDOM,1,254,23,80,38,17,136,246,382
RANDOM,1,255,23,80,38,17,136,247,383
RANDOM,1,256,23,80,38,17,137,247,384
RANDOM,1,257,23,80,38,17,137,248,385
RANDOM,1,258,23,80,38,17,137,248,385
RANDOM,1,259,23,81,38,17,137,248,385
RANDOM,1,260,23,81,38,17,137,250,387
RANDOM,1,261,23,81,38,17,137,250,387
RANDOM,1,262,23,81,38,17,138,251,389
RANDOM,1,263,23,81,38,17,138,252,390
RANDOM,1,264,23,81,38,17,140,252,392
RANDOM,1,265,23,81,38,17,140,255,395
RANDOM,1,266,23,81,38,17,140,255,395
RANDOM,1,267,23,81,39,17,140,256,396
RANDOM,1,268,23,81,39,17,140,258,398
RANDOM,1,269,23,81,40,17,142,258,400
RANDOM,1,270,23,81,40,17,142,258,400
RANDOM,1,271,23,81,40,17,142,258,400
RANDOM,1,272,23,81,40,17,143,258,401
RANDOM,1,273,23,81,40,17,144,258,402
RANDOM,1,274,23,81,40,17,144,258,402
RANDOM,1,275,23,81,41,17,144,258,402
RANDOM,1,276,24,82,41,16,144,258,402
RANDOM,1,277,24,82,41,16,144,258,402
RANDOM,1,278,24,82,41,16,144,260,404
RANDOM,1,279,24,82,41,16,145,261,406
RANDOM,1,280,24,82,41,16,145,263,408
RANDOM,1,281,24,82,41,16,145,263,408
RANDOM,1,282,24,82,41,16,146,263,409
RANDOM,1,283,24,82,41,16,146,263,409
RANDOM,1,284,24,82,41,16,147,263,410
RANDOM,1,285,24,82,41,16,147,263,410
RANDOM,1,286,24,82,41,16,147,263,410
RANDOM,1,287,24,82,41,16,147,263,410
RANDOM,1,288,24,82,41,16,147,263,410
RANDOM,1,289,24,82,41,16,148,266,414
RANDOM,1,290,24,82,41,17,149,267,416
RANDOM,1,291,24,82,41,17,149,269,418
RANDOM,1,292,24,82,41,17,149,269,418
RANDOM,1,293,24,82,41,17,151,269,420
RANDOM,1,294,24,82,41,17,153,269,422
RANDOM,1,295,24,82,41,17,153,269,422
RANDOM,1,296,24,82,41,17,153,269,422
RANDOM,1,297,24,82,41,17,153,269,422
RANDOM,1,298,24,82,41,17,153,269,422
RANDOM,1,299,24,82,41,17,153,270,423
RANDOM,1,300,24,82,41,17,153,270,423
RANDOM,1,301,25,83,41,16,153,271,424
RANDOM,1,302,25,83,41,16,153,271,424
RANDOM,1,303,25,83,42,16,153,272,425
RANDOM,1,304,26,84,42,15,153,274,427
RANDOM,1,305,26,84,43,15,153,274,427
RANDOM,1,306,28,86,43,13,154,274,428
RANDOM,1,307,28,86,43,13,154,274,428
RANDOM,1,308,28,86,43,13,154,274,428
RANDOM,1,309,28,86,43,13,155,275,430
RANDOM,1,310,29,87,43,12,155,276,431
RANDOM,1,311,29,87,43,12,155,276,431
RANDOM,1,312,29,87,43,12,155,276,431
RANDOM,1,313,29,87,43,12,155,276,431
RANDOM,1,314,29,87,43,12,155,276,431
RANDOM,1,315,29,87,43,12,155,276,431
RANDOM,1,316,29,87,43,12,156,277,433
RANDOM,1,317,29,87,43,12,158,277,435
RANDOM,1,318,29,87,43,12,158,278,436
RANDOM,1,319,29,87,43,12,158,278,436
RANDOM,1,320,29,87,43,12,158,279,437
RANDOM,1,321,29,87,43,12,158,279,437
RANDOM,1,322,29,87,43,12,158,280,438
RANDOM,1,323,29,87,43,12,158,281,439
RANDOM,1,324,29,87,43,12,158,281,439
RANDOM,1,325,29,87,43,12,158,281,439
RANDOM,1,326,29,87,43,12,158,281,439
RANDOM,1,327,29,87,43,12,158,281,439
RANDOM,1,328,29,87,43,12,159,281,440
RANDOM,1,329,30,88,43,11,159,281,440
RANDOM,1,330,30,88,43,11,159,281,440
RANDOM,1,331,31,89,43,10,159,281,440
RANDOM,1,332,31,89,43,10,159,281,440
RANDOM,1,333,31,89,43,10,159,281,440
RANDOM,1,334,31,89,43,10,160,281,441
RANDOM,1,335,31,89,43,10,160,281,441
RANDOM,1,336,31,89,43,10,160,282,442
RANDOM,1,337,31,89,43,10,160,283,443
RANDOM,1,338,31,89,43,10,161,283,444
RANDOM,1,339,31,89,43,10,161,283,444
RANDOM,1,340,31,89,43,10,163,283,446
RANDOM,1,341,31,89,43,10,163,283,446
RANDOM,1,342,31,89,43,10,163,283,446
RANDOM,1,343,31,89,43,10,163,283,446
RANDOM,1,344,31,89,43,10,164,284,448
RANDOM,1,345,31,89,43,10,164,285,449
RANDOM,1,346,31,89,43,10,164,285,449
RANDOM,1,347,31,89,43,10,164,285,449
RANDOM,1,348,31,89,43,10,164,285,449
RANDOM,1,349,31,89,43,10,164,285,449
RANDOM,1,350,31,89,43,10,164,285,449
RANDOM,1,351,31,89,43,10,164,285,449
RANDOM,1,352,31,89,43,10,164,285,449
RANDOM,1,353,31,89,43,10,164,285,449
RANDOM,1,354,31,89,43,11,165,285,450
RANDOM,1,355,31,89,43,11,165,286,451
RANDOM,1,356,31,89,43,11,165,286,451
RANDOM,1,357,31,89,43,11,166,288,454
RANDOM,1,358,31,89,43,11,166,288,454
RANDOM,1,359,31,89,43,11,167,288,455
RANDOM,1,360,31,89,43,11,167,288,455
RANDOM,1,361,31,89,43,11,167,289,456
RANDOM,1,362,31,89,43,11,167,290,457
RANDOM,1,363,31,89,43,11,167,290,457
RANDOM,1,364,31,89,43,11,167,290,457
RANDOM,1,365,31,89,43,11,167,290,457
RANDOM,1,366,31,89,43,11,167,290,457
RANDOM,1,367,31,89,43,11,167,290,457
RANDOM,1,368,31,89,43,11,168,290,458
RANDOM,1,369,31,89,43,11,169,290,459
RANDOM,1,370,31,89,43,11,169,290,459
RANDOM,1,371,31,89,43,11,169,290,459
RANDOM,1,372,31,89,43,11,169,290,459
RANDOM,1,373,31,89,43,11,170,290,460
RANDOM,1,374,31,89,43,11,170,290,460
RANDOM,1,375,31,89,43,11,170,290,460
RANDOM,1,376,31,89,43,11,170,290,460
RANDOM,1,377,31,89,43,11,171,290,461
RANDOM,1,378,31,89,43,11,172,290,462
RANDOM,1,379,31,89,43,11,172,291,463
RANDOM,1,380,31,89,43,11,172,291,463
RANDOM,1,381,31,89,43,11,172,291,463
RANDOM,1,382,31,89,43,11,172,291,463
RANDOM,1,383,31,89,43,11,172,291,463
RANDOM,1,384,31,89,43,11,172,291,463
RANDOM,1,385,31,89,43,11,173,291,464
RANDOM,1,386,31,89,43,11,173,291,464
RANDOM,1,387,31,89,43,11,173,291,464
RANDOM,1,388,31,89,43,11,173,291,464
RANDOM,1,389,31,89,43,11,173,291,464
RANDOM,1,390,31,89,43,11,173,291,464
RANDOM,1,391,32,90,43,10,174,291,465
RANDOM,1,392,32,90,43,10,175,291,466
RANDOM,1,393,32,90,43,10,175,291,466
RANDOM,1,394,32,90,44,10,175,293,468
RANDOM,1,395,33,91,44,9,175,293,468
RANDOM,1,396,33,91,44,9,176,293,469
RANDOM,1,397,33,91,44,9,176,293,469
RANDOM,1,398,33,91,44,9,176,293,469
RANDOM,1,399,33,91,44,9,178,293,471
RANDOM,1,400,34,92,44,8,178,293,471
RANDOM,1,401,34,92,44,8,178,293,471
RANDOM,1,402,34,92,44,8,178,293,471
RANDOM,1,403,34,92,44,8,178,293,471
RANDOM,1,404,34,92,44,8,178,293,471
RANDOM,1,405,34,92,44,8,178,293,471
RANDOM,1,406,34,92,44,8,178,293,471
RANDOM,1,407,34,92,44,8,178,295,473
RANDOM,1,408,34,92,44,8,178,295,473
RANDOM,1,409,34,92,44,8,178,295,473
RANDOM,1,410,34,92,44,8,178,295,473
RANDOM,1,411,34,92,44,8,178,295,473
RANDOM,1,412,34,92,44,8,178,295,473
RANDOM,1,413,34,92,44,8,178,295,473
RANDOM,1,414,34,92,44,8,179,295,474
RANDOM,1,415,34,92,44,8,179,295,474
RANDOM,1,416,34,92,44,8,179,295,474
RANDOM,1,417,34,92,44,8,180,295,475
RANDOM,1,418,34,92,44,8,181,295,476
RANDOM,1,419,34,92,44,8,181,295,476
RANDOM,1,420,34,92,44,8,181,295,476
RANDOM,1,421,34,92,44,8,182,295,477
RANDOM,1,422,34,92,44,8,182,295,477
RANDOM,1,423,34,92,44,8,183,296,479
RANDOM,1,424,34,92,44,8,183,296,479
RANDOM,1,425,34,92,44,8,183,296,479
RANDOM,1,426,34,92,44,8,183,296,479
RANDOM,1,427,34,92,44,8,183,296,479
RANDOM,1,428,34,92,44,8,183,296,479
RANDOM,1,429,34,92,44,8,183,296,479
RANDOM,1,430,34,92,44,8,183,296,479
RANDOM,1,431,34,92,44,8,183,296,479
RANDOM,1,432,34,92,44,8,183,296,479
RANDOM,1,433,34,92,44,8,183,296,479
RANDOM,1,434,34,92,44,8,183,297,480
RANDOM,1,435,34,92,44,8,183,297,480
RANDOM,1,436,34,92,44,8,184,297,481
RANDOM,1,437,34,92,44,8,184,297,481
RANDOM,1,438,34,92,44,8,184,297,481
RANDOM,1,439,34,92,44,8,185,297,482
RANDOM,1,440,34,92,44,8,185,297,482
RANDOM,1,441,34,92,44,8,185,297,482
RANDOM,1,442,34,92,44,8,185,297,482
RANDOM,1,443,34,92,44,8,185,298,483
RANDOM,1,444,34,92,44,8,185,298,483
RANDOM,1,445,34,92,44,8,186,298,484
RANDOM,1,446,34,92,44,8,186,298,484
RANDOM,1,447,34,92,44,8,186,298,484
RANDOM,1,448,34,92,44,8,186,298,484
RANDOM,1,449,34,92,44,8,186,298,484
RANDOM,1,450,34,92,44,8,186,298,484
RANDOM,1,451,34,92,44,8,186,298,484
RANDOM,1,452,34,92,44,8,186,298,484
RANDOM,1,453,34,92,44,8,186,298,484
RANDOM,1,454,34,92,44,8,186,298,484
RANDOM,1,455,34,92,44,8,186,298,484
RANDOM,1,456,34,92,44,8,187,298,485
RANDOM,1,457,34,92,44,8,188,298,486
RANDOM,1,458,34,92,44,8,188,298,486
RANDOM,1,459,34,92,44,8,188,298,486
RANDOM,1,460,34,92,44,8,188,299,487
RANDOM,1,461,35,93,44,7,188,299,487
RANDOM,1,462,35,93,44,7,188,299,487
RANDOM,1,463,35,93,44,7,188,299,487
RANDOM,1,464,35,93,44,7,188,299,487
RANDOM,1,465,35,93,44,7,189,299,488
RANDOM,1,466,35,93,44,7,189,299,488
RANDOM,1,467,35,93,44,7,189,299,488
RANDOM,1,468,35,93,44,7,189,299,488
RANDOM,1,469,35,93,44,7,189,299,488
RANDOM,1,470,35,93,44,7,189,300,489
RANDOM,1,471,35,93,44,7,189,300,489
RANDOM,1,472,35,93,44,7,189,300,489
RANDOM,1,473,35,93,44,7,189,300,489
RANDOM,1,474,36,94,44,6,190,300,490
RANDOM,1,475,36,94,44,6,190,300,490
RANDOM,1,476,36,94,44,6,190,300,490
RANDOM,1,477,36,94,44,6,190,300,490
RANDOM,1,478,36,94,44,6,191,300,491
RANDOM,1,479,36,94,44,6,191,300,491
RANDOM,1,480,36,94,44,6,191,300,491
RANDOM,1,481,36,94,44,6,191,300,491
RANDOM,1,482,36,94,45,6,191,300,491
RANDOM,1,483,36,94,45,6,192,300,492
RANDOM,1,484,36,94,45,6,192,300,492
RANDOM,1,485,36,94,46,6,192,300,492
RANDOM,1,486,36,94,46,6,192,300,492
RANDOM,1,487,36,94,46,6,192,300,492
RANDOM,1,488,36,94,46,6,192,300,492
RANDOM,1,489,36,94,46,6,192,300,492
RANDOM,1,490,36,94,46,6,192,300,492
RANDOM,1,491,36,94,46,6,192,300,492
RANDOM,1,492,36,94,46,6,192,300,492
RANDOM,1,493,36,94,46,6,192,300,492
RANDOM,1,494,36,94,46,6,192,300,492
RANDOM,1,495,36,94,46,6,192,300,492
RANDOM,1,496,36,94,46,6,193,300,493
RANDOM,1,497,36,94,46,6,193,301,494
RANDOM,1,498,36,94,46,6,193,301,494
RANDOM,1,499,36,94,46,6,193,302,495
RANDOM,2,0,0,4,3,15,0,2,2
RANDOM,2,1,0,5,4,15,0,4,4
RANDOM,2,2,0,6,4,15,0,4,4
RANDOM,2,3,1,7,5,14,0,4,4
RANDOM,2,4,1,11,5,14,0,4,4
RANDOM,2,5,1,13,7,14,0,4,4
RANDOM,2,6,1,16,8,14,0,5,5
RANDOM,2,7,1,16,8,14,0,6,6
RANDOM,2,8,1,17,9,14,0,8,8
RANDOM,2,9,1,17,11,14,0,8,8
RANDOM,2,10,1,18,14,14,0,9,9
RANDOM,2,11,1,19,16,14,0,9,9
RANDOM,2,12,1,20,16,14,0,12,12
RANDOM,2,13,1,21,16,14,0,15,15
RANDOM,2,14,2,22,17,13,0,17,17
RANDOM,2,15,2,23,18,13,0,18,18
RANDOM,2,16,2,23,19,13,0,20,20
RANDOM,2,17,2,24,20,13,0,22,22
RANDOM,2,18,2,27,20,17,5,23,28
RANDOM,2,19,2,28,21,17,5,25,30
RANDOM,2,20,2,28,21,17,5,30,35
RANDOM,2,21,2,28,22,19,8,32,40
RANDOM,2,22,2,28,22,21,10,32,42
RANDOM,2,23,3,29,23,20,11,34,45
RANDOM,2,24,3,30,23,20,12,36,48
RANDOM,2,25,3,30,23,20,12,38,50
RANDOM,2,26,3,30,25,20,12,41,53
RANDOM,2,27,4,32,25,19,12,43,55
RANDOM,2,28,4,32,28,19,13,46,59
RANDOM,2,29,4,32,29,20,15,46,61
RANDOM,2,30,4,34,32,20,16,46,62
RANDOM,2,31,4,34,33,20,16,47,63
RANDOM,2,32,4,35,33,20,16,48,64
RANDOM,2,33,4,35,33,21,17,48,65
RANDOM,2,34,5,36,33,22,19,49,68
RANDOM,2,35,6,37,33,21,20,53,73
RANDOM,2,36,6,37,33,22,21,55,76
RANDOM,2,37,6,37,34,22,21,56,77
RANDOM,2,38,6,39,35,24,23,57,80
RANDOM,2,39,6,39,36,24,24,58,82
RANDOM,2,40,7,42,36,24,26,60,86
RANDOM,2,41,7,42,36,24,26,60,86
RANDOM,2,42,7,42,37,24,26,61,87
RANDOM,2,43,7,42,37,24,27,63,90
RANDOM,2,44,7,43,37,24,27,64,91
RANDOM,2,45,8,44,37,23,29,64,93
RANDOM,2,46,8,44,37,24,30,67,97
RANDOM,2,47,9,46,37,23,30,68,98
RANDOM,2,48,9,46,37,23,31,72,103
RANDOM,2,49,9,47,37,23,31,73,104
RANDOM,2,50,9,48,37,24,33,74,107
RANDOM,2,51,10,49,37,23,35,76,111
RANDOM,2,52,10,50,38,23,37,77,114
RANDOM,2,53,10,50,38,23,38,77,115
RANDOM,2,54,10,51,38,23,39,78,117
RANDOM,2,55,10,51,38,23,40,79,119
RANDOM,2,56,11,52,38,22,41,80,121
RANDOM,2,57,11,52,39,22,41,82,123
RANDOM,2,58,11,52,39,22,43,85,128
RANDOM,2,59,11,52,39,22,43,86,129
RANDOM,2,60,11,52,39,22,44,86,130
RANDOM,2,61,11,52,40,22,46,87,133
RANDOM,2,62,11,52,40,22,46,87,133
RANDOM,2,63,11,52,40,22,47,88,135
RANDOM,2,64,11,52,40,22,47,88,135
RANDOM,2,65,11,52,40,22,47,90,137
RANDOM,2,66,11,53,41,22,47,90,137
RANDOM,2,67,11,53,42,22,47,90,137
RANDOM,2,68,11,53,42,22,47,91,138
RANDOM,2,69,12,54,42,21,47,92,139
RANDOM,2,70,12,54,42,21,48,92,140
RANDOM,2,71,12,54,42,22,49,94,143
RANDOM,2,72,12,54,42,22,49,95,144
RANDOM,2,73,12,54,42,22,50,95,145
RANDOM,2,74,12,54,42,22,52,97,149
RANDOM,2,75,12,54,42,22,52,100,152
RANDOM,2,76,12,54,42,22,52,101,153
RANDOM,2,77,12,54,43,22,53,103,156
RANDOM,2,78,12,54,43,22,55,103,158
RANDOM,2,79,13,55,43,21,55,103,158
RANDOM,2,80,13,55,43,21,55,103,158
RANDOM,2,81,13,55,43,21,55,103,158
RANDOM,2,82,13,55,43,21,55,104,159
RANDOM,2,83,13,57,43,22,56,107,163
RANDOM,2,84,13,57,43,23,57,109,166
RANDOM,2,85,13,57,43,23,60,110,170
RANDOM,2,86,13,57,44,24,61,111,172
RANDOM,2,87,13,57,44,24,61,112,173
RANDOM,2,88,13,57,44,24,62,112,174
RANDOM,2,89,14,58,44,23,62,113,175
RANDOM,2,90,14,60,44,23,62,115,177
RANDOM,2,91,14,60,44,23,63,116,179
RANDOM,2,92,14,60,44,23,63,116,179
RANDOM,2,93,14,60,44,23,63,116,179
RANDOM,2,94,14,60,44,23,64,117,181
RANDOM,2,95,14,60,44,23,65,117,182
RANDOM,2,96,14,60,44,23,66,118,184
RANDOM,2,97,14,60,44,23,67,118,185
RANDOM,2,98,14,60,44,23,67,120,187
RANDOM,2,99,14,60,44,23,67,121,188
RANDOM,2,100,14,60,44,23,67,122,189
RANDOM,2,101,14,60,44,23,67,122,189
RANDOM,2,102,14,60,45,23,67,123,190
RANDOM,2,103,14,61,45,23,67,123,190
RANDOM,2,104,14,61,45,23,67,124,191
RANDOM,2,105,14,61,45,23,67,128,195
RANDOM,2,106,14,61,45,23,68,129,197
RANDOM,2,107,14,61,45,23,68,129,197
RANDOM,2,108,14,61,45,23,68,129,197
RANDOM,2,109,14,61,45,23,69,129,198
RANDOM,2,110,14,61,45,23,71,130,201
RANDOM,2,111,14,61,45,23,72,130,202
RANDOM,2,112,14,61,45,23,72,132,204
RANDOM,2,113,14,61,45,23,72,133,205
RANDOM,2,114,14,61,45,23,72,134,206
RANDOM,2,115,14,61,46,24,73,135,208
RANDOM,2,116,15,62,46,23,73,137,210
RANDOM,2,117,15,62,46,23,75,137,212
RANDOM,2,118,15,62,46,23,75,137,212
RANDOM,2,119,15,62,46,24,76,137,213
RANDOM,2,120,15,62,46,24,76,139,215
RANDOM,2,121,15,62,46,25,77,140,217
RANDOM,2,122,16,63,46,24,78,141,219
RANDOM,2,123,16,63,46,24,79,142,221
RANDOM,2,124,16,63,46,24,80,143,223
RANDOM,2,125,16,63,46,24,80,143,223
RANDOM,2,126,17,64,46,23,80,144,224
RANDOM,2,127,17,64,46,24,81,144,225
RANDOM,2,128,17,64,46,24,81,144,225
RANDOM,2,129,17,64,47,25,82,144,226
RANDOM,2,130,17,64,47,25,82,145,227
RANDOM,2,131,18,65,47,24,82,146,228
RANDOM,2,132,19,66,47,23,84,146,230
RANDOM,2,133,19,66,47,23,86,146,232
RANDOM,2,134,19,66,47,23,87,147,234
RANDOM,2,135,19,66,47,23,87,147,234
RANDOM,2,136,19,66,47,23,88,147,235
RANDOM,2,137,19,66,47,23,88,147,235
RANDOM,2,138,19,66,47,23,89,149,238
RANDOM,2,139,19,66,48,23,89,150,239
RANDOM,2,140,19,66,48,24,91,151,242
RANDOM,2,141,19,66,48,24,91,152,243
RANDOM,2,142,19,66,48,24,92,153,245
RANDOM,2,143,19,66,48,24,92,154,246
RANDOM,2,144,19,66,48,24,93,154,247
RANDOM,2,145,19,66,48,24,93,155,248
RANDOM,2,146,19,66,48,24,94,156,250
RANDOM,2,147,19,66,48,24,95,156,251
RANDOM,2,148,19,66,48,24,95,156,251
RANDOM,2,149,19,66,48,24,95,156,251
RANDOM,2,150,19,66,48,24,96,156,252
RANDOM,2,151,19,66,48,24,97,158,255
RANDOM,2,152,19,66,48,24,97,158,255
RANDOM,2,153,19,67,48,24,97,159,256
RANDOM,2,154,19,67,48,24,97,159,256
RANDOM,2,155,20,68,49,23,100,159,259
RANDOM,2,156,20,68,49,23,100,159,259
RANDOM,2,157,20,68,49,24,101,159,260
RANDOM,2,158,20,68,49,24,101,159,260
RANDOM,2,159,20,68,49,24,101,159,260
RANDOM,2,160,20,68,49,24,102,159,261
RANDOM,2,161,20,68,49,24,102,159,261
RANDOM,2,162,21,69,49,23,102,159,261
RANDOM,2,163,21,69,49,23,102,159,261
RANDOM,2,164,21,69,49,23,103,160,263
RANDOM,2,165,21,69,49,23,103,161,264
RANDOM,2,166,21,69,49,23,103,163,266
RANDOM,2,167,21,69,49,23,103,165,268
RANDOM,2,168,21,69,49,23,104,165,269
RANDOM,2,169,21,69,49,23,105,166,271
RANDOM,2,170,21,69,49,23,105,166,271
RANDOM,2,171,21,69,49,23,105,167,272
RANDOM,2,172,21,69,49,23,105,169,274
RANDOM,2,173,22,70,50,22,105,170,275
RANDOM,2,174,22,70,51,22,105,170,275
RANDOM,2,175,22,70,51,22,105,171,276
RANDOM,2,176,22,70,51,22,105,171,276
RANDOM,2,177,22,71,51,22,105,172,277
RANDOM,2,178,22,71,51,22,106,174,280
RANDOM,2,179,23,72,51,21,106,174,280
RANDOM,2,180,23,72,51,21,106,175,281
RANDOM,2,181,23,72,51,21,106,175,281
RANDOM,2,182,23,73,51,21,107,176,283
RANDOM,2,183,23,73,51,21,107,179,286
RANDOM,2,184,23,73,51,21,108,181,289
RANDOM,2,185,23,73,51,21,109,181,290
RANDOM,2,186,23,73,51,21,109,182,291
RANDOM,2,187,24,74,51,20,109,182,291
RANDOM,2,188,24,74,51,20,109,182,291
RANDOM,2,189,24,75,51,20,109,182,291
RANDOM,2,190,24,75,51,20,111,182,293
RANDOM,2,191,24,75,51,20,112,182,294
RANDOM,2,192,24,75,51,20,112,182,294
RANDOM,2,193,24,75,51,20,112,182,294
RANDOM,2,194,24,75,51,20,112,182,294
RANDOM,2,195,24,75,51,20,112,183,295
RANDOM,2,196,24,75,51,20,113,183,296
RANDOM,2,197,24,75,51,20,113,185,298
RANDOM,2,198,24,75,51,20,113,185,298
RANDOM,2,199,24,75,51,20,113,187,300
RANDOM,2,200,24,75,52,20,113,187,300
RANDOM,2,201,24,75,52,20,113,189,302
RANDOM,2,202,24,75,52,20,113,189,302
RANDOM,2,203,24,75,52,20,114,190,304
RANDOM,2,204,24,75,52,20,116,190,306
RANDOM,2,205,25,76,52,19,116,190,306
RANDOM,2,206,25,76,52,19,117,190,307
RANDOM,2,207,25,76,52,19,117,190,307
RANDOM,2,208,25,76,53,20,118,190,308
RANDOM,2,209,25,76,53,20,118,190,308
RANDOM,2,210,25,76,53,20,118,190,308
RANDOM,2,211,25,76,53,20,118,190,308
RANDOM,2,212,25,76,53,20,120,190,310
RANDOM,2,213,25,76,53,20,120,190,310
RANDOM,2,214,25,76,53,20,121,193,314
RANDOM,2,215,25,76,53,20,121,195,316
RANDOM,2,216,25,76,53,20,122,196,318
RANDOM,2,217,25,76,53,20,123,197,320
RANDOM,2,218,25,76,53,20,123,197,320
RANDOM,2,219,25,76,53,20,123,197,320
RANDOM,2,220,25,76,53,20,123,197,320
RANDOM,2,221,25,76,54,20,123,197,320
RANDOM,2,222,25,76,54,20,123,197,320
RANDOM,2,223,25,76,54,20,123,197,320
RANDOM,2,224,25,76,54,20,124,197,321
RANDOM,2,225,25,76,54,20,124,197,321
RANDOM,2,226,25,76,54,20,124,198,322
RANDOM,2,227,25,76,54,20,125,198,323
RANDOM,2,228,25,76,54,20,125,200,325
RANDOM,2,229,25,76,54,20,125,201,326
RANDOM,2,230,25,76,54,20,125,201,326
RANDOM,2,231,26,77,54,19,126,203,329
RANDOM,2,232,26,77,54,19,126,204,330
RANDOM,2,233,26,77,54,19,126,204,330
RANDOM,2,234,26,77,54,19,126,205,331
RANDOM,2,235,26,77,54,19,126,205,331
RANDOM,2,236,26,77,54,19,126,205,331
RANDOM,2,237,26,77,54,19,126,205,331
RANDOM,2,238,26,77,54,19,126,206,332
RANDOM,2,239,26,77,54,19,127,206,333
RANDOM,2,240,26,77,54,19,127,208,335
RANDOM,2,241,26,77,54,19,127,209,336
RANDOM,2,242,26,77,54,19,127,210,337
RANDOM,2,243,26,77,54,19,127,210,337
RANDOM,2,244,26,77,55,19,128,210,338
RANDOM,2,245,26,77,55,19,128,210,338
RANDOM,2,246,26,77,55,19,129,210,339
RANDOM,2,247,26,77,55,19,129,211,340
RANDOM,2,248,26,77,55,19,129,213,342
RANDOM,2,249,26,77,56,19,129,214,343
RANDOM,2,250,26,77,56,19,129,215,344
RANDOM,2,251,26,77,57,19,129,216,345
RANDOM,2,252,26,77,57,19,129,217,346
RANDOM,2,253,26,77,58,19,129,217,346
RANDOM,2,254,26,78,58,19,129,217,346
RANDOM,2,255,26,78,58,19,129,217,346
RANDOM,2,256,26,78,58,19,131,218,349
RANDOM,2,257,26,78,58,19,131,218,349
RANDOM,2,258,26,78,59,19,131,218,349
RANDOM,2,259,26,78,59,19,131,219,350
RANDOM,2,260,26,78,59,19,131,220,351
RANDOM,2,261,26,78,59,19,131,222,353
RANDOM,2,262,26,78,59,19,131,223,354
RANDOM,2,263,26,78,59,19,131,223,354
RANDOM,2,264,26,78,59,19,132,223,355
RANDOM,2,265,26,78,59,19,132,226,358
RANDOM,2,266,26,78,59,19,132,226,358
RANDOM,2,267,26,78,59,19,132,226,358
RANDOM,2,268,26,78,59,19,132,226,358
RANDOM,2,269,26,78,59,19,132,227,359
RANDOM,2,270,26,78,59,19,132,228,360
RANDOM,2,271,26,78,59,19,132,228,360
RANDOM,2,272,26,78,59,19,132,229,361
RANDOM,2,273,26,78,59,19,132,231,363
RANDOM,2,274,26,78,59,19,132,231,363
RANDOM,2,275,26,78,59,19,133,231,364
RANDOM,2,276,26,78,59,19,134,232,366
RANDOM,2,277,26,78,59,19,134,233,367
RANDOM,2,278,26,78,59,19,134,236,370
RANDOM,2,279,26,78,59,19,134,236,370
RANDOM,2,280,26,78,59,19,134,236,370
RANDOM,2,281,26,78,59,19,137,236,373
RANDOM,2,282,26,78,59,19,137,237,374
RANDOM,2,283,26,78,59,19,137,238,375
RANDOM,2,284,26,78,59,19,138,239,377
RANDOM,2,285,26,78,59,19,139,239,378
RANDOM,2,286,26,78,59,19,139,239,378
RANDOM,2,287,26,78,59,19,139,239,378
RANDOM,2,288,26,78,59,19,139,239,378
RANDOM,2,289,26,78,59,19,139,239,378
RANDOM,2,290,26,78,59,19,139,241,380
RANDOM,2,291,26,78,59,19,139,241,380
RANDOM,2,292,26,78,59,19,139,243,382
RANDOM,2,293,26,78,59,19,140,243,383
RANDOM,2,294,26,78,59,19,140,244,384
RANDOM,2,295,26,78,59,19,140,245,385
RANDOM,2,296,27,79,59,18,140,246,386
RANDOM,2,297,27,79,59,19,141,247,388
RANDOM,2,298,27,79,59,19,141,247,388
RANDOM,2,299,27,79,59,19,141,248,389
RANDOM,2,300,27,79,59,19,141,248,389
RANDOM,2,301,27,79,60,19,141,248,389
RANDOM,2,302,27,79,60,19,142,249,391
RANDOM,2,303,27,79,61,19,143,249,392
RANDOM,2,304,28,80,61,18,143,249,392
RANDOM,2,305,28,80,61,18,145,250,395
RANDOM,2,306,28,80,61,18,146,250,396
RANDOM,2,307,28,80,61,18,146,250,396
RANDOM,2,308,28,80,61,18,146,253,399
RANDOM,2,309,28,80,61,18,146,253,399
RANDOM,2,310,28,80,61,18,146,253,399
RANDOM,2,311,28,80,61,18,146,253,399
RANDOM,2,312,28,80,61,18,146,254,400
RANDOM,2,313,28,80,61,18,146,256,402
RANDOM,2,314,28,80,61,18,146,256,402
RANDOM,2,315,28,80,61,18,146,258,404
RANDOM,2,316,28,80,61,18,146,258,404
RANDOM,2,317,28,80,61,18,146,258,404
RANDOM,2,318,28,80,61,18,146,258,404
RANDOM,2,319,28,80,61,18,146,259,405
RANDOM,2,320,28,80,61,18,147,259,406
RANDOM,2,321,28,80,61,18,147,259,406
RANDOM,2,322,28,80,61,18,147,259,406
RANDOM,2,323,28,80,61,18,147,259,406
RANDOM,2,324,28,80,61,18,148,259,407
RANDOM,2,325,28,80,61,18,148,259,407
RANDOM,2,326,28,80,61,18,148,260,408
RANDOM,2,327,28,80,61,18,150,260,410
RANDOM,2,328,28,80,61,18,151,262,413
RANDOM,2,329,28,80,61,18,151,262,413
RANDOM,2,330,28,80,61,18,151,262,413
RANDOM,2,331,28,80,61,18,151,263,414
RANDOM,2,332,28,80,61,18,151,263,414
RANDOM,2,333,28,80,61,18,152,263,415
RANDOM,2,334,28,80,61,18,154,264,418
RANDOM,2,335,28,80,61,18,154,265,419
RANDOM,2,336,28,80,61,18,154,265,419
RANDOM,2,337,29,81,61,17,154,265,419
RANDOM,2,338,29,81,61,17,154,266,420
RANDOM,2,339,29,81,62,17,154,266,420
RANDOM,2,340,29,81,62,17,154,266,420
RANDOM,2,341,29,81,62,17,154,267,421
RANDOM,2,342,29,81,62,17,155,267,422
RANDOM,2,343,29,81,62,17,155,268,423
RANDOM,2,344,29,81,62,17,155,268,423
RANDOM,2,345,29,81,62,17,155,269,424
RANDOM,2,346,29,81,62,17,155,269,424
RANDOM,2,347,29,81,62,17,155,269,424
RANDOM,2,348,29,81,62,17,155,269,424
RANDOM,2,349,29,81,62,17,155,269,424
RANDOM,2,350,30,82,62,16,155,269,424
RANDOM,2,351,30,82,62,16,155,270,425
RANDOM,2,352,30,82,62,16,156,270,426
RANDOM,2,353,30,82,62,16,157,271,428
RANDOM,2,354,30,82,62,16,157,271,428
RANDOM,2,355,30,82,63,16,157,271,428
RANDOM,2,356,30,82,63,16,157,272,429
RANDOM,2,357,30,82,63,16,157,273,430
RANDOM,2,358,30,82,63,16,157,274,431
RANDOM,2,359,30,82,63,16,157,274,431
RANDOM,2,360,30,82,63,16,157,274,431
RANDOM,2,361,30,82,63,16,157,275,432
RANDOM,2,362,30,82,63,16,157,275,432
RANDOM,2,363,31,83,63,15,157,276,433
RANDOM,2,364,31,83,63,15,157,277,434
RANDOM,2,365,31,83,63,15,157,277,434
RANDOM,2,366,31,83,63,15,157,277,434
RANDOM,2,367,31,83,63,15,157,277,434
RANDOM,2,368,31,83,63,15,157,277,434
RANDOM,2,369,31,83,64,15,157,278,435
RANDOM,2,370,31,83,64,15,157,278,435
RANDOM,2,371,31,83,64,15,157,278,435
RANDOM,2,372,31,83,64,15,157,278,435
RANDOM,2,373,31,83,64,15,158,279,437
RANDOM,2,374,32,84,64,14,159,280,439
RANDOM,2,375,32,84,64,14,160,280,440
RANDOM,2,376,32,84,64,14,161,280,441
RANDOM,2,377,32,84,64,14,161,282,443
RANDOM,2,378,32,84,64,14,162,282,444
RANDOM,2,379,32,84,64,14,162,284,446
RANDOM,2,380,32,84,64,14,162,284,446
RANDOM,2,381,32,84,64,14,163,284,447
RANDOM,2,382,32,84,64,14,163,284,447
RANDOM,2,383,32,84,64,14,163,284,447
RANDOM,2,384,32,84,64,14,163,285,448
RANDOM,2,385,32,84,64,14,163,285,448
RANDOM,2,386,32,84,64,14,163,285,448
RANDOM,2,387,32,84,64,14,163,285,448
RANDOM,2,388,32,84,64,14,163,285,448
RANDOM,2,389,32,84,64,14,164,285,449
RANDOM,2,390,32,84,64,14,164,285,449
RANDOM,2,391,32,84,64,14,164,286,450
RANDOM,2,392,32,84,64,14,164,287,451
RANDOM,2,393,32,84,64,14,164,287,451
RANDOM,2,394,32,84,65,14,164,288,452
RANDOM,2,395,32,84,65,14,165,289,454
RANDOM,2,396,32,84,65,14,165,289,454
RANDOM,2,397,32,84,65,14,165,289,454
RANDOM,2,398,32,84,65,14,166,289,455
RANDOM,2,399,32,84,65,14,167,289,456
RANDOM,2,400,32,84,65,14,167,289,456
RANDOM,2,401,32,84,65,14,168,289,457
RANDOM,2,402,32,84,65,14,168,289,457
RANDOM,2,403,32,84,65,14,168,289,457
RANDOM,2,404,32,84,65,14,168,289,457
RANDOM,2,405,32,84,65,14,168,290,458
RANDOM,2,406,32,84,65,14,168,291,459
RANDOM,2,407,32,84,65,14,168,291,459
RANDOM,2,408,32,84,65,15,170,291,461
RANDOM,2,409,33,85,65,14,170,292,462
RANDOM,2,410,33,85,65,14,170,293,463
RANDOM,2,411,33,85,65,14,170,293,463
RANDOM,2,412,33,85,65,14,170,293,463
RANDOM,2,413,33,85,65,14,170,293,463
RANDOM,2,414,33,85,65,14,170,293,463
RANDOM,2,415,33,85,65,14,170,293,463
RANDOM,2,416,33,85,65,14,170,293,463
RANDOM,2,417,33,85,65,14,170,293,463
RANDOM,2,418,33,85,65,14,171,294,465
RANDOM,2,419,33,85,65,14,171,294,465
RANDOM,2,420,33,85,65,14,171,295,466
RANDOM,2,421,33,85,65,14,171,296,467
RANDOM,2,422,33,85,65,14,171,296,467
RANDOM,2,423,33,85,65,14,172,297,469
RANDOM,2,424,33,85,65,14,172,297,469
RANDOM,2,425,33,85,65,14,172,297,469
RANDOM,2,426,33,85,65,14,173,297,470
RANDOM,2,427,33,85,65,14,175,297,472
RANDOM,2,428,34,86,65,13,175,297,472
RANDOM,2,429,34,86,65,13,175,297,472
RANDOM,2,430,34,86,65,13,175,297,472
RANDOM,2,431,34,86,65,13,176,297,473
RANDOM,2,432,34,86,65,13,176,297,473
RANDOM,2,433,34,86,65,13,176,297,473
RANDOM,2,434,34,86,65,13,177,298,475
RANDOM,2,435,34,86,65,13,179,298,477
RANDOM,2,436,34,86,65,13,179,298,477
RANDOM,2,437,34,86,65,13,179,298,477
RANDOM,2,438,34,86,65,13,179,298,477
RANDOM,2,439,34,86,65,13,179,298,477
RANDOM,2,440,34,86,65,13,179,299,478
RANDOM,2,441,34,86,65,13,179,299,478
RANDOM,2,442,34,86,65,13,179,299,478
RANDOM,2,443,34,86,65,13,180,299,479
RANDOM,2,444,34,86,65,13,181,299,480
RANDOM,2,445,34,86,65,13,181,299,480
RANDOM,2,446,34,86,65,13,181,299,480
RANDOM,2,447,35,87,65,12,181,300,481
RANDOM,2,448,35,87,65,12,181,300,481
RANDOM,2,449,35,87,65,12,182,301,483
RANDOM,2,450,35,87,65,12,182,301,483
RANDOM,2,451,35,87,65,12,182,301,483
RANDOM,2,452,35,87,65,12,183,301,484
RANDOM,2,453,35,87,65,12,183,301,484
RANDOM,2,454,35,87,65,12,183,301,484
RANDOM,2,455,35,87,65,12,183,301,484
RANDOM,2,456,35,87,65,12,183,302,485
RANDOM,2,457,35,87,65,12,183,303,486
RANDOM,2,458,35,87,65,12,184,303,487
RANDOM,2,459,35,87,65,12,185,303,488
RANDOM,2,460,35,87,65,12,185,303,488
RANDOM,2,461,35,87,65,12,185,303,488
RANDOM,2,462,36,88,65,11,185,303,488
RANDOM,2,463,36,88,65,11,185,304,489
RANDOM,2,464,36,88,65,11,185,304,489
RANDOM,2,465,36,88,65,11,185,305,490
RANDOM,2,466,36,88,65,11,185,305,490
RANDOM,2,467,36,88,65,11,185,305,490
RANDOM,2,468,36,88,65,11,185,305,490
RANDOM,2,469,36,88,65,11,186,305,491
RANDOM,2,470,36,88,65,11,186,305,491
RANDOM,2,471,36,88,65,11,186,307,493
RANDOM,2,472,36,88,65,11,186,308,494
RANDOM,2,473,37,89,65,10,186,308,494
RANDOM,2,474,37,89,65,10,186,308,494
RANDOM,2,475,37,89,65,10,186,309,495
RANDOM,2,476,37,89,65,10,186,309,495
RANDOM,2,477,37,89,65,10,186,310,496
RANDOM,2,478,37,89,65,10,186,311,497
RANDOM,2,479,37,89,65,10,186,311,497
RANDOM,2,480,37,89,65,10,186,311,497
RANDOM,2,481,37,89,65,10,186,311,497
RANDOM,2,482,37,89,65,10,186,311,497
RANDOM,2,483,37,89,65,10,186,311,497
RANDOM,2,484,37,89,65,10,186,311,497
RANDOM,2,485,37,89,65,10,186,311,497
RANDOM,2,486,37,89,65,10,187,311,498
RANDOM,2,487,37,89,65,10,187,311,498
RANDOM,2,488,37,89,65,10,187,311,498
RANDOM,2,489,37,89,65,10,187,311,498
RANDOM,2,490,37,89,65,10,187,311,498
RANDOM,2,491,37,89,65,10,188,313,501
RANDOM,2,492,37,89,65,10,188,313,501
RANDOM,2,493,37,89,65,10,188,313,501
RANDOM,2,494,37,89,65,10,188,313,501
RANDOM,2,495,37,89,65,10,189,313,502
RANDOM,2,496,37,89,65,10,189,313,502
RANDOM,2,497,37,89,65,10,189,315,504
RANDOM,2,498,37,89,65,10,189,315,504
RANDOM,2,499,37,89,65,10,189,315,504
RANDOM,3,0,0,0,2,12,0,1,1
RANDOM,3,1,1,1,3,11,0,3,3
RANDOM,3,2,1,1,4,11,0,3,3
RANDOM,3,3,1,2,5,11,0,5,5
RANDOM,3,4,2,3,5,10,0,5,5
RANDOM,3,5,2,3,5,10,0,8,8
RANDOM,3,6,2,4,6,10,0,9,9
RANDOM,3,7,3,5,7,9,0,10,10
RANDOM,3,8,3,8,9,9,0,12,12
RANDOM,3,9,3,8,10,9,0,13,13
RANDOM,3,10,3,9,14,9,0,16,16
RANDOM,3,11,3,13,14,9,0,17,17
RANDOM,3,12,4,17,16,8,1,22,23
RANDOM,3,13,4,19,17,8,1,23,24
RANDOM,3,14,4,20,19,8,1,26,27
RANDOM,3,15,4,21,20,8,2,28,30
RANDOM,3,16,4,22,22,8,2,33,35
RANDOM,3,17,4,22,24,9,3,35,38
RANDOM,3,18,4,22,24,9,3,37,40
RANDOM,3,19,4,22,26,9,4,37,41
RANDOM,3,20,4,23,26,9,4,40,44
RANDOM,3,21,4,24,28,9,4,41,45
RANDOM,3,22,4,25,28,9,4,44,48
RANDOM,3,23,4,26,29,9,4,45,49
RANDOM,3,24,4,26,29,9,4,52,56
RANDOM,3,25,4,26,29,9,4,54,58
RANDOM,3,26,4,26,31,9,5,58,63
RANDOM,3,27,4,27,31,10,6,58,64
RANDOM,3,28,4,27,31,10,7,60,67
RANDOM,3,29,5,28,32,10,8,64,72
RANDOM,3,30,6,30,33,9,8,65,73
RANDOM,3,31,6,30,34,11,10,67,77
RANDOM,3,32,7,31,34,10,11,70,81
RANDOM,3,33,7,32,35,10,11,72,83
RANDOM,3,34,7,33,35,11,12,73,85
RANDOM,3,35,7,34,35,11,13,75,88
RANDOM,3,36,7,36,35,11,14,75,89
RANDOM,3,37,7,37,35,12,15,78,93
RANDOM,3,38,7,37,35,12,15,79,94
RANDOM,3,39,7,37,35,12,16,81,97
RANDOM,3,40,7,37,35,13,17,82,99
RANDOM,3,41,7,37,35,13,19,83,102
RANDOM,3,42,7,37,36,13,19,85,104
RANDOM,3,43,7,37,36,13,19,87,106
RANDOM,3,44,7,37,36,16,22,90,112
RANDOM,3,45,7,37,36,16,22,91,113
RANDOM,3,46,7,37,36,16,25,93,118
RANDOM,3,47,7,37,36,16,25,94,119
RANDOM,3,48,7,37,37,16,27,94,121
RANDOM,3,49,7,37,37,17,28,95,123
RANDOM,3,50,7,37,37,17,29,96,125
RANDOM,3,51,7,39,37,17,29,98,127
RANDOM,3,52,7,40,39,17,29,100,129
RANDOM,3,53,7,40,39,17,29,102,131
RANDOM,3,54,7,41,39,17,30,103,133
RANDOM,3,55,8,42,39,16,30,106,136
RANDOM,3,56,8,42,39,16,30,108,138
RANDOM,3,57,9,43,40,15,30,110,140
RANDOM,3,58,9,43,40,15,31,111,142
RANDOM,3,59,9,43,40,15,31,111,142
RANDOM,3,60,9,44,40,15,33,111,144
RANDOM,3,61,9,44,41,16,34,114,148
RANDOM,3,62,9,44,43,16,34,115,149
RANDOM,3,63,9,45,44,16,35,117,152
RANDOM,3,64,9,45,45,16,36,119,155
RANDOM,3,65,10,46,45,15,37,120,157
RANDOM,3,66,10,47,45,15,37,122,159
RANDOM,3,67,10,48,45,15,38,122,160
RANDOM,3,68,10,49,45,15,38,122,160
RANDOM,3,69,10,49,45,15,41,123,164
RANDOM,3,70,10,49,45,16,42,124,166
RANDOM,3,71,10,49,45,16,43,125,168
RANDOM,3,72,10,49,46,17,46,125,171
RANDOM,3,73,10,49,46,17,46,126,172
RANDOM,3,74,10,49,46,17,47,126,173
RANDOM,3,75,10,50,46,17,47,128,175
RANDOM,3,76,10,50,46,17,47,129,176
RANDOM,3,77,10,50,46,17,48,131,179
RANDOM,3,78,10,50,46,17,48,133,181
RANDOM,3,79,11,51,46,16,48,133,181
RANDOM,3,80,11,51,46,16,48,133,181
RANDOM,3,81,11,51,46,16,48,134,182
RANDOM,3,82,11,51,46,16,49,135,184
RANDOM,3,83,11,51,46,16,49,136,185
RANDOM,3,84,11,51,47,16,49,137,186
RANDOM,3,85,11,51,47,17,50,139,189
RANDOM,3,86,11,51,47,17,50,140,190
RANDOM,3,87,11,51,47,17,52,140,192
RANDOM,3,88,11,52,48,18,55,140,195
RANDOM,3,89,11,52,48,18,56,141,197
RANDOM,3,90,11,52,48,18,56,142,198
RANDOM,3,91,11,52,48,19,57,145,202
RANDOM,3,92,12,53,48,18,58,146,204
RANDOM,3,93,12,53,48,18,59,146,205
RANDOM,3,94,12,53,48,19,61,147,208
RANDOM,3,95,12,53,48,19,62,147,209
RANDOM,3,96,12,53,48,19,62,149,211
RANDOM,3,97,12,53,48,19,62,150,212
RANDOM,3,98,12,53,48,20,63,151,214
RANDOM,3,99,12,54,49,20,63,152,215
RANDOM,3,100,12,55,49,20,63,152,215
RANDOM,3,101,12,55,50,20,63,153,216
RANDOM,3,102,12,55,50,20,64,154,218
RANDOM,3,103,12,56,50,20,65,156,221
RANDOM,3,104,13,57,50,19,66,156,222
RANDOM,3,105,13,57,51,19,66,157,223
RANDOM,3,106,13,57,51,19,66,158,224
RANDOM,3,107,13,57,52,19,66,159,225
RANDOM,3,108,14,58,53,18,67,162,229
RANDOM,3,109,14,58,53,18,67,162,229
RANDOM,3,110,15,59,53,18,69,164,233
RANDOM,3,111,15,59,53,18,70,164,234
RANDOM,3,112,15,59,53,18,70,164,234
RANDOM,3,113,15,59,53,18,70,166,236
RANDOM,3,114,16,60,53,17,71,166,237
RANDOM,3,115,16,60,54,17,71,168,239
RANDOM,3,116,16,60,54,17,71,171,242
RANDOM,3,117,16,60,54,17,71,171,242
RANDOM,3,118,17,61,54,16,72,171,243
RANDOM,3,119,18,62,55,15,73,173,246
RANDOM,3,120,18,62,55,15,73,175,248
RANDOM,3,121,18,62,55,15,73,177,250
RANDOM,3,122,18,63,55,15,73,177,250
RANDOM,3,123,18,63,55,15,74,179,253
RANDOM,3,124,18,63,56,15,74,180,254
RANDOM,3,125,18,64,56,15,74,185,259
RANDOM,3,126,18,64,56,15,74,185,259
RANDOM,3,127,18,64,56,15,75,186,261
RANDOM,3,128,18,64,57,15,75,186,261
RANDOM,3,129,18,64,58,16,77,186,263
RANDOM,3,130,18,64,59,16,77,187,264
RANDOM,3,131,18,64,59,16,77,188,265
RANDOM,3,132,20,66,59,14,77,188,265
RANDOM,3,133,20,66,59,14,77,188,265
RANDOM,3,134,21,67,59,13,78,188,266
RANDOM,3,135,21,68,59,14,79,190,269
RANDOM,3,136,21,68,60,14,80,190,270
RANDOM,3,137,21,68,61,14,80,192,272
RANDOM,3,138,21,69,61,15,81,193,274
RANDOM,3,139,22,70,61,14,82,194,276
RANDOM,3,140,22,70,61,14,82,196,278
RANDOM,3,141,22,70,61,14,83,196,279
RANDOM,3,142,22,70,61,14,84,197,281
RANDOM,3,143,22,71,61,14,85,198,283
RANDOM,3,144,22,71,61,14,86,198,284
RANDOM,3,145,22,71,62,14,86,198,284
RANDOM,3,146,23,74,62,13,86,198,284
RANDOM,3,147,23,74,62,13,86,199,285
RANDOM,3,148,24,76,62,12,86,200,286
RANDOM,3,149,24,77,62,12,86,200,286
RANDOM,3,150,24,77,62,12,86,202,288
RANDOM,3,151,24,77,62,12,86,203,289
RANDOM,3,152,24,77,62,12,86,203,289
RANDOM,3,153,24,77,62,12,86,203,289
RANDOM,3,154,24,77,62,12,86,204,290
RANDOM,3,155,24,77,62,12,86,204,290
RANDOM,3,156,24,77,62,12,86,204,290
RANDOM,3,157,24,77,62,12,86,205,291
RANDOM,3,158,24,77,62,12,86,205,291
RANDOM,3,159,24,77,62,12,86,205,291
RANDOM,3,160,24,77,62,12,86,207,293
RANDOM,3,161,24,77,62,13,88,208,296
RANDOM,3,162,24,77,63,13,88,208,296
RANDOM,3,163,24,77,63,13,89,210,299
RANDOM,3,164,24,78,63,13,89,211,300
RANDOM,3,165,24,78,63,13,90,212,302
RANDOM,3,166,24,78,64,13,90,212,302
RANDOM,3,167,24,78,66,13,90,213,303
RANDOM,3,168,24,78,66,13,90,214,304
RANDOM,3,169,24,78,66,13,90,214,304
RANDOM,3,170,24,78,66,13,90,215,305
RANDOM,3,171,24,79,66,13,90,215,305
RANDOM,3,172,24,79,66,13,91,215,306
RANDOM,3,173,24,79,67,13,91,215,306
RANDOM,3,174,24,79,67,13,91,215,306
RANDOM,3,175,25,80,67,12,92,215,307
RANDOM,3,176,25,80,67,12,92,215,307
RANDOM,3,177,25,80,67,12,92,217,309
RANDOM,3,178,25,80,67,12,92,217,309
RANDOM,3,179,25,80,67,13,94,217,311
RANDOM,3,180,25,80,67,13,94,218,312
RANDOM,3,181,25,80,67,13,94,219,313
RANDOM,3,182,25,80,67,13,94,220,314
RANDOM,3,183,25,80,68,13,96,221,317
RANDOM,3,184,25,80,68,13,96,221,317
RANDOM,3,185,25,81,68,13,96,221,317
RANDOM,3,186,25,81,68,13,96,223,319
RANDOM,3,187,25,81,68,13,97,223,320
RANDOM,3,188,25,81,68,13,97,224,321
RANDOM,3,189,25,81,68,14,98,224,322
RANDOM,3,190,25,81,68,14,98,224,322
RANDOM,3,191,25,81,68,14,98,224,322
RANDOM,3,192,25,81,68,14,98,224,322
RANDOM,3,193,26,82,68,13,98,224,322
RANDOM,3,194,26,82,68,13,98,224,322
RANDOM,3,195,26,82,68,13,98,225,323
RANDOM,3,196,26,82,68,13,98,225,323
RANDOM,3,197,26,82,68,13,98,226,324
RANDOM,3,198,26,82,68,13,98,228,326
RANDOM,3,199,26,82,68,13,98,228,326
RANDOM,3,200,26,83,68,13,98,228,326
RANDOM,3,201,26,83,68,13,98,230,328
RANDOM,3,202,26,83,68,13,98,230,328
RANDOM,3,203,26,83,69,13,99,230,329
RANDOM,3,204,26,83,69,13,99,230,329
RANDOM,3,205,26,83,69,13,99,230,329
RANDOM,3,206,26,83,69,13,99,230,329
RANDOM,3,207,26,83,70,13,99,230,329
RANDOM,3,208,26,84,70,13,99,230,329
RANDOM,3,209,26,84,71,13,99,230,329
RANDOM,3,210,26,84,72,13,100,230,330
RANDOM,3,211,26,84,72,13,101,230,331
RANDOM,3,212,26,85,72,13,101,230,331
RANDOM,3,213,26,85,72,13,102,230,332
RANDOM,3,214,26,85,72,13,103,230,333
RANDOM,3,215,27,86,72,12,104,232,336
RANDOM,3,216,27,86,72,12,104,232,336
RANDOM,3,217,27,86,72,12,105,232,337
RANDOM,3,218,27,86,72,12,105,232,337
RANDOM,3,219,27,86,72,12,105,232,337
RANDOM,3,220,27,86,72,12,105,232,337
RANDOM,3,221,27,86,72,12,105,233,338
RANDOM,3,222,27,86,72,12,105,233,338
RANDOM,3,223,27,86,72,12,105,233,338
RANDOM,3,224,27,86,72,12,105,233,338
RANDOM,3,225,27,86,72,12,105,233,338
RANDOM,3,226,27,86,72,12,105,233,338
RANDOM,3,227,27,86,72,12,105,233,338
RANDOM,3,228,27,86,72,12,105,234,339
RANDOM,3,229,27,86,72,12,105,234,339
RANDOM,3,230,27,86,72,12,105,234,339
RANDOM,3,231,28,87,72,11,105,235,340
RANDOM,3,232,28,87,72,11,106,237,343
RANDOM,3,233,28,87,72,11,106,237,343
RANDOM,3,234,28,87,72,11,107,237,344
RANDOM,3,235,28,87,72,11,107,237,344
RANDOM,3,236,28,87,72,11,107,238,345
RANDOM,3,237,28,87,72,11,107,238,345
RANDOM,3,238,28,87,72,11,107,239,346
RANDOM,3,239,28,87,72,11,107,240,347
RANDOM,3,240,28,87,72,11,107,241,348
RANDOM,3,241,28,87,72,11,107,241,348
RANDOM,3,242,28,87,72,11,107,241,348
RANDOM,3,243,28,87,72,11,108,243,351
RANDOM,3,244,28,87,72,11,108,244,352
RANDOM,3,245,28,87,72,11,108,244,352
RANDOM,3,246,28,87,72,11,108,244,352
RANDOM,3,247,28,87,72,11,108,244,352
RANDOM,3,248,28,87,72,11,108,244,352
RANDOM,3,249,28,87,72,11,108,244,352
RANDOM,3,250,28,87,72,11,108,244,352
RANDOM,3,251,28,87,72,11,108,244,352
RANDOM,3,252,28,87,72,11,108,245,353
RANDOM,3,253,28,87,72,11,108,246,354
RANDOM,3,254,28,87,72,11,108,246,354
RANDOM,3,255,28,87,72,11,109,247,356
RANDOM,3,256,28,87,72,11,109,249,358
RANDOM,3,257,28,87,72,11,109,249,358
RANDOM,3,258,28,87,72,11,109,250,359
RANDOM,3,259,28,87,72,11,109,250,359
RANDOM,3,260,28,87,73,11,109,250,359
RANDOM,3,261,28,87,74,11,109,250,359
RANDOM,3,262,29,88,74,10,109,251,360
RANDOM,3,263,29,88,74,10,109,251,360
RANDOM,3,264,29,89,74,10,109,251,360
RANDOM,3,265,30,90,74,9,109,253,362
RANDOM,3,266,30,90,74,9,109,253,362
RANDOM,3,267,30,90,74,9,109,253,362
RANDOM,3,268,30,90,74,9,110,253,363
RANDOM,3,269,30,90,74,9,110,253,363
RANDOM,3,270,30,90,74,9,110,254,364
RANDOM,3,271,30,90,74,9,110,254,364
RANDOM,3,272,30,90,74,9,111,254,365
RANDOM,3,273,30,90,74,9,111,254,365
RANDOM,3,274,30,90,74,9,111,255,366
RANDOM,3,275,30,90,74,9,111,255,366
RANDOM,3,276,30,90,74,9,111,256,367
RANDOM,3,277,30,90,74,9,111,256,367
RANDOM,3,278,30,90,74,9,111,256,367
RANDOM,3,279,30,90,74,9,111,256,367
RANDOM,3,280,31,91,74,8,111,257,368
RANDOM,3,281,31,91,74,8,111,257,368
RANDOM,3,282,31,91,74,8,111,257,368
RANDOM,3,283,31,91,74,9,113,257,370
RANDOM,3,284,31,91,74,9,113,257,370
RANDOM,3,285,31,91,74,9,113,257,370
RANDOM,3,286,31,91,74,9,113,258,371
RANDOM,3,287,31,91,74,9,113,258,371
RANDOM,3,288,31,91,74,9,113,258,371
RANDOM,3,289,31,91,75,9,113,258,371
RANDOM,3,290,31,91,75,9,113,258,371
RANDOM,3,291,31,91,75,9,113,258,371
RANDOM,3,292,31,91,75,9,113,258,371
RANDOM,3,293,31,91,76,9,113,258,371
RANDOM,3,294,31,91,76,9,113,258,371
RANDOM,3,295,31,91,76,9,113,259,372
RANDOM,3,296,31,91,76,9,113,259,372
RANDOM,3,297,31,91,76,9,114,259,373
RANDOM,3,298,31,91,76,9,115,259,374
RANDOM,3,299,31,91,76,9,115,260,375
RANDOM,3,300,31,91,76,9,115,260,375
RANDOM,3,301,31,91,76,9,115,260,375
RANDOM,3,302,31,91,76,9,115,260,375
RANDOM,3,303,31,91,76,9,115,260,375
RANDOM,3,304,31,91,76,9,115,260,375
RANDOM,3,305,31,91,76,9,115,260,375
RANDOM,3,306,31,91,76,9,117,260,377
RANDOM,3,307,31,91,76,9,117,260,377
RANDOM,3,308,31,91,76,9,117,260,377
RANDOM,3,309,31,91,76,9,117,260,377
RANDOM,3,310,31,91,76,9,117,260,377
RANDOM,3,311,31,91,76,9,117,261,378
RANDOM,3,312,31,91,77,9,117,261,378
RANDOM,3,313,31,91,77,9,117,261,378
RANDOM,3,314,31,91,77,9,117,261,378
RANDOM,3,315,31,91,77,9,117,261,378
RANDOM,3,316,31,91,77,9,117,261,378
RANDOM,3,317,31,91,77,9,117,261,378
RANDOM,3,318,31,91,77,9,117,261,378
RANDOM,3,319,31,91,77,9,118,261,379
RANDOM,3,320,31,91,77,9,118,261,379
RANDOM,3,321,32,92,77,8,118,261,379
RANDOM,3,322,32,92,77,8,118,262,380
RANDOM,3,323,32,92,77,8,118,263,381
RANDOM,3,324,32,92,77,8,119,263,382
RANDOM,3,325,32,92,77,8,119,263,382
RANDOM,3,326,32,92,77,8,119,263,382
RANDOM,3,327,32,92,77,8,119,263,382
RANDOM,3,328,32,92,77,8,120,263,383
RANDOM,3,329,32,92,77,8,120,263,383
RANDOM,3,330,32,92,77,8,120,263,383
RANDOM,3,331,32,92,77,8,120,263,383
RANDOM,3,332,32,92,77,8,120,263,383
RANDOM,3,333,32,92,77,8,120,263,383
RANDOM,3,334,32,92,77,8,120,263,383
RANDOM,3,335,32,92,77,8,121,263,384
RANDOM,3,336,32,92,77,8,121,263,384
RANDOM,3,337,32,92,77,8,121,264,385
RANDOM,3,338,32,92,77,8,121,264,385
RANDOM,3,339,32,92,77,8,121,265,386
RANDOM,3,340,32,92,77,8,121,265,386
RANDOM,3,341,32,92,77,8,122,265,387
RANDOM,3,342,32,92,77,8,122,265,387
RANDOM,3,343,32,92,77,8,122,265,387
RANDOM,3,344,32,92,77,8,122,265,387
RANDOM,3,345,32,92,77,8,122,265,387
RANDOM,3,346,32,92,77,8,122,265,387
RANDOM,3,347,32,92,77,8,122,265,387
RANDOM,3,348,32,92,77,8,122,265,387
RANDOM,3,349,32,92,77,8,123,265,388
RANDOM,3,350,32,92,77,8,123,265,388
RANDOM,3,351,32,92,77,8,123,265,388
RANDOM,3,352,32,92,77,8,123,265,388
RANDOM,3,353,32,92,77,8,123,265,388
RANDOM,3,354,32,92,77,8,123,266,389
RANDOM,3,355,32,92,77,8,125,266,391
RANDOM,3,356,33,93,77,7,125,267,392
RANDOM,3,357,33,93,77,7,125,267,392
RANDOM,3,358,33,93,77,7,125,268,393
RANDOM,3,359,33,93,77,7,125,268,393
RANDOM,3,360,33,93,77,7,125,268,393
RANDOM,3,361,33,93,77,7,125,268,393
RANDOM,3,362,33,93,77,7,125,268,393
RANDOM,3,363,33,93,77,7,125,268,393
RANDOM,3,364,33,93,77,7,125,268,393
RANDOM,3,365,33,93,77,7,125,268,393
RANDOM,3,366,33,93,77,7,126,268,394
RANDOM,3,367,33,93,77,7,126,268,394
RANDOM,3,368,33,93,77,7,126,268,394
RANDOM,3,369,33,93,77,7,126,269,395
RANDOM,3,370,33,93,77,7,126,269,395
RANDOM,3,371,33,93,77,7,126,269,395
RANDOM,3,372,33,93,77,7,126,269,395
RANDOM,3,373,33,93,77,7,126,269,395
RANDOM,3,374,34,94,77,6,126,269,395
RANDOM,3,375,34,94,77,6,126,270,396
RANDOM,3,376,34,94,77,6,127,270,397
RANDOM,3,377,34,94,77,6,127,270,397
RANDOM,3,378,34,94,77,6,127,270,397
RANDOM,3,379,34,94,77,6,127,270,397
RANDOM,3,380,34,94,77,6,127,270,397
RANDOM,3,381,34,94,77,6,127,271,398
RANDOM,3,382,34,94,77,6,127,271,398
RANDOM,3,383,34,94,77,6,127,271,398
RANDOM,3,384,34,94,77,6,128,271,399
RANDOM,3,385,34,94,77,6,129,271,400
RANDOM,3,386,34,94,77,6,129,271,400
RANDOM,3,387,34,94,77,6,129,271,400
RANDOM,3,388,34,94,77,6,129,271,400
RANDOM,3,389,34,94,77,6,130,271,401
RANDOM,3,390,34,94,77,6,130,271,401
RANDOM,3,391,34,94,77,6,130,271,401
RANDOM,3,392,34,94,77,6,130,272,402
RANDOM,3,393,34,94,77,6,130,272,402
RANDOM,3,394,34,94,77,6,130,272,402
RANDOM,3,395,34,94,77,6,130,272,402
RANDOM,3,396,34,94,78,6,130,272,402
RANDOM,3,397,34,94,78,6,130,272,402
RANDOM,3,398,34,94,78,6,130,272,402
RANDOM,3,399,34,94,78,6,130,272,402
RANDOM,3,400,35,95,78,5,130,272,402
RANDOM,3,401,35,95,78,5,130,272,402
RANDOM,3,402,35,95,78,5,130,272,402
RANDOM,3,403,35,95,78,5,130,272,402
RANDOM,3,404,35,95,78,5,131,272,403
RANDOM,3,405,35,95,78,5,131,272,403
RANDOM,3,406,35,95,78,5,131,273,404
RANDOM,3,407,35,95,78,5,131,273,404
RANDOM,3,408,35,95,78,5,131,273,404
RANDOM,3,409,35,95,79,5,131,274,405
RANDOM,3,410,36,96,79,4,131,274,405
RANDOM,3,411,36,96,79,4,131,274,405
RANDOM,3,412,37,97,79,3,131,274,405
RANDOM,3,413,37,97,79,3,131,274,405
RANDOM,3,414,37,97,79,3,131,274,405
RANDOM,3,415,37,97,79,3,131,274,405
RANDOM,3,416,37,97,79,3,131,274,405
RANDOM,3,417,37,97,79,3,131,274,405
RANDOM,3,418,37,97,79,3,131,274,405
RANDOM,3,419,37,97,79,3,131,274,405
RANDOM,3,420,37,97,79,3,131,274,405
RANDOM,3,421,37,97,79,3,131,274,405
RANDOM,3,422,37,97,79,3,131,274,405
RANDOM,3,423,37,97,79,3,131,274,405
RANDOM,3,424,37,97,79,3,131,274,405
RANDOM,3,425,37,97,79,3,131,274,405
RANDOM,3,426,37,97,79,3,131,275,406
RANDOM,3,427,37,97,79,3,131,275,406
RANDOM,3,428,37,97,79,3,131,275,406
RANDOM,3,429,37,97,79,3,131,275,406
RANDOM,3,430,37,97,79,3,132,275,407
RANDOM,3,431,37,97,79,3,132,275,407
RANDOM,3,432,37,97,79,3,132,275,407
RANDOM,3,433,37,97,79,3,132,275,407
RANDOM,3,434,37,97,79,3,132,275,407
RANDOM,3,435,37,97,79,3,132,275,407
RANDOM,3,436,37,97,79,3,132,275,407
RANDOM,3,437,37,97,79,3,132,275,407
RANDOM,3,438,37,97,79,3,132,275,407
RANDOM,3,439,37,97,79,3,132,275,407
RANDOM,3,440,37,97,79,3,132,275,407
RANDOM,3,441,37,97,79,3,132,275,407
RANDOM,3,442,37,97,79,3,132,275,407
RANDOM,3,443,37,97,79,3,132,275,407
RANDOM,3,444,37,97,79,3,132,275,407
RANDOM,3,445,37,97,79,3,132,275,407
RANDOM,3,446,37,97,79,3,132,275,407
RANDOM,3,447,37,97,79,3,132,275,407
RANDOM,3,448,37,97,79,3,132,275,407
RANDOM,3,449,37,97,79,3,133,275,408
RANDOM,3,450,37,97,79,3,133,275,408
RANDOM,3,451,37,97,79,3,133,275,408
RANDOM,3,452,37,97,79,3,133,275,408
RANDOM,3,453,37,97,79,3,133,275,408
RANDOM,3,454,37,97,79,3,133,275,408
RANDOM,3,455,37,97,79,3,133,275,408
RANDOM,3,456,37,97,79,3,134,275,409
RANDOM,3,457,37,97,79,3,134,275,409
RANDOM,3,458,37,97,79,3,134,275,409
RANDOM,3,459,37,97,79,3,134,275,409
RANDOM,3,460,37,97,79,3,134,275,409
RANDOM,3,461,37,97,79,3,134,275,409
RANDOM,3,462,37,97,79,3,134,275,409
RANDOM,3,463,37,97,79,3,134,275,409
RANDOM,3,464,37,97,79,3,134,275,409
RANDOM,3,465,37,97,79,3,134,275,409
RANDOM,3,466,37,97,79,3,134,275,409
RANDOM,3,467,37,97,79,3,134,275,409
RANDOM,3,468,37,97,79,3,134,275,409
RANDOM,3,469,37,97,79,3,134,275,409
RANDOM,3,470,38,98,79,2,134,276,410
RANDOM,3,471,38,98,79,2,134,276,410
RANDOM,3,472,38,98,79,2,134,276,410
RANDOM,3,473,38,98,79,2,134,276,410
RANDOM,3,474,38,98,79,2,134,276,410
RANDOM,3,475,38,98,79,2,134,276,410
RANDOM,3,476,38,98,79,2,134,276,410
RANDOM,3,477,38,98,79,2,134,276,410
RANDOM,3,478,38,98,79,2,134,276,410
RANDOM,3,479,38,98,79,2,134,276,410
RANDOM,3,480,38,98,79,2,134,276,410
RANDOM,3,481,38,98,79,2,134,276,410
RANDOM,3,482,38,98,79,2,135,276,411
RANDOM,3,483,38,98,79,2,135,276,411
RANDOM,3,484,38,98,79,2,135,276,411
RANDOM,3,485,38,98,79,2,135,276,411
RANDOM,3,486,38,98,79,2,135,276,411
RANDOM,3,487,38,98,79,2,135,276,411
RANDOM,3,488,38,98,79,2,135,276,411
RANDOM,3,489,38,98,79,2,135,276,411
RANDOM,3,490,38,98,79,2,135,276,411
RANDOM,3,491,38,98,79,2,135,276,411
RANDOM,3,492,38,98,79,2,135,276,411
RANDOM,3,493,38,98,79,2,135,276,411
RANDOM,3,494,38,98,79,2,135,276,411
RANDOM,3,495,38,98,79,2,135,276,411
RANDOM,3,496,38,98,79,2,135,276,411
RANDOM,3,497,38,98,79,2,135,276,411
RANDOM,3,498,38,98,79,2,135,276,411
RANDOM,3,499,38,98,79,2,135,276,411
RANDOM,4,0,0,1,3,8,0,0,0
RANDOM,4,1,0,4,6,8,0,1,1
RANDOM,4,2,0,5,9,8,0,1,1
RANDOM,4,3,0,9,10,8,0,1,1
RANDOM,4,4,0,13,12,8,0,2,2
RANDOM,4,5,0,15,12,8,0,2,2
RANDOM,4,6,0,17,13,8,0,3,3
RANDOM,4,7,0,17,14,8,0,5,5
RANDOM,4,8,0,19,17,8,0,6,6
RANDOM,4,9,0,20,19,8,0,6,6
RANDOM,4,10,0,20,19,8,0,7,7
RANDOM,4,11,0,20,21,8,0,8,8
RANDOM,4,12,0,21,23,8,0,10,10
RANDOM,4,13,0,22,24,8,0,11,11
RANDOM,4,14,0,22,24,8,0,12,12
RANDOM,4,15,0,24,24,9,1,15,16
RANDOM,4,16,0,25,25,10,2,16,18
RANDOM,4,17,0,26,26,10,2,23,25
RANDOM,4,18,0,26,27,11,4,23,27
RANDOM,4,19,0,27,29,11,4,26,30
RANDOM,4,20,0,27,31,11,5,29,34
RANDOM,4,21,0,28,31,12,6,32,38
RANDOM,4,22,0,28,32,12,7,34,41
RANDOM,4,23,0,30,32,13,8,36,44
RANDOM,4,24,0,30,32,13,9,38,47
RANDOM,4,25,0,32,33,13,9,38,47
RANDOM,4,26,0,32,33,13,9,39,48
RANDOM,4,27,0,32,33,14,10,39,49
RANDOM,4,28,0,33,33,14,10,43,53
RANDOM,4,29,0,33,34,14,11,45,56
RANDOM,4,30,0,33,34,14,12,46,58
RANDOM,4,31,1,34,34,15,14,47,61
RANDOM,4,32,1,34,35,15,15,49,64
RANDOM,4,33,1,34,35,15,15,49,64
RANDOM,4,34,2,35,35,14,16,54,70
RANDOM,4,35,2,35,36,14,16,55,71
RANDOM,4,36,2,35,36,14,16,56,72
RANDOM,4,37,3,36,36,13,16,58,74
RANDOM,4,38,3,38,36,13,16,59,75
RANDOM,4,39,3,39,37,13,16,61,77
RANDOM,4,40,3,39,38,13,17,62,79
RANDOM,4,41,3,39,39,13,17,64,81
RANDOM,4,42,3,40,40,13,17,65,82
RANDOM,4,43,3,40,40,13,18,67,85
RANDOM,4,44,3,40,41,14,19,67,86
RANDOM,4,45,3,40,42,15,21,69,90
RANDOM,4,46,3,41,42,17,24,72,96
RANDOM,4,47,4,42,43,16,25,75,100
RANDOM,4,48,5,43,44,15,25,77,102
RANDOM,4,49,5,43,45,15,25,77,102
RANDOM,4,50,5,43,47,15,25,78,103
RANDOM,4,51,5,44,47,15,25,80,105
RANDOM,4,52,5,45,48,15,25,81,106
RANDOM,4,53,6,46,48,15,26,81,107
RANDOM,4,54,6,47,48,15,28,83,111
RANDOM,4,55,7,49,50,14,28,84,112
RANDOM,4,56,7,49,52,14,28,85,113
RANDOM,4,57,7,49,53,14,29,85,114
RANDOM,4,58,7,49,54,15,30,88,118
RANDOM,4,59,7,50,54,15,31,89,120
RANDOM,4,60,7,50,55,15,32,91,123
RANDOM,4,61,7,53,55,15,32,91,123
RANDOM,4,62,7,54,55,15,33,92,125
RANDOM,4,63,8,55,55,14,33,93,126
RANDOM,4,64,8,55,56,14,35,95,130
RANDOM,4,65,9,56,57,13,36,96,132
RANDOM,4,66,9,56,57,13,36,96,132
RANDOM,4,67,9,58,57,15,38,96,134
RANDOM,4,68,9,58,57,16,41,96,137
RANDOM,4,69,9,58,57,16,42,97,139
RANDOM,4,70,9,58,57,16,42,97,139
RANDOM,4,71,10,59,57,15,43,98,141
RANDOM,4,72,10,59,58,16,44,100,144
RANDOM,4,73,10,59,58,17,45,100,145
RANDOM,4,74,10,59,60,18,46,100,146
RANDOM,4,75,10,60,60,18,47,102,149
RANDOM,4,76,10,61,60,18,47,102,149
RANDOM,4,77,10,61,60,18,47,102,149
RANDOM,4,78,10,61,60,20,49,104,153
RANDOM,4,79,10,61,60,20,49,104,153
RANDOM,4,80,10,61,60,21,50,104,154
RANDOM,4,81,10,61,60,21,51,104,155
RANDOM,4,82,11,62,60,20,51,105,156
RANDOM,4,83,12,63,60,19,51,105,156
RANDOM,4,84,12,63,60,19,51,105,156
RANDOM,4,85,12,63,60,20,52,106,158
RANDOM,4,86,13,64,60,19,54,108,162
RANDOM,4,87,13,64,60,19,54,108,162
RANDOM,4,88,13,64,60,19,54,108,162
RANDOM,4,89,13,64,60,19,55,110,165
RANDOM,4,90,13,64,60,19,56,111,167
RANDOM,4,91,14,65,60,18,56,111,167
RANDOM,4,92,14,65,60,18,57,111,168
RANDOM,4,93,14,65,60,18,57,113,170
RANDOM,4,94,14,65,60,18,57,113,170
RANDOM,4,95,14,65,60,18,57,113,170
RANDOM,4,96,14,65,61,18,57,113,170
RANDOM,4,97,14,65,61,18,57,115,172
RANDOM,4,98,14,65,61,18,58,115,173
RANDOM,4,99,14,65,61,18,58,116,174
RANDOM,4,100,14,65,61,18,58,116,174
RANDOM,4,101,14,65,61,19,60,118,178
RANDOM,4,102,14,65,61,19,61,120,181
RANDOM,4,103,14,66,61,19,62,120,182
RANDOM,4,104,14,67,61,19,62,122,184
RANDOM,4,105,14,67,61,20,64,122,186
RANDOM,4,106,14,67,61,20,64,123,187
RANDOM,4,107,14,68,62,21,67,123,190
RANDOM,4,108,14,68,62,21,67,123,190
RANDOM,4,109,14,68,62,21,67,124,191
RANDOM,4,110,15,70,62,20,68,124,192
RANDOM,4,111,15,70,62,21,69,124,193
RANDOM,4,112,15,70,63,21,69,124,193
RANDOM,4,113,15,70,63,21,69,126,195
RANDOM,4,114,15,70,64,21,70,126,196
RANDOM,4,115,16,71,64,20,71,126,197
RANDOM,4,116,16,71,64,20,71,127,198
RANDOM,4,117,16,71,64,21,72,127,199
RANDOM,4,118,16,71,64,21,72,127,199
RANDOM,4,119,16,71,64,21,72,127,199
RANDOM,4,120,16,71,64,21,73,127,200
RANDOM,4,121,16,71,64,21,73,127,200
RANDOM,4,122,16,71,65,21,73,128,201
RANDOM,4,123,16,71,66,21,73,130,203
RANDOM,4,124,16,71,66,22,74,131,205
RANDOM,4,125,16,71,66,22,74,131,205
RANDOM,4,126,16,71,66,22,74,132,206
RANDOM,4,127,16,71,66,22,74,132,206
RANDOM,4,128,16,71,66,22,76,132,208
RANDOM,4,129,16,71,66,22,76,134,210
RANDOM,4,130,17,72,66,21,76,134,210
RANDOM,4,131,17,72,66,21,76,134,210
RANDOM,4,132,17,72,66,21,76,135,211
RANDOM,4,133,17,72,66,22,77,136,213
RANDOM,4,134,17,72,66,22,78,139,217
RANDOM,4,135,18,73,66,21,78,139,217
RANDOM,4,136,18,73,66,21,78,140,218
RANDOM,4,137,18,73,66,21,79,143,222
RANDOM,4,138,18,73,66,21,79,143,222
RANDOM,4,139,18,73,66,21,79,143,222
RANDOM,4,140,18,73,66,21,80,143,223
RANDOM,4,141,18,73,66,21,80,143,223
RANDOM,4,142,18,73,66,21,81,144,225
RANDOM,4,143,18,73,66,21,81,144,225
RANDOM,4,144,18,73,66,21,81,144,225
RANDOM,4,145,18,73,66,21,81,145,226
RANDOM,4,146,18,73,66,21,81,146,227
RANDOM,4,147,18,73,66,21,81,146,227
RANDOM,4,148,18,73,66,22,83,146,229
RANDOM,4,149,18,73,66,22,83,150,233
RANDOM,4,150,18,73,66,22,84,150,234
RANDOM,4,151,19,74,66,21,84,151,235
RANDOM,4,152,19,74,66,21,84,151,235
RANDOM,4,153,19,74,66,21,84,152,236
RANDOM,4,154,19,74,66,21,84,152,236
RANDOM,4,155,19,74,66,21,85,153,238
RANDOM,4,156,19,74,66,21,86,153,239
RANDOM,4,157,19,74,66,21,86,153,239
RANDOM,4,158,19,74,66,21,87,153,240
RANDOM,4,159,19,74,66,21,87,153,240
RANDOM,4,160,19,74,66,21,87,156,243
RANDOM,4,161,19,74,66,21,87,158,245
RANDOM,4,162,19,74,66,21,88,161,249
RANDOM,4,163,19,74,66,21,88,161,249
RANDOM,4,164,19,74,66,21,88,164,252
RANDOM,4,165,19,75,66,21,88,164,252
RANDOM,4,166,19,75,66,21,88,164,252
RANDOM,4,167,19,75,66,21,88,164,252
RANDOM,4,168,20,76,66,20,88,165,253
RANDOM,4,169,20,76,66,20,89,165,254
RANDOM,4,170,20,76,66,21,90,165,255
RANDOM,4,171,21,77,66,20,90,165,255
RANDOM,4,172,21,77,66,20,90,166,256
RANDOM,4,173,21,77,66,20,92,167,259
RANDOM,4,174,22,78,66,19,92,167,259
RANDOM,4,175,22,78,66,19,92,167,259
RANDOM,4,176,23,79,66,18,93,167,260
RANDOM,4,177,23,79,66,18,93,168,261
RANDOM,4,178,23,79,66,18,93,169,262
RANDOM,4,179,23,79,66,18,93,170,263
RANDOM,4,180,23,79,66,18,93,170,263
RANDOM,4,181,23,79,66,18,93,172,265
RANDOM,4,182,23,79,67,18,94,172,266
RANDOM,4,183,23,79,67,18,94,173,267
RANDOM,4,184,23,79,67,18,94,176,270
RANDOM,4,185,23,79,67,18,95,176,271
RANDOM,4,186,23,79,67,18,95,178,273
RANDOM,4,187,23,79,69,18,95,178,273
RANDOM,4,188,23,79,69,18,95,178,273
RANDOM,4,189,24,80,70,17,95,178,273
RANDOM,4,190,24,80,71,17,95,178,273
RANDOM,4,191,25,81,72,16,96,179,275
RANDOM,4,192,26,82,72,15,96,179,275
RANDOM,4,193,26,82,72,15,96,179,275
RANDOM,4,194,26,82,72,15,96,180,276
RANDOM,4,195,26,82,72,15,96,181,277
RANDOM,4,196,26,82,72,15,96,183,279
RANDOM,4,197,26,82,72,15,97,184,281
RANDOM,4,198,26,82,72,15,97,184,281
RANDOM,4,199,26,83,72,15,97,184,281
RANDOM,4,200,26,83,72,15,97,184,281
RANDOM,4,201,26,83,72,15,97,184,281
RANDOM,4,202,26,83,72,15,97,184,281
RANDOM,4,203,26,83,72,15,97,185,282
RANDOM,4,204,26,83,72,15,97,185,282
RANDOM,4,205,26,83,72,15,98,185,283
RANDOM,4,206,26,83,72,15,99,186,285
RANDOM,4,207,26,83,72,15,99,186,285
RANDOM,4,208,26,83,73,15,101,187,288
RANDOM,4,209,26,83,73,15,101,187,288
RANDOM,4,210,26,83,73,16,103,187,290
RANDOM,4,211,26,83,73,16,103,187,290
RANDOM,4,212,26,83,73,16,103,188,291
RANDOM,4,213,26,83,73,16,104,188,292
RANDOM,4,214,26,83,73,16,104,191,295
RANDOM,4,215,26,83,74,16,104,191,295
RANDOM,4,216,26,83,74,16,104,191,295
RANDOM,4,217,26,83,74,16,104,191,295
RANDOM,4,218,26,83,74,16,104,191,295
RANDOM,4,219,26,83,74,16,104,191,295
RANDOM,4,220,26,83,74,16,104,191,295
RANDOM,4,221,26,83,74,16,104,191,295
RANDOM,4,222,26,83,74,16,104,191,295
RANDOM,4,223,26,83,74,17,105,191,296
RANDOM,4,224,26,83,74,17,105,191,296
RANDOM,4,225,26,83,74,17,105,191,296
RANDOM,4,226,26,83,74,17,106,191,297
RANDOM,4,227,26,83,74,17,106,191,297
RANDOM,4,228,26,83,75,17,106,192,298
RANDOM,4,229,26,83,75,17,106,192,298
RANDOM,4,230,26,83,75,17,106,192,298
RANDOM,4,231,26,83,75,17,106,192,298
RANDOM,4,232,26,83,75,17,106,193,299
RANDOM,4,233,26,83,75,17,106,194,300
RANDOM,4,234,26,83,75,17,106,194,300
RANDOM,4,235,26,83,75,17,107,194,301
RANDOM,4,236,26,83,75,17,108,195,303
RANDOM,4,237,26,83,75,17,109,196,305
RANDOM,4,238,26,83,75,17,109,198,307
RANDOM,4,239,26,83,75,17,109,198,307
RANDOM,4,240,26,83,75,17,109,200,309
RANDOM,4,241,26,83,75,17,109,200,309
RANDOM,4,242,26,83,75,17,109,200,309
RANDOM,4,243,26,83,75,17,109,200,309
RANDOM,4,244,26,83,75,17,109,203,312
RANDOM,4,245,26,83,75,17,109,203,312
RANDOM,4,246,26,83,75,17,109,203,312
RANDOM,4,247,26,83,75,17,110,203,313
RANDOM,4,248,26,83,75,17,110,204,314
RANDOM,4,249,26,83,75,17,111,204,315
RANDOM,4,250,26,83,75,17,111,204,315
RANDOM,4,251,26,83,75,17,111,204,315
RANDOM,4,252,26,83,75,17,111,205,316
RANDOM,4,253,26,83,75,17,111,206,317
RANDOM,4,254,26,83,76,17,111,207,318
RANDOM,4,255,26,83,76,17,111,207,318
RANDOM,4,256,26,83,76,17,112,207,319
RANDOM,4,257,26,83,76,17,113,209,322
RANDOM,4,258,26,83,76,17,114,209,323
RANDOM,4,259,26,83,76,17,114,209,323
RANDOM,4,260,26,83,76,17,115,209,324
RANDOM,4,261,26,83,76,17,115,209,324
RANDOM,4,262,26,83,76,17,115,209,324
RANDOM,4,263,26,83,76,17,116,210,326
RANDOM,4,264,26,83,76,17,116,210,326
RANDOM,4,265,26,83,76,17,116,212,328
RANDOM,4,266,26,83,76,17,116,212,328
RANDOM,4,267,26,83,76,17,116,213,329
RANDOM,4,268,26,83,76,17,116,214,330
RANDOM,4,269,27,84,76,16,117,215,332
RANDOM,4,270,27,84,76,16,117,215,332
RANDOM,4,271,27,84,76,16,117,216,333
RANDOM,4,272,27,84,76,16,117,217,334
RANDOM,4,273,27,84,77,16,117,217,334
RANDOM,4,274,27,84,77,16,117,217,334
RANDOM,4,275,27,84,77,16,117,217,334
RANDOM,4,276,27,84,77,16,117,218,335
RANDOM,4,277,27,84,77,16,118,218,336
RANDOM,4,278,27,84,78,16,118,218,336
RANDOM,4,279,27,84,79,16,118,220,338
RANDOM,4,280,27,84,79,16,118,222,340
RANDOM,4,281,27,84,79,16,118,222,340
RANDOM,4,282,28,85,79,15,118,224,342
RANDOM,4,283,28,85,79,15,118,225,343
RANDOM,4,284,28,85,80,15,118,225,343
RANDOM,4,285,30,87,80,13,118,226,344
RANDOM,4,286,30,87,80,13,118,226,344
RANDOM,4,287,30,87,80,13,118,226,344
RANDOM,4,288,30,87,80,13,118,226,344
RANDOM,4,289,30,87,80,13,118,226,344
RANDOM,4,290,30,87,80,13,119,226,345
RANDOM,4,291,30,87,80,13,119,228,347
RANDOM,4,292,30,87,80,13,119,229,348
RANDOM,4,293,30,87,80,13,119,229,348
RANDOM,4,294,30,87,80,13,120,231,351
RANDOM,4,295,30,87,80,13,120,231,351
RANDOM,4,296,30,87,80,13,120,231,351
RANDOM,4,297,30,87,80,13,120,231,351
RANDOM,4,298,30,87,80,13,120,231,351
RANDOM,4,299,30,87,80,13,121,231,352
RANDOM,4,300,30,87,80,13,121,231,352
RANDOM,4,301,30,87,80,13,121,231,352
RANDOM,4,302,30,87,80,13,121,231,352
RANDOM,4,303,30,87,80,13,123,231,354
RANDOM,4,304,30,87,80,13,123,231,354
RANDOM,4,305,30,87,80,13,123,231,354
RANDOM,4,306,30,87,80,13,123,232,355
RANDOM,4,307,30,87,80,13,123,232,355
RANDOM,4,308,30,87,80,13,123,232,355
RANDOM,4,309,30,87,80,13,124,232,356
RANDOM,4,310,30,87,81,13,124,232,356
RANDOM,4,311,30,87,81,13,125,232,357
RANDOM,4,312,31,88,81,12,126,232,358
RANDOM,4,313,31,88,81,12,126,233,359
RANDOM,4,314,31,88,81,12,126,235,361
RANDOM,4,315,31,88,82,12,126,235,361
RANDOM,4,316,31,88,82,12,126,235,361
RANDOM,4,317,32,89,82,11,126,235,361
RANDOM,4,318,32,89,82,11,126,236,362
RANDOM,4,319,32,89,82,11,126,236,362
RANDOM,4,320,33,90,82,10,126,237,363
RANDOM,4,321,33,90,82,10,126,237,363
RANDOM,4,322,33,90,82,10,126,237,363
RANDOM,4,323,33,90,82,10,126,237,363
RANDOM,4,324,33,90,82,10,126,240,366
RANDOM,4,325,33,90,82,10,126,240,366
RANDOM,4,326,33,90,83,10,126,242,368
RANDOM,4,327,33,90,83,10,126,242,368
RANDOM,4,328,33,90,83,10,126,242,368
RANDOM,4,329,33,90,83,10,126,242,368
RANDOM,4,330,33,90,83,10,126,242,368
RANDOM,4,331,34,91,83,9,126,242,368
RANDOM,4,332,34,91,83,9,126,244,370
RANDOM,4,333,34,91,83,9,126,244,370
RANDOM,4,334,34,91,83,9,127,245,372
RANDOM,4,335,34,91,83,9,127,245,372
RANDOM,4,336,34,91,83,9,127,245,372
RANDOM,4,337,34,91,83,9,127,245,372
RANDOM,4,338,34,91,83,9,128,245,373
RANDOM,4,339,34,91,83,9,128,245,373
RANDOM,4,340,34,91,83,9,128,245,373
RANDOM,4,341,34,91,83,9,128,245,373
RANDOM,4,342,34,91,83,9,128,245,373
RANDOM,4,343,34,91,83,9,128,245,373
RANDOM,4,344,35,92,83,8,128,246,374
RANDOM,4,345,35,92,83,8,128,246,374
RANDOM,4,346,35,92,83,8,128,246,374
RANDOM,4,347,35,92,83,8,128,246,374
RANDOM,4,348,35,92,83,8,128,246,374
RANDOM,4,349,35,92,83,8,128,248,376
RANDOM,4,350,35,92,83,8,128,248,376
RANDOM,4,351,35,92,83,8,128,248,376
RANDOM,4,352,35,92,83,8,128,248,376
RANDOM,4,353,35,92,83,8,128,250,378
RANDOM,4,354,35,92,83,8,128,250,378
RANDOM,4,355,35,92,83,8,128,250,378
RANDOM,4,356,35,92,83,8,128,251,379
RANDOM,4,357,35,92,83,8,128,251,379
RANDOM,4,358,35,92,83,8,129,251,380
RANDOM,4,359,35,92,83,8,129,251,380
RANDOM,4,360,35,92,83,8,129,252,381
RANDOM,4,361,35,92,83,8,129,252,381
RANDOM,4,362,35,92,83,8,129,252,381
RANDOM,4,363,35,92,83,8,129,252,381
RANDOM,4,364,35,92,83,8,129,253,382
RANDOM,4,365,35,92,83,8,129,253,382
RANDOM,4,366,35,92,83,8,129,253,382
RANDOM,4,367,35,92,83,8,129,253,382
RANDOM,4,368,35,92,83,8,129,253,382
RANDOM,4,369,35,92,83,8,129,254,383
RANDOM,4,370,35,92,83,8,129,254,383
RANDOM,4,371,35,92,83,8,130,254,384
RANDOM,4,372,35,92,83,8,130,254,384
RANDOM,4,373,35,92,83,8,130,254,384
RANDOM,4,374,35,92,83,8,130,254,384
RANDOM,4,375,35,92,83,8,130,254,384
RANDOM,4,376,35,92,83,8,130,254,384
RANDOM,4,377,35,92,83,8,130,254,384
RANDOM,4,378,35,92,83,8,130,255,385
RANDOM,4,379,35,92,83,8,130,256,386
RANDOM,4,380,36,93,83,7,130,256,386
RANDOM,4,381,36,93,83,7,130,256,386
RANDOM,4,382,37,94,83,6,130,256,386
RANDOM,4,383,37,94,83,6,130,256,386
RANDOM,4,384,37,94,83,6,130,258,388
RANDOM,4,385,37,94,83,6,130,258,388
RANDOM,4,386,37,94,84,6,130,258,388
RANDOM,4,387,37,94,84,6,131,258,389
RANDOM,4,388,37,94,84,6,131,258,389
RANDOM,4,389,37,94,84,6,131,258,389
RANDOM,4,390,37,94,84,6,131,258,389
RANDOM,4,391,37,94,84,6,131,258,389
RANDOM,4,392,37,94,84,6,131,258,389
RANDOM,4,393,37,94,84,6,131,258,389
RANDOM,4,394,37,94,85,6,131,258,389
RANDOM,4,395,37,94,85,6,131,259,390
RANDOM,4,396,37,94,85,6,131,259,390
RANDOM,4,397,37,94,85,6,131,259,390
RANDOM,4,398,37,94,85,6,131,259,390
RANDOM,4,399,37,94,85,6,132,259,391
RANDOM,4,400,37,94,85,6,133,259,392
RANDOM,4,401,37,94,85,6,133,259,392
RANDOM,4,402,37,94,85,6,133,259,392
RANDOM,4,403,37,94,85,6,133,259,392
RANDOM,4,404,37,94,85,6,133,259,392
RANDOM,4,405,37,94,85,6,133,259,392
RANDOM,4,406,37,94,85,6,133,259,392
RANDOM,4,407,37,94,85,6,133,259,392
RANDOM,4,408,37,94,85,6,134,259,393
RANDOM,4,409,37,94,85,6,134,259,393
RANDOM,4,410,37,94,85,6,134,260,394
RANDOM,4,411,38,95,86,5,134,260,394
RANDOM,4,412,38,95,86,5,134,261,395
RANDOM,4,413,38,95,86,5,134,261,395
RANDOM,4,414,38,95,86,5,134,261,395
RANDOM,4,415,38,95,86,5,134,261,395
RANDOM,4,416,38,95,87,5,134,261,395
RANDOM,4,417,38,95,87,5,134,261,395
RANDOM,4,418,38,95,87,5,134,261,395
RANDOM,4,419,38,95,87,5,134,261,395
RANDOM,4,420,38,95,87,5,134,261,395
RANDOM,4,421,38,95,87,5,134,262,396
RANDOM,4,422,38,95,87,5,135,262,397
RANDOM,4,423,38,95,87,5,135,263,398
RANDOM,4,424,38,95,87,5,135,264,399
RANDOM,4,425,38,95,87,5,135,264,399
RANDOM,4,426,38,95,87,5,135,264,399
RANDOM,4,427,38,95,87,5,135,264,399
RANDOM,4,428,38,95,87,5,135,264,399
RANDOM,4,429,38,95,87,5,135,264,399
RANDOM,4,430,38,95,88,5,135,264,399
RANDOM,4,431,38,95,88,5,135,264,399
RANDOM,4,432,38,95,88,5,135,264,399
RANDOM,4,433,38,95,88,5,135,265,400
RANDOM,4,434,38,95,88,5,135,266,401
RANDOM,4,435,38,95,88,5,135,266,401
RANDOM,4,436,38,95,88,5,135,266,401
RANDOM,4,437,38,95,89,5,135,266,401
RANDOM,4,438,38,95,89,5,135,267,402
RANDOM,4,439,38,95,89,5,135,267,402
RANDOM,4,440,38,95,89,5,135,267,402
RANDOM,4,441,38,95,89,5,135,267,402
RANDOM,4,442,38,95,89,5,135,267,402
RANDOM,4,443,38,95,89,5,135,267,402
RANDOM,4,444,38,95,89,5,135,267,402
RANDOM,4,445,38,95,89,5,135,267,402
RANDOM,4,446,38,95,89,5,135,267,402
RANDOM,4,447,38,95,89,5,136,267,403
RANDOM,4,448,38,95,89,5,136,268,404
RANDOM,4,449,38,95,89,5,136,268,404
RANDOM,4,450,38,95,89,5,136,268,404
RANDOM,4,451,38,95,89,5,136,268,404
RANDOM,4,452,38,95,89,5,136,269,405
RANDOM,4,453,38,95,89,5,136,269,405
RANDOM,4,454,38,95,89,5,136,269,405
RANDOM,4,455,38,95,89,5,136,269,405
RANDOM,4,456,38,95,89,5,137,269,406
RANDOM,4,457,38,95,90,5,137,269,406
RANDOM,4,458,38,95,90,5,137,269,406
RANDOM,4,459,38,95,90,5,137,269,406
RANDOM,4,460,38,95,90,5,137,269,406
RANDOM,4,461,38,95,90,5,137,269,406
RANDOM,4,462,38,95,90,5,137,269,406
RANDOM,4,463,38,95,90,5,137,269,406
RANDOM,4,464,38,95,90,5,137,270,407
RANDOM,4,465,38,95,90,5,137,271,408
RANDOM,4,466,38,95,90,5,137,271,408
RANDOM,4,467,38,95,90,5,137,271,408
RANDOM,4,468,38,95,90,5,137,271,408
RANDOM,4,469,38,95,90,5,137,271,408
RANDOM,4,470,38,95,90,5,137,271,408
RANDOM,4,471,38,95,90,5,137,271,408
RANDOM,4,472,38,95,90,5,137,271,408
RANDOM,4,473,38,95,90,5,138,271,409
RANDOM,4,474,38,95,90,5,138,271,409
RANDOM,4,475,38,95,90,5,138,271,409
RANDOM,4,476,38,95,90,5,138,271,409
RANDOM,4,477,38,95,90,5,138,271,409
RANDOM,4,478,38,95,90,5,138,271,409
RANDOM,4,479,38,95,90,5,138,271,409
RANDOM,4,480,38,95,90,5,138,272,410
RANDOM,4,481,38,95,90,5,138,272,410
RANDOM,4,482,38,95,90,5,139,272,411
RANDOM,4,483,38,95,90,5,139,272,411
RANDOM,4,484,38,95,90,5,139,272,411
RANDOM,4,485,38,95,90,5,139,272,411
RANDOM,4,486,38,95,90,5,139,272,411
RANDOM,4,487,38,95,90,5,139,272,411
RANDOM,4,488,38,95,90,5,139,272,411
RANDOM,4,489,38,95,90,5,139,272,411
RANDOM,4,490,38,95,90,5,139,272,411
RANDOM,4,491,38,95,90,5,139,272,411
RANDOM,4,492,38,95,90,5,139,272,411
RANDOM,4,493,38,95,90,5,139,272,411
RANDOM,4,494,38,95,90,5,139,273,412
RANDOM,4,495,38,95,90,5,139,274,413
RANDOM,4,496,38,95,90,5,139,274,413
RANDOM,4,497,38,95,90,5,139,274,413
RANDOM,4,498,38,95,90,5,139,274,413
RANDOM,4,499,38,95,90,5,139,274,413
RANDOM,5,0,0,2,1,11,0,1,1
RANDOM,5,1,1,5,3,10,0,1,1
RANDOM,5,2,1,7,5,10,0,1,1
RANDOM,5,3,1,8,7,10,0,2,2
RANDOM,5,4,1,9,8,10,0,3,3
RANDOM,5,5,1,11,10,10,0,4,4
RANDOM,5,6,1,11,13,10,0,4,4
RANDOM,5,7,1,12,13,10,0,5,5
RANDOM,5,8,1,12,16,10,0,7,7
RANDOM,5,9,1,12,17,10,0,8,8
RANDOM,5,10,2,15,17,9,0,10,10
RANDOM,5,11,3,16,17,8,0,12,12
RANDOM,5,12,3,18,17,8,0,14,14
RANDOM,5,13,3,20,18,8,0,17,17
RANDOM,5,14,3,21,21,8,1,17,18
RANDOM,5,15,4,23,21,7,1,20,21
RANDOM,5,16,4,24,21,7,1,21,22
RANDOM,5,17,4,26,22,7,1,23,24
RANDOM,5,18,5,27,22,6,1,23,24
RANDOM,5,19,5,28,22,6,1,26,27
RANDOM,5,20,5,30,22,6,2,28,30
RANDOM,5,21,5,30,22,7,3,34,37
RANDOM,5,22,5,31,22,7,3,34,37
RANDOM,5,23,5,32,23,8,4,37,41
RANDOM,5,24,5,32,23,8,6,41,47
RANDOM,5,25,5,34,23,8,6,42,48
RANDOM,5,26,5,34,23,8,6,44,50
RANDOM,5,27,5,36,23,9,8,44,52
RANDOM,5,28,5,36,23,9,8,46,54
RANDOM,5,29,5,36,23,9,9,48,57
RANDOM,5,30,5,36,23,10,13,50,63
RANDOM,5,31,5,36,24,10,14,51,65
RANDOM,5,32,5,36,25,10,14,52,66
RANDOM,5,33,6,38,25,10,16,53,69
RANDOM,5,34,6,39,25,10,16,55,71
RANDOM,5,35,6,40,25,10,17,60,77
RANDOM,5,36,6,40,26,11,18,61,79
RANDOM,5,37,6,40,27,11,19,63,82
RANDOM,5,38,6,42,27,11,19,63,82
RANDOM,5,39,6,42,27,11,20,64,84
RANDOM,5,40,6,42,27,11,21,65,86
RANDOM,5,41,6,42,28,11,21,66,87
RANDOM,5,42,6,43,28,11,23,67,90
RANDOM,5,43,6,43,28,11,23,68,91
RANDOM,5,44,6,43,31,11,24,70,94
RANDOM,5,45,7,44,32,10,26,72,98
RANDOM,5,46,7,45,33,11,27,73,100
RANDOM,5,47,7,46,34,11,28,75,103
RANDOM,5,48,7,46,34,12,29,75,104
RANDOM,5,49,7,46,34,12,29,75,104
RANDOM,5,50,7,47,35,12,30,76,106
RANDOM,5,51,7,47,36,12,30,79,109
RANDOM,5,52,7,47,36,12,30,81,111
RANDOM,5,53,7,47,36,12,30,81,111
RANDOM,5,54,8,50,36,11,30,82,112
RANDOM,5,55,8,50,36,11,31,84,115
RANDOM,5,56,8,50,36,11,31,85,116
RANDOM,5,57,9,51,36,11,33,87,120
RANDOM,5,58,9,51,36,11,33,87,120
RANDOM,5,59,9,51,36,11,33,89,122
RANDOM,5,60,9,51,36,11,34,91,125
RANDOM,5,61,9,53,37,11,34,91,125
RANDOM,5,62,9,53,37,11,35,91,126
RANDOM,5,63,9,54,37,11,36,92,128
RANDOM,5,64,9,54,37,11,36,93,129
RANDOM,5,65,9,55,37,11,36,96,132
RANDOM,5,66,9,55,38,11,36,97,133
RANDOM,5,67,9,55,39,11,36,101,137
RANDOM,5,68,9,57,39,11,36,103,139
RANDOM,5,69,9,57,39,11,36,105,141
RANDOM,5,70,10,58,39,10,37,106,143
RANDOM,5,71,10,59,39,10,37,107,144
RANDOM,5,72,10,59,39,10,38,107,145
RANDOM,5,73,10,59,39,10,38,108,146
RANDOM,5,74,10,59,39,10,38,108,146
RANDOM,5,75,10,59,39,11,40,108,148
RANDOM,5,76,10,59,39,11,40,110,150
RANDOM,5,77,10,59,39,11,41,111,152
RANDOM,5,78,10,60,39,11,41,111,152
RANDOM,5,79,10,62,40,12,42,113,155
RANDOM,5,80,10,62,41,12,42,113,155
RANDOM,5,81,10,62,41,13,43,116,159
RANDOM,5,82,10,63,41,13,43,117,160
RANDOM,5,83,10,63,41,13,43,118,161
RANDOM,5,84,10,63,41,14,44,119,163
RANDOM,5,85,10,63,41,14,44,120,164
RANDOM,5,86,10,63,41,14,44,121,165
RANDOM,5,87,10,63,41,14,45,121,166
RANDOM,5,88,10,63,41,14,45,122,167
RANDOM,5,89,10,63,42,14,45,122,167
RANDOM,5,90,10,63,42,14,47,123,170
RANDOM,5,91,10,63,42,14,47,125,172
RANDOM,5,92,10,64,42,14,47,125,172
RANDOM,5,93,10,64,44,14,48,126,174
RANDOM,5,94,10,64,45,14,49,127,176
RANDOM,5,95,10,64,45,14,49,128,177
RANDOM,5,96,10,64,45,14,50,130,180
RANDOM,5,97,10,65,45,14,50,131,181
RANDOM,5,98,10,65,45,14,50,131,181
RANDOM,5,99,10,65,45,14,50,132,182
RANDOM,5,100,10,65,47,14,51,132,183
RANDOM,5,101,10,65,48,15,52,132,184
RANDOM,5,102,10,65,48,15,52,133,185
RANDOM,5,103,10,65,48,16,53,134,187
RANDOM,5,104,11,66,49,15,53,135,188
RANDOM,5,105,12,67,49,15,54,135,189
RANDOM,5,106,12,68,49,16,55,135,190
RANDOM,5,107,13,69,49,15,55,136,191
RANDOM,5,108,13,69,49,17,57,137,194
RANDOM,5,109,13,69,49,17,57,137,194
RANDOM,5,110,13,69,49,17,57,138,195
RANDOM,5,111,14,70,49,17,58,138,196
RANDOM,5,112,14,70,49,17,58,139,197
RANDOM,5,113,14,70,49,17,59,139,198
RANDOM,5,114,15,71,49,16,59,140,199
RANDOM,5,115,15,71,49,17,60,140,200
RANDOM,5,116,15,71,49,17,60,141,201
RANDOM,5,117,15,71,50,18,61,141,202
RANDOM,5,118,15,71,50,18,61,143,204
RANDOM,5,119,15,71,50,18,62,145,207
RANDOM,5,120,15,71,50,18,63,146,209
RANDOM,5,121,15,71,51,18,64,147,211
RANDOM,5,122,16,72,51,17,64,148,212
RANDOM,5,123,16,72,51,18,65,148,213
RANDOM,5,124,16,73,51,18,65,149,214
RANDOM,5,125,16,73,51,19,66,150,216
RANDOM,5,126,16,74,51,19,67,150,217
RANDOM,5,127,17,75,51,18,67,151,218
RANDOM,5,128,17,75,51,18,67,151,218
RANDOM,5,129,17,75,51,18,68,151,219
RANDOM,5,130,17,75,51,18,68,151,219
RANDOM,5,131,17,75,51,18,69,152,221
RANDOM,5,132,17,75,51,18,69,153,222
RANDOM,5,133,17,75,51,18,69,154,223
RANDOM,5,134,17,75,51,18,69,155,224
RANDOM,5,135,17,75,51,18,69,158,227
RANDOM,5,136,17,75,51,18,69,160,229
RANDOM,5,137,17,75,52,18,69,160,229
RANDOM,5,138,17,75,53,18,70,160,230
RANDOM,5,139,17,75,53,18,70,161,231
RANDOM,5,140,18,76,53,17,70,161,231
RANDOM,5,141,18,76,53,17,70,162,232
RANDOM,5,142,18,76,53,17,70,162,232
RANDOM,5,143,18,76,53,17,71,162,233
RANDOM,5,144,18,76,53,17,71,162,233
RANDOM,5,145,18,76,53,17,71,162,233
RANDOM,5,146,19,77,53,16,71,163,234
RANDOM,5,147,19,77,53,16,72,164,236
RANDOM,5,148,19,77,53,16,73,165,238
RANDOM,5,149,19,77,53,16,74,166,240
RANDOM,5,150,19,77,54,16,74,167,241
RANDOM,5,151,19,77,55,16,74,167,241
RANDOM,5,152,19,77,55,16,74,170,244
RANDOM,5,153,19,77,56,16,74,170,244
RANDOM,5,154,19,77,56,16,74,171,245
RANDOM,5,155,20,78,56,15,74,171,245
RANDOM,5,156,20,78,56,15,74,171,245
RANDOM,5,157,20,78,56,15,74,171,245
RANDOM,5,158,20,78,56,15,74,172,246
RANDOM,5,159,21,79,56,14,74,172,246
RANDOM,5,160,21,79,56,14,74,172,246
RANDOM,5,161,21,79,56,14,74,174,248
RANDOM,5,162,21,79,56,14,74,174,248
RANDOM,5,163,21,79,56,14,76,175,251
RANDOM,5,164,21,79,57,14,77,177,254
RANDOM,5,165,21,79,57,14,77,178,255
RANDOM,5,166,21,79,57,14,77,179,256
RANDOM,5,167,21,79,59,15,78,179,257
RANDOM,5,168,21,79,59,15,78,179,257
RANDOM,5,169,21,79,59,15,78,179,257
RANDOM,5,170,21,79,59,15,78,179,257
RANDOM,5,171,21,79,59,15,78,180,258
RANDOM,5,172,22,80,59,14,79,180,259
RANDOM,5,173,22,80,59,14,81,181,262
RANDOM,5,174,22,80,59,14,82,181,263
RANDOM,5,175,22,81,59,14,82,182,264
RANDOM,5,176,22,82,59,15,84,182,266
RANDOM,5,177,23,83,59,14,84,182,266
RANDOM,5,178,23,83,59,14,84,182,266
RANDOM,5,179,23,83,59,14,84,182,266
RANDOM,5,180,23,83,59,14,84,182,266
RANDOM,5,181,23,83,59,14,84,183,267
RANDOM,5,182,23,83,59,14,84,183,267
RANDOM,5,183,23,83,59,14,84,185,269
RANDOM,5,184,23,83,59,14,84,185,269
RANDOM,5,185,24,84,59,13,85,185,270
RANDOM,5,186,24,84,59,13,85,185,270
RANDOM,5,187,24,84,59,13,85,185,270
RANDOM,5,188,24,84,59,13,86,185,271
RANDOM,5,189,24,84,59,13,86,186,272
RANDOM,5,190,24,84,59,13,86,186,272
RANDOM,5,191,24,84,59,13,87,187,274
RANDOM,5,192,25,85,59,12,87,187,274
RANDOM,5,193,25,85,59,12,87,187,274
RANDOM,5,194,25,85,59,12,87,187,274
RANDOM,5,195,25,85,59,12,87,187,274
RANDOM,5,196,25,85,59,12,87,187,274
RANDOM,5,197,26,86,59,11,88,187,275
RANDOM,5,198,26,86,59,11,88,187,275
RANDOM,5,199,26,86,59,11,88,187,275
RANDOM,5,200,26,86,59,11,88,187,275
RANDOM,5,201,26,86,59,11,88,188,276
RANDOM,5,202,26,86,59,11,88,188,276
RANDOM,5,203,26,86,59,11,88,188,276
RANDOM,5,204,26,87,59,11,88,188,276
RANDOM,5,205,26,87,59,11,88,188,276
RANDOM,5,206,26,87,59,11,88,188,276
RANDOM,5,207,26,87,59,11,88,188,276
RANDOM,5,208,26,87,59,11,88,189,277
RANDOM,5,209,26,87,59,11,88,190,278
RANDOM,5,210,26,87,59,11,89,190,279
RANDOM,5,211,26,87,59,11,90,190,280
RANDOM,5,212,26,87,59,11,90,191,281
RANDOM,5,213,26,87,59,11,90,192,282
RANDOM,5,214,26,87,59,11,90,192,282
RANDOM,5,215,26,87,59,11,90,192,282
RANDOM,5,216,26,87,59,11,90,193,283
RANDOM,5,217,26,87,59,11,90,193,283
RANDOM,5,218,26,87,59,11,90,193,283
RANDOM,5,219,26,87,59,11,90,194,284
RANDOM,5,220,26,87,59,11,90,195,285
RANDOM,5,221,26,87,59,11,90,195,285
RANDOM,5,222,26,87,59,11,90,195,285
RANDOM,5,223,26,87,59,11,90,195,285
RANDOM,5,224,26,87,59,11,90,195,285
RANDOM,5,225,26,87,59,11,91,195,286
RANDOM,5,226,26,87,59,11,91,195,286
RANDOM,5,227,26,87,59,11,91,196,287
RANDOM,5,228,27,88,59,10,91,198,289
RANDOM,5,229,27,88,59,10,91,198,289
RANDOM,5,230,27,88,59,10,91,200,291
RANDOM,5,231,27,88,59,10,91,200,291
RANDOM,5,232,27,88,60,10,93,200,293
RANDOM,5,233,27,88,60,10,93,200,293
RANDOM,5,234,27,88,61,10,93,200,293
RANDOM,5,235,28,89,61,9,93,200,293
RANDOM,5,236,28,89,61,9,93,200,293
RANDOM,5,237,28,89,61,9,93,200,293
RANDOM,5,238,28,89,61,9,93,200,293
RANDOM,5,239,28,89,61,9,93,200,293
RANDOM,5,240,28,89,61,9,93,200,293
RANDOM,5,241,28,89,61,9,93,200,293
RANDOM,5,242,28,89,61,9,93,201,294
RANDOM,5,243,28,89,61,9,93,201,294
RANDOM,5,244,28,89,62,9,93,201,294
RANDOM,5,245,28,89,62,9,93,202,295
RANDOM,5,246,28,89,62,9,93,202,295
RANDOM,5,247,28,89,62,9,93,203,296
RANDOM,5,248,28,89,62,9,93,203,296
RANDOM,5,249,28,89,63,9,93,203,296
RANDOM,5,250,29,90,63,8,93,203,296
RANDOM,5,251,29,90,63,8,93,203,296
RANDOM,5,252,29,90,63,8,93,203,296
RANDOM,5,253,29,90,63,8,93,204,297
RANDOM,5,254,30,91,63,7,93,204,297
RANDOM,5,255,30,91,63,7,93,205,298
RANDOM,5,256,30,91,63,7,93,206,299
RANDOM,5,257,30,91,63,8,94,206,300
RANDOM,5,258,30,91,63,8,94,206,300
RANDOM,5,259,30,91,63,8,94,206,300
RANDOM,5,260,30,91,63,8,94,206,300
RANDOM,5,261,30,91,63,8,95,206,301
RANDOM,5,262,30,91,63,8,95,206,301
RANDOM,5,263,30,91,63,8,95,206,301
RANDOM,5,264,30,91,63,8,95,206,301
RANDOM,5,265,30,91,63,8,95,206,301
RANDOM,5,266,30,91,63,8,96,206,302
RANDOM,5,267,30,91,63,8,96,206,302
RANDOM,5,268,30,91,63,8,96,206,302
RANDOM,5,269,30,91,63,8,96,206,302
RANDOM,5,270,30,91,63,8,96,206,302
RANDOM,5,271,30,91,63,8,96,206,302
RANDOM,5,272,30,91,63,8,97,206,303
RANDOM,5,273,30,91,63,8,97,206,303
RANDOM,5,274,30,91,64,8,97,206,303
RANDOM,5,275,30,91,64,8,97,206,303
RANDOM,5,276,30,91,64,8,97,206,303
RANDOM,5,277,30,91,64,8,97,207,304
RANDOM,5,278,30,91,64,8,97,207,304
RANDOM,5,279,30,91,64,8,97,207,304
RANDOM,5,280,30,91,64,8,97,208,305
RANDOM,5,281,30,91,64,8,97,208,305
RANDOM,5,282,30,91,64,8,97,208,305
RANDOM,5,283,30,91,64,8,98,208,306
RANDOM,5,284,31,92,64,7,98,208,306
RANDOM,5,285,31,92,65,7,98,208,306
RANDOM,5,286,31,92,65,7,98,208,306
RANDOM,5,287,31,92,65,7,98,209,307
RANDOM,5,288,31,92,65,7,98,209,307
RANDOM,5,289,31,92,65,7,98,209,307
RANDOM,5,290,31,92,65,7,98,209,307
RANDOM,5,291,31,92,65,7,98,209,307
RANDOM,5,292,31,92,65,7,98,209,307
RANDOM,5,293,31,92,65,7,98,209,307
RANDOM,5,294,31,92,65,7,98,209,307
RANDOM,5,295,31,92,65,7,98,209,307
RANDOM,5,296,31,92,65,7,98,209,307
RANDOM,5,297,31,92,65,7,98,209,307
RANDOM,5,298,31,92,66,7,99,209,308
RANDOM,5,299,32,93,66,6,100,209,309
RANDOM,5,300,32,93,66,6,100,209,309
RANDOM,5,301,32,93,66,6,100,209,309
RANDOM,5,302,33,94,66,5,100,210,310
RANDOM,5,303,33,94,67,5,100,210,310
RANDOM,5,304,33,94,67,5,100,210,310
RANDOM,5,305,33,94,67,5,100,211,311
RANDOM,5,306,33,94,67,5,100,211,311
RANDOM,5,307,33,94,67,5,100,211,311
RANDOM,5,308,33,94,67,5,100,211,311
RANDOM,5,309,33,94,67,5,100,211,311
RANDOM,5,310,33,94,67,5,100,211,311
RANDOM,5,311,33,94,67,5,100,211,311
RANDOM,5,312,33,94,67,5,100,211,311
RANDOM,5,313,33,94,67,5,100,211,311
RANDOM,5,314,33,94,67,5,100,211,311
RANDOM,5,315,33,94,67,5,100,211,311
RANDOM,5,316,33,94,67,5,100,211,311
RANDOM,5,317,33,94,67,5,100,211,311
RANDOM,5,318,33,94,67,5,100,211,311
RANDOM,5,319,33,94,67,5,100,211,311
RANDOM,5,320,33,94,67,5,100,211,311
RANDOM,5,321,33,94,67,5,100,213,313
RANDOM,5,322,33,94,67,5,100,213,313
RANDOM,5,323,33,94,67,5,100,213,313
RANDOM,5,324,33,94,67,5,100,213,313
RANDOM,5,325,33,94,67,5,100,214,314
RANDOM,5,326,33,94,67,5,100,214,314
RANDOM,5,327,33,94,67,5,100,214,314
RANDOM,5,328,33,94,67,5,100,214,314
RANDOM,5,329,33,94,67,5,100,214,314
RANDOM,5,330,33,94,67,5,100,214,314
RANDOM,5,331,33,94,67,5,100,214,314
RANDOM,5,332,33,94,67,5,100,214,314
RANDOM,5,333,33,94,67,5,100,214,314
RANDOM,5,334,33,94,67,5,100,215,315
RANDOM,5,335,33,94,67,5,100,215,315
RANDOM,5,336,33,94,67,5,100,215,315
RANDOM,5,337,33,94,67,5,100,215,315
RANDOM,5,338,33,94,67,5,100,215,315
RANDOM,5,339,33,94,67,5,100,215,315
RANDOM,5,340,33,94,67,5,100,215,315
RANDOM,5,341,33,94,67,5,100,215,315
RANDOM,5,342,33,94,67,5,100,215,315
RANDOM,5,343,33,94,67,5,100,217,317
RANDOM,5,344,33,94,68,5,100,217,317
RANDOM,5,345,33,94,68,5,100,217,317
RANDOM,5,346,33,94,68,5,100,217,317
RANDOM,5,347,33,94,68,5,100,217,317
RANDOM,5,348,33,94,69,5,100,217,317
RANDOM,5,349,33,94,69,5,100,217,317
RANDOM,5,350,33,94,69,5,100,217,317
RANDOM,5,351,33,94,69,5,100,217,317
RANDOM,5,352,33,94,69,5,100,217,317
RANDOM,5,353,33,94,69,5,101,217,318
RANDOM,5,354,33,94,69,5,101,217,318
RANDOM,5,355,33,94,69,5,101,217,318
RANDOM,5,356,33,94,69,5,101,218,319
RANDOM,5,357,33,95,69,5,101,218,319
RANDOM,5,358,33,95,69,5,101,218,319
RANDOM,5,359,33,95,69,5,101,218,319
RANDOM,5,360,33,95,69,5,101,219,320
RANDOM,5,361,33,95,69,5,101,220,321
RANDOM,5,362,33,95,69,5,101,220,321
RANDOM,5,363,33,95,69,5,101,220,321
RANDOM,5,364,34,96,69,4,101,220,321
RANDOM,5,365,34,96,69,4,101,220,321
RANDOM,5,366,34,96,69,4,101,220,321
RANDOM,5,367,34,96,69,4,101,220,321
RANDOM,5,368,34,96,69,4,101,220,321
RANDOM,5,369,34,96,69,4,101,220,321
RANDOM,5,370,34,96,69,4,101,220,321
RANDOM,5,371,34,96,69,4,101,221,322
RANDOM,5,372,34,96,69,4,101,221,322
RANDOM,5,373,34,96,69,4,101,221,322
RANDOM,5,374,34,96,69,4,101,221,322
RANDOM,5,375,34,96,69,4,102,221,323
RANDOM,5,376,34,96,69,4,102,221,323
RANDOM,5,377,34,96,69,4,102,221,323
RANDOM,5,378,34,96,69,4,102,221,323
RANDOM,5,379,34,96,69,4,102,221,323
RANDOM,5,380,34,96,69,4,102,221,323
RANDOM,5,381,34,96,69,4,102,221,323
RANDOM,5,382,34,96,69,4,102,221,323
RANDOM,5,383,34,96,69,4,102,221,323
RANDOM,5,384,34,96,69,4,102,221,323
RANDOM,5,385,34,96,69,4,102,221,323
RANDOM,5,386,34,96,69,4,102,222,324
RANDOM,5,387,34,96,69,4,102,222,324
RANDOM,5,388,34,96,69,4,102,222,324
RANDOM,5,389,34,96,69,4,102,222,324
RANDOM,5,390,34,96,69,4,102,222,324
RANDOM,5,391,34,96,69,4,102,222,324
RANDOM,5,392,34,96,69,4,102,222,324
RANDOM,5,393,34,96,69,4,102,222,324
RANDOM,5,394,34,96,69,4,102,222,324
RANDOM,5,395,34,96,69,4,102,222,324
RANDOM,5,396,34,96,69,4,102,222,324
RANDOM,5,397,34,96,69,4,102,222,324
RANDOM,5,398,34,96,69,4,102,222,324
RANDOM,5,399,34,96,69,4,102,222,324
RANDOM,5,400,34,96,69,4,102,222,324
RANDOM,5,401,34,96,69,4,102,222,324
RANDOM,5,402,34,96,69,4,102,223,325
RANDOM,5,403,34,96,69,4,102,223,325
RANDOM,5,404,34,96,69,4,102,223,325
RANDOM,5,405,34,96,69,4,102,224,326
RANDOM,5,406,34,96,69,4,102,224,326
RANDOM,5,407,34,96,69,4,102,225,327
RANDOM,5,408,34,96,69,4,102,225,327
RANDOM,5,409,34,96,69,4,102,225,327
RANDOM,5,410,34,96,69,4,102,225,327
RANDOM,5,411,34,96,69,4,102,225,327
RANDOM,5,412,34,96,69,4,102,225,327
RANDOM,5,413,34,96,69,4,103,225,328
RANDOM,5,414,34,96,69,4,103,225,328
RANDOM,5,415,34,96,69,4,103,225,328
RANDOM,5,416,34,96,69,4,104,225,329
RANDOM,5,417,34,96,69,4,104,225,329
RANDOM,5,418,34,96,69,4,104,225,329
RANDOM,5,419,34,96,69,4,104,225,329
RANDOM,5,420,34,96,69,4,104,225,329
RANDOM,5,421,34,96,69,4,104,225,329
RANDOM,5,422,34,96,69,4,104,225,329
RANDOM,5,423,34,96,69,4,104,225,329
RANDOM,5,424,34,96,69,4,104,225,329
RANDOM,5,425,34,96,69,4,104,225,329
RANDOM,5,426,34,96,69,4,104,225,329
RANDOM,5,427,34,96,69,4,104,225,329
RANDOM,5,428,34,96,69,4,104,225,329
RANDOM,5,429,34,96,69,4,104,225,329
RANDOM,5,430,34,96,69,4,104,225,329
RANDOM,5,431,34,96,69,4,104,225,329
RANDOM,5,432,34,96,69,4,104,226,330
RANDOM,5,433,34,96,69,4,104,226,330
RANDOM,5,434,34,96,69,4,104,226,330
RANDOM,5,435,34,96,69,4,104,227,331
RANDOM,5,436,35,97,69,3,104,227,331
RANDOM,5,437,35,97,69,3,104,227,331
RANDOM,5,438,35,97,69,3,104,227,331
RANDOM,5,439,35,97,69,3,104,228,332
RANDOM,5,440,35,97,69,3,104,228,332
RANDOM,5,441,35,97,69,3,104,228,332
RANDOM,5,442,35,97,69,3,104,228,332
RANDOM,5,443,35,97,69,3,104,228,332
RANDOM,5,444,35,97,69,3,104,228,332
RANDOM,5,445,35,97,69,3,104,228,332
RANDOM,5,446,35,97,69,3,104,228,332
RANDOM,5,447,35,97,69,3,104,228,332
RANDOM,5,448,35,97,69,3,104,228,332
RANDOM,5,449,35,97,69,3,104,228,332
RANDOM,5,450,35,97,69,3,104,229,333
RANDOM,5,451,35,97,69,3,104,229,333
RANDOM,5,452,35,97,69,3,104,229,333
RANDOM,5,453,35,97,69,3,104,229,333
RANDOM,5,454,35,97,69,3,104,229,333
RANDOM,5,455,35,97,69,3,104,229,333
RANDOM,5,456,35,97,69,3,104,229,333
RANDOM,5,457,35,97,69,3,104,229,333
RANDOM,5,458,35,97,69,3,104,229,333
RANDOM,5,459,35,97,69,3,105,229,334
RANDOM,5,460,35,97,69,3,105,229,334
RANDOM,5,461,35,97,69,3,105,229,334
RANDOM,5,462,35,97,69,3,105,229,334
RANDOM,5,463,35,97,69,3,105,229,334
RANDOM,5,464,35,97,69,3,105,230,335
RANDOM,5,465,35,97,69,3,105,230,335
RANDOM,5,466,35,97,69,3,105,231,336
RANDOM,5,467,35,97,69,3,105,231,336
RANDOM,5,468,35,97,69,3,105,231,336
RANDOM,5,469,35,97,69,3,105,231,336
RANDOM,5,470,35,97,69,3,105,231,336
RANDOM,5,471,35,97,69,3,105,231,336
RANDOM,5,472,35,97,69,3,105,231,336
RANDOM,5,473,35,97,69,3,105,231,336
RANDOM,5,474,35,97,69,3,105,231,336
RANDOM,5,475,35,97,69,3,105,231,336
RANDOM,5,476,35,97,69,3,105,231,336
RANDOM,5,477,35,97,69,3,105,231,336
RANDOM,5,478,35,97,69,3,105,231,336
RANDOM,5,479,35,97,69,3,105,231,336
RANDOM,5,480,35,97,69,3,105,231,336
RANDOM,5,481,35,97,69,3,105,231,336
RANDOM,5,482,35,97,69,3,106,231,337
RANDOM,5,483,35,97,69,3,106,231,337
RANDOM,5,484,35,97,69,3,106,231,337
RANDOM,5,485,35,97,69,3,106,231,337
RANDOM,5,486,35,97,69,3,106,231,337
RANDOM,5,487,35,97,69,3,106,231,337
RANDOM,5,488,35,97,69,3,106,231,337
RANDOM,5,489,36,98,69,2,106,231,337
RANDOM,5,490,36,98,69,2,107,231,338
RANDOM,5,491,36,98,69,2,107,231,338
RANDOM,5,492,36,98,69,2,107,231,338
RANDOM,5,493,36,98,69,2,107,231,338
RANDOM,5,494,36,98,69,2,107,231,338
RANDOM,5,495,36,98,69,2,107,231,338
RANDOM,5,496,36,98,69,2,107,231,338
RANDOM,5,497,36,98,69,2,107,231,338
RANDOM,5,498,36,98,69,2,107,231,338
RANDOM,5,499,36,98,69,2,107,231,338
RANDOM,6,0,2,3,2,9,0,0,0
RANDOM,6,1,3,6,2,8,0,1,1
RANDOM,6,2,3,6,4,8,0,2,2
RANDOM,6,3,3,7,4,8,0,2,2
RANDOM,6,4,3,7,5,8,0,3,3
RANDOM,6,5,3,8,5,8,0,4,4
RANDOM,6,6,3,8,5,8,0,4,4
RANDOM,6,7,3,9,5,8,0,4,4
RANDOM,6,8,4,10,5,7,0,5,5
RANDOM,6,9,4,10,7,7,0,7,7
RANDOM,6,10,4,12,7,7,0,8,8
RANDOM,6,11,4,13,8,7,0,9,9
RANDOM,6,12,4,14,9,7,0,13,13
RANDOM,6,13,4,16,9,7,0,13,13
RANDOM,6,14,4,18,9,7,0,16,16
RANDOM,6,15,4,18,9,7,0,21,21
RANDOM,6,16,4,20,10,7,0,27,27
RANDOM,6,17,4,20,10,7,0,29,29
RANDOM,6,18,4,20,11,8,1,29,30
RANDOM,6,19,5,23,12,7,2,31,33
RANDOM,6,20,5,24,12,8,5,34,39
RANDOM,6,21,5,24,12,8,5,35,40
RANDOM,6,22,5,24,13,9,6,37,43
RANDOM,6,23,5,25,14,9,6,41,47
RANDOM,6,24,5,25,15,10,7,44,51
RANDOM,6,25,5,26,16,10,9,44,53
RANDOM,6,26,5,26,16,11,10,44,54
RANDOM,6,27,5,26,16,12,11,47,58
RANDOM,6,28,5,26,16,14,15,53,68
RANDOM,6,29,5,26,16,15,16,54,70
RANDOM,6,30,5,27,16,16,18,55,73
RANDOM,6,31,5,27,16,16,19,57,76
RANDOM,6,32,5,27,16,16,20,59,79
RANDOM,6,33,5,27,16,16,20,61,81
RANDOM,6,34,5,28,16,16,20,62,82
RANDOM,6,35,5,28,16,16,20,64,84
RANDOM,6,36,5,28,17,17,22,67,89
RANDOM,6,37,6,30,17,16,24,68,92
RANDOM,6,38,6,30,18,16,25,70,95
RANDOM,6,39,6,30,18,16,26,73,99
RANDOM,6,40,6,30,18,17,28,76,104
RANDOM,6,41,6,30,18,17,29,76,105
RANDOM,6,42,6,31,18,17,30,76,106
RANDOM,6,43,6,31,18,18,31,78,109
RANDOM,6,44,6,32,18,20,33,78,111
RANDOM,6,45,6,32,18,20,33,79,112
RANDOM,6,46,6,32,18,20,33,79,112
RANDOM,6,47,6,32,18,20,33,80,113
RANDOM,6,48,6,32,20,20,33,82,115
RANDOM,6,49,6,33,20,22,36,85,121
RANDOM,6,50,7,34,20,21,39,87,126
RANDOM,6,51,7,34,20,21,39,89,128
RANDOM,6,52,7,34,20,21,41,91,132
RANDOM,6,53,7,34,20,22,43,91,134
RANDOM,6,54,7,34,20,22,44,92,136
RANDOM,6,55,7,34,20,22,44,94,138
RANDOM,6,56,7,34,22,23,46,95,141
RANDOM,6,57,7,34,22,23,46,96,142
RANDOM,6,58,7,36,22,23,46,98,144
RANDOM,6,59,9,39,22,21,46,101,147
RANDOM,6,60,9,40,22,21,47,103,150
RANDOM,6,61,9,40,22,22,49,104,153
RANDOM,6,62,9,40,22,22,50,107,157
RANDOM,6,63,9,40,22,23,52,108,160
RANDOM,6,64,9,41,22,24,54,110,164
RANDOM,6,65,9,41,23,24,54,114,168
RANDOM,6,66,9,41,23,24,57,115,172
RANDOM,6,67,9,41,23,24,57,115,172
RANDOM,6,68,9,42,23,24,57,115,172
RANDOM,6,69,9,42,24,25,58,117,175
RANDOM,6,70,9,43,25,25,59,119,178
RANDOM,6,71,9,44,25,25,59,121,180
RANDOM,6,72,9,44,26,25,60,121,181
RANDOM,6,73,9,44,26,25,60,121,181
RANDOM,6,74,9,45,26,25,61,125,186
RANDOM,6,75,9,45,26,25,61,128,189
RANDOM,6,76,9,45,26,25,61,129,190
RANDOM,6,77,9,45,26,25,61,132,193
RANDOM,6,78,10,46,26,24,61,133,194
RANDOM,6,79,10,46,26,24,62,133,195
RANDOM,6,80,10,47,26,25,63,135,198
RANDOM,6,81,10,47,26,25,63,135,198
RANDOM,6,82,10,47,26,25,63,138,201
RANDOM,6,83,11,48,26,24,63,139,202
RANDOM,6,84,11,48,26,25,65,141,206
RANDOM,6,85,11,48,26,25,66,144,210
RANDOM,6,86,12,49,26,24,66,146,212
RANDOM,6,87,12,49,26,24,66,147,213
RANDOM,6,88,12,49,26,24,66,148,214
RANDOM,6,89,12,49,26,24,66,150,216
RANDOM,6,90,12,49,26,24,66,152,218
RANDOM,6,91,12,49,26,24,66,152,218
RANDOM,6,92,12,49,26,24,69,155,224
RANDOM,6,93,12,49,26,24,69,157,226
RANDOM,6,94,12,49,27,24,69,159,228
RANDOM,6,95,12,49,27,24,70,160,230
RANDOM,6,96,12,49,27,24,72,160,232
RANDOM,6,97,12,49,28,24,72,161,233
RANDOM,6,98,12,50,28,24,72,163,235
RANDOM,6,99,12,50,28,24,73,164,237
RANDOM,6,100,12,50,29,24,73,165,238
RANDOM,6,101,12,51,29,25,75,167,242
RANDOM,6,102,13,52,30,24,75,168,243
RANDOM,6,103,13,52,30,24,76,168,244
RANDOM,6,104,13,52,30,24,76,168,244
RANDOM,6,105,13,52,30,24,77,169,246
RANDOM,6,106,13,52,30,25,78,170,248
RANDOM,6,107,13,52,30,25,78,172,250
RANDOM,6,108,13,53,31,25,78,173,251
RANDOM,6,109,14,54,31,24,78,174,252
RANDOM,6,110,14,54,31,24,78,174,252
RANDOM,6,111,14,54,31,24,82,174,256
RANDOM,6,112,14,54,31,24,83,178,261
RANDOM,6,113,14,54,31,24,84,181,265
RANDOM,6,114,14,54,31,25,85,182,267
RANDOM,6,115,15,55,31,24,86,182,268
RANDOM,6,116,15,55,31,25,88,183,271
RANDOM,6,117,15,55,31,26,90,184,274
RANDOM,6,118,15,55,31,26,90,185,275
RANDOM,6,119,15,55,32,26,90,187,277
RANDOM,6,120,15,56,32,26,90,190,280
RANDOM,6,121,16,57,32,25,90,190,280
RANDOM,6,122,16,57,32,25,90,190,280
RANDOM,6,123,16,57,32,25,90,192,282
RANDOM,6,124,16,57,32,25,90,194,284
RANDOM,6,125,16,58,32,25,90,195,285
RANDOM,6,126,16,58,32,25,90,197,287
RANDOM,6,127,16,58,32,25,91,198,289
RANDOM,6,128,16,58,32,25,91,199,290
RANDOM,6,129,16,58,32,25,92,200,292
RANDOM,6,130,16,58,32,25,93,201,294
RANDOM,6,131,16,58,32,27,95,201,296
RANDOM,6,132,16,58,33,27,98,202,300
RANDOM,6,133,16,58,33,27,100,202,302
RANDOM,6,134,16,58,33,27,100,203,303
RANDOM,6,135,16,58,33,27,100,204,304
RANDOM,6,136,16,58,33,27,101,204,305
RANDOM,6,137,17,59,34,26,102,205,307
RANDOM,6,138,17,59,34,26,102,205,307
RANDOM,6,139,17,59,34,26,103,205,308
RANDOM,6,140,17,59,35,26,103,205,308
RANDOM,6,141,18,60,36,25,103,207,310
RANDOM,6,142,18,60,36,25,104,208,312
RANDOM,6,143,18,60,36,25,104,208,312
RANDOM,6,144,18,61,36,26,105,209,314
RANDOM,6,145,18,62,36,26,106,211,317
RANDOM,6,146,19,63,37,25,106,212,318
RANDOM,6,147,20,65,39,24,106,213,319
RANDOM,6,148,20,65,39,24,106,213,319
RANDOM,6,149,20,66,40,24,106,214,320
RANDOM,6,150,20,66,40,24,106,214,320
RANDOM,6,151,20,67,40,24,106,214,320
RANDOM,6,152,20,67,41,24,106,215,321
RANDOM,6,153,20,67,41,24,107,218,325
RANDOM,6,154,20,67,41,24,107,220,327
RANDOM,6,155,20,67,42,24,108,220,328
RANDOM,6,156,21,68,42,23,109,221,330
RANDOM,6,157,21,68,43,23,109,221,330
RANDOM,6,158,21,68,43,23,109,224,333
RANDOM,6,159,21,68,43,23,109,226,335
RANDOM,6,160,22,69,43,22,110,227,337
RANDOM,6,161,22,69,44,22,110,227,337
RANDOM,6,162,22,69,46,22,110,227,337
RANDOM,6,163,22,69,47,22,110,229,339
RANDOM,6,164,23,70,47,21,111,231,342
RANDOM,6,165,23,71,47,21,111,232,343
RANDOM,6,166,23,71,48,21,112,233,345
RANDOM,6,167,23,71,48,21,112,233,345
RANDOM,6,168,23,71,49,22,113,235,348
RANDOM,6,169,24,73,49,21,113,235,348
RANDOM,6,170,25,74,50,20,113,235,348
RANDOM,6,171,27,76,50,18,113,236,349
RANDOM,6,172,27,76,50,18,113,238,351
RANDOM,6,173,27,77,50,18,113,238,351
RANDOM,6,174,27,77,50,18,113,239,352
RANDOM,6,175,28,78,50,17,113,239,352
RANDOM,6,176,28,78,50,17,113,240,353
RANDOM,6,177,28,78,50,17,113,243,356
RANDOM,6,178,28,78,50,17,113,244,357
RANDOM,6,179,28,78,52,17,113,244,357
RANDOM,6,180,28,78,53,17,114,244,358
RANDOM,6,181,28,78,53,17,114,244,358
RANDOM,6,182,28,78,53,17,114,245,359
RANDOM,6,183,28,78,54,17,115,245,360
RANDOM,6,184,29,79,55,16,115,246,361
RANDOM,6,185,30,80,55,15,115,247,362
RANDOM,6,186,31,81,55,14,115,248,363
RANDOM,6,187,31,81,55,14,115,251,366
RANDOM,6,188,31,81,55,14,116,252,368
RANDOM,6,189,31,81,55,14,117,252,369
RANDOM,6,190,31,81,55,14,117,253,370
RANDOM,6,191,32,82,56,13,117,254,371
RANDOM,6,192,32,82,56,13,117,254,371
RANDOM,6,193,33,83,56,12,117,254,371
RANDOM,6,194,33,83,56,12,117,255,372
RANDOM,6,195,33,83,56,12,117,255,372
RANDOM,6,196,33,83,56,12,117,256,373
RANDOM,6,197,33,84,56,12,117,256,373
RANDOM,6,198,33,84,56,12,118,257,375
RANDOM,6,199,33,84,56,12,118,258,376
RANDOM,6,200,33,84,56,12,119,259,378
RANDOM,6,201,33,84,56,12,119,259,378
RANDOM,6,202,33,84,57,12,119,259,378
RANDOM,6,203,33,84,59,12,119,259,378
RANDOM,6,204,33,84,59,12,119,259,378
RANDOM,6,205,33,84,59,12,119,259,378
RANDOM,6,206,33,85,59,12,120,259,379
RANDOM,6,207,33,85,59,12,120,260,380
RANDOM,6,208,33,85,59,12,121,260,381
RANDOM,6,209,33,85,60,12,122,260,382
RANDOM,6,210,33,85,60,12,122,261,383
RANDOM,6,211,33,85,60,12,122,261,383
RANDOM,6,212,33,85,60,12,122,262,384
RANDOM,6,213,33,85,60,12,123,262,385
RANDOM,6,214,33,85,60,12,123,262,385
RANDOM,6,215,33,85,61,12,123,263,386
RANDOM,6,216,33,85,61,12,123,263,386
RANDOM,6,217,33,85,61,12,123,263,386
RANDOM,6,218,33,85,61,12,124,263,387
RANDOM,6,219,33,85,61,12,124,264,388
RANDOM,6,220,33,85,61,12,124,264,388
RANDOM,6,221,33,85,61,12,124,265,389
RANDOM,6,222,33,85,61,12,124,266,390
RANDOM,6,223,33,85,62,12,124,267,391
RANDOM,6,224,33,85,62,12,124,267,391
RANDOM,6,225,33,85,62,12,124,269,393
RANDOM,6,226,33,85,62,12,124,269,393
RANDOM,6,227,33,85,63,12,124,269,393
RANDOM,6,228,33,86,63,12,124,269,393
RANDOM,6,229,33,86,64,12,124,269,393
RANDOM,6,230,33,86,64,12,124,269,393
RANDOM,6,231,33,86,65,12,124,269,393
RANDOM,6,232,33,86,65,12,124,270,394
RANDOM,6,233,33,86,65,12,124,270,394
RANDOM,6,234,33,86,65,12,124,271,395
RANDOM,6,235,34,87,65,11,124,272,396
RANDOM,6,236,34,87,65,11,125,272,397
RANDOM,6,237,34,87,65,11,125,272,397
RANDOM,6,238,35,88,65,10,126,272,398
RANDOM,6,239,35,88,65,10,126,272,398
RANDOM,6,240,35,88,65,10,126,273,399
RANDOM,6,241,35,88,65,10,126,273,399
RANDOM,6,242,35,88,65,10,126,273,399
RANDOM,6,243,36,89,65,9,126,274,400
RANDOM,6,244,37,90,65,8,126,275,401
RANDOM,6,245,37,90,65,8,126,276,402
RANDOM,6,246,37,90,65,8,126,276,402
RANDOM,6,247,37,90,65,8,126,277,403
RANDOM,6,248,37,90,65,8,126,277,403
RANDOM,6,249,38,91,65,7,126,277,403
RANDOM,6,250,38,91,65,7,126,277,403
RANDOM,6,251,38,91,65,7,126,277,403
RANDOM,6,252,38,91,65,7,126,277,403
RANDOM,6,253,38,91,65,7,126,277,403
RANDOM,6,254,38,91,65,7,126,277,403
RANDOM,6,255,38,91,66,7,126,277,403
RANDOM,6,256,38,91,66,7,126,277,403
RANDOM,6,257,38,91,66,7,126,277,403
RANDOM,6,258,38,91,66,8,127,277,404
RANDOM,6,259,38,91,67,8,127,278,405
RANDOM,6,260,38,91,67,8,127,278,405
RANDOM,6,261,38,91,67,8,129,279,408
RANDOM,6,262,39,92,68,7,129,280,409
RANDOM,6,263,39,92,68,7,129,281,410
RANDOM,6,264,39,92,68,7,129,281,410
RANDOM,6,265,39,92,68,7,129,282,411
RANDOM,6,266,39,92,68,7,129,282,411
RANDOM,6,267,39,92,68,7,129,282,411
RANDOM,6,268,40,93,68,6,129,282,411
RANDOM,6,269,40,93,68,6,129,282,411
RANDOM,6,270,40,93,68,6,129,283,412
RANDOM,6,271,40,93,68,6,129,283,412
RANDOM,6,272,40,93,68,6,129,283,412
RANDOM,6,273,40,93,68,6,129,284,413
RANDOM,6,274,40,93,68,6,129,284,413
RANDOM,6,275,40,93,68,6,129,284,413
RANDOM,6,276,40,93,68,6,129,284,413
RANDOM,6,277,40,93,68,6,129,284,413
RANDOM,6,278,40,93,68,6,129,284,413
RANDOM,6,279,40,93,68,6,129,285,414
RANDOM,6,280,40,93,68,6,129,286,415
RANDOM,6,281,40,93,68,6,129,286,415
RANDOM,6,282,40,93,68,6,129,287,416
RANDOM,6,283,40,93,69,6,130,287,417
RANDOM,6,284,40,93,70,6,130,287,417
RANDOM,6,285,40,93,71,6,130,287,417
RANDOM,6,286,41,94,71,5,130,287,417
RANDOM,6,287,41,94,71,5,130,287,417
RANDOM,6,288,41,94,71,5,130,287,417
RANDOM,6,289,41,94,71,5,130,287,417
RANDOM,6,290,41,94,71,5,130,288,418
RANDOM,6,291,41,94,71,5,130,288,418
RANDOM,6,292,41,94,72,5,131,288,419
RANDOM,6,293,41,94,72,5,131,288,419
RANDOM,6,294,41,94,72,5,131,288,419
RANDOM,6,295,41,94,72,5,132,288,420
RANDOM,6,296,41,94,72,5,132,288,420
RANDOM,6,297,41,94,72,5,132,288,420
RANDOM,6,298,41,94,72,5,132,288,420
RANDOM,6,299,41,94,72,5,132,288,420
RANDOM,6,300,41,94,72,5,132,288,420
RANDOM,6,301,41,94,72,5,132,288,420
RANDOM,6,302,41,94,72,5,132,289,421
RANDOM,6,303,41,94,72,5,132,289,421
RANDOM,6,304,41,94,72,5,132,289,421
RANDOM,6,305,41,94,72,5,132,289,421
RANDOM,6,306,41,94,72,5,132,289,421
RANDOM,6,307,41,94,72,5,132,289,421
RANDOM,6,308,41,94,72,5,132,290,422
RANDOM,6,309,41,94,72,5,133,290,423
RANDOM,6,310,41,94,72,5,133,290,423
RANDOM,6,311,41,94,72,5,133,290,423
RANDOM,6,312,41,94,72,5,133,290,423
RANDOM,6,313,41,94,72,5,133,290,423
RANDOM,6,314,41,94,72,5,133,291,424
RANDOM,6,315,41,94,72,5,133,291,424
RANDOM,6,316,41,94,72,5,133,292,425
RANDOM,6,317,41,94,72,5,133,292,425
RANDOM,6,318,41,94,72,5,133,292,425
RANDOM,6,319,41,94,72,5,133,292,425
RANDOM,6,320,41,94,72,5,133,292,425
RANDOM,6,321,41,94,72,5,133,292,425
RANDOM,6,322,41,94,72,5,133,292,425
RANDOM,6,323,41,94,72,5,133,292,425
RANDOM,6,324,41,94,72,5,133,292,425
RANDOM,6,325,41,94,72,5,133,292,425
RANDOM,6,326,41,94,72,5,133,292,425
RANDOM,6,327,41,94,72,5,133,292,425
RANDOM,6,328,42,95,72,4,133,293,426
RANDOM,6,329,42,95,72,4,133,293,426
RANDOM,6,330,42,95,72,4,133,295,428
RANDOM,6,331,42,95,72,4,133,295,428
RANDOM,6,332,42,95,72,4,133,295,428
RANDOM,6,333,42,95,72,4,134,295,429
RANDOM,6,334,42,95,72,4,134,295,429
RANDOM,6,335,42,95,72,4,134,295,429
RANDOM,6,336,42,95,72,4,134,295,429
RANDOM,6,337,42,95,72,4,134,295,429
RANDOM,6,338,42,95,72,4,134,295,429
RANDOM,6,339,42,95,72,4,134,295,429
RANDOM,6,340,42,95,72,4,135,295,430
RANDOM,6,341,42,95,72,4,135,297,432
RANDOM,6,342,42,95,72,4,135,297,432
RANDOM,6,343,42,95,72,4,135,297,432
RANDOM,6,344,42,95,72,4,135,297,432
RANDOM,6,345,42,95,72,4,135,297,432
RANDOM,6,346,42,95,72,4,135,297,432
RANDOM,6,347,42,95,72,4,135,297,432
RANDOM,6,348,42,95,72,4,135,297,432
RANDOM,6,349,42,95,72,4,135,297,432
RANDOM,6,350,42,95,72,4,136,297,433
RANDOM,6,351,42,95,72,4,136,297,433
RANDOM,6,352,42,95,72,4,136,297,433
RANDOM,6,353,42,95,72,4,136,297,433
RANDOM,6,354,42,95,72,4,136,297,433
RANDOM,6,355,42,95,72,4,136,297,433
RANDOM,6,356,42,95,72,4,136,297,433
RANDOM,6,357,42,95,72,4,136,298,434
RANDOM,6,358,42,95,72,4,136,298,434
RANDOM,6,359,42,95,72,4,136,298,434
RANDOM,6,360,42,95,72,4,136,298,434
RANDOM,6,361,42,95,72,4,136,298,434
RANDOM,6,362,42,95,72,4,136,298,434
RANDOM,6,363,42,95,72,4,136,298,434
RANDOM,6,364,42,95,72,4,136,298,434
RANDOM,6,365,42,95,72,4,136,298,434
RANDOM,6,366,42,95,72,4,137,298,435
RANDOM,6,367,42,95,72,4,137,298,435
RANDOM,6,368,42,95,72,4,137,298,435
RANDOM,6,369,42,95,72,4,137,299,436
RANDOM,6,370,42,95,72,4,137,299,436
RANDOM,6,371,42,95,72,4,137,300,437
RANDOM,6,372,42,95,72,4,137,301,438
RANDOM,6,373,42,95,72,4,137,301,438
RANDOM,6,374,42,95,72,4,137,301,438
RANDOM,6,375,42,95,72,4,137,301,438
RANDOM,6,376,42,95,72,4,137,301,438
RANDOM,6,377,42,95,72,4,137,301,438
RANDOM,6,378,42,95,72,4,137,301,438
RANDOM,6,379,42,95,72,4,137,301,438
RANDOM,6,380,42,95,72,4,137,301,438
RANDOM,6,381,42,95,72,4,137,301,438
RANDOM,6,382,42,95,72,4,137,302,439
RANDOM,6,383,42,95,72,4,137,302,439
RANDOM,6,384,42,95,72,4,137,302,439
RANDOM,6,385,42,95,72,4,137,302,439
RANDOM,6,386,42,95,72,4,137,302,439
RANDOM,6,387,42,95,72,4,138,302,440
RANDOM,6,388,42,95,72,4,139,302,441
RANDOM,6,389,42,95,72,4,139,302,441
RANDOM,6,390,42,95,72,4,139,302,441
RANDOM,6,391,42,95,72,4,139,303,442
RANDOM,6,392,42,95,72,4,139,303,442
RANDOM,6,393,42,95,72,4,139,304,443
RANDOM,6,394,42,95,72,4,139,304,443
RANDOM,6,395,42,95,72,4,139,304,443
RANDOM,6,396,42,95,72,4,139,304,443
RANDOM,6,397,42,95,72,4,139,304,443
RANDOM,6,398,42,95,72,4,139,304,443
RANDOM,6,399,42,95,72,4,139,304,443
RANDOM,6,400,42,95,72,4,139,304,443
RANDOM,6,401,42,95,72,4,139,304,443
RANDOM,6,402,42,95,72,4,139,304,443
RANDOM,6,403,42,95,72,4,139,304,443
RANDOM,6,404,42,95,72,4,139,306,445
RANDOM,6,405,42,95,72,4,139,307,446
RANDOM,6,406,42,95,72,4,139,307,446
RANDOM,6,407,42,95,72,4,139,307,446
RANDOM,6,408,42,95,72,4,139,307,446
RANDOM,6,409,42,95,72,4,139,307,446
RANDOM,6,410,42,95,72,4,139,307,446
RANDOM,6,411,42,95,72,4,139,307,446
RANDOM,6,412,42,95,72,4,139,307,446
RANDOM,6,413,42,95,72,4,139,307,446
RANDOM,6,414,42,95,72,4,140,307,447
RANDOM,6,415,42,95,72,4,140,307,447
RANDOM,6,416,42,95,72,4,140,307,447
RANDOM,6,417,42,95,72,4,140,307,447
RANDOM,6,418,42,95,72,4,140,308,448
RANDOM,6,419,42,95,72,4,140,309,449
RANDOM,6,420,42,95,72,4,141,309,450
RANDOM,6,421,42,95,72,4,141,309,450
RANDOM,6,422,42,95,72,4,141,309,450
RANDOM,6,423,42,95,72,4,141,309,450
RANDOM,6,424,42,95,72,4,141,309,450
RANDOM,6,425,42,95,72,4,141,309,450
RANDOM,6,426,42,95,72,4,141,309,450
RANDOM,6,427,42,95,72,4,141,309,450
RANDOM,6,428,42,95,72,4,141,309,450
RANDOM,6,429,42,95,72,4,142,309,451
RANDOM,6,430,42,95,72,4,143,309,452
RANDOM,6,431,42,95,72,4,143,309,452
RANDOM,6,432,42,95,72,4,143,309,452
RANDOM,6,433,42,95,72,4,143,309,452
RANDOM,6,434,42,95,72,4,143,309,452
RANDOM,6,435,42,95,72,4,143,309,452
RANDOM,6,436,42,95,72,4,143,310,453
RANDOM,6,437,42,95,72,4,143,310,453
RANDOM,6,438,42,95,72,4,143,310,453
RANDOM,6,439,42,95,72,4,143,310,453
RANDOM,6,440,42,95,72,4,143,310,453
RANDOM,6,441,42,95,73,4,143,310,453
RANDOM,6,442,42,95,73,4,143,310,453
RANDOM,6,443,42,95,73,4,143,310,453
RANDOM,6,444,43,96,73,3,143,310,453
RANDOM,6,445,43,96,73,3,143,310,453
RANDOM,6,446,43,96,73,3,143,310,453
RANDOM,6,447,43,96,73,3,144,310,454
RANDOM,6,448,43,96,73,3,144,310,454
RANDOM,6,449,43,96,73,3,144,310,454
RANDOM,6,450,43,96,73,3,144,310,454
RANDOM,6,451,43,96,73,3,144,310,454
RANDOM,6,452,43,96,73,3,144,310,454
RANDOM,6,453,43,96,73,3,144,310,454
RANDOM,6,454,43,96,73,3,144,310,454
RANDOM,6,455,43,96,73,3,144,310,454
RANDOM,6,456,43,96,73,3,144,310,454
RANDOM,6,457,43,96,73,3,144,310,454
RANDOM,6,458,43,96,73,3,144,311,455
RANDOM,6,459,43,96,73,3,144,311,455
RANDOM,6,460,43,96,73,3,144,312,456
RANDOM,6,461,43,96,73,3,144,312,456
RANDOM,6,462,43,96,73,3,144,312,456
RANDOM,6,463,43,96,73,3,144,312,456
RANDOM,6,464,43,96,73,3,144,312,456
RANDOM,6,465,43,96,73,3,144,312,456
RANDOM,6,466,43,96,73,3,144,312,456
RANDOM,6,467,43,96,73,3,144,312,456
RANDOM,6,468,43,96,73,3,144,312,456
RANDOM,6,469,43,96,73,3,144,312,456
RANDOM,6,470,43,96,73,3,144,312,456
RANDOM,6,471,43,96,73,3,144,313,457
RANDOM,6,472,43,96,73,3,144,313,457
RANDOM,6,473,43,96,73,3,145,313,458
RANDOM,6,474,43,96,73,3,145,313,458
RANDOM,6,475,43,96,73,3,145,313,458
RANDOM,6,476,43,96,73,3,145,313,458
RANDOM,6,477,43,96,73,3,145,313,458
RANDOM,6,478,43,96,73,3,145,314,459
RANDOM,6,479,43,96,73,3,145,314,459
RANDOM,6,480,43,97,73,3,145,314,459
RANDOM,6,481,43,97,73,3,145,314,459
RANDOM,6,482,43,97,73,3,145,314,459
RANDOM,6,483,43,97,73,3,145,315,460
RANDOM,6,484,43,97,73,3,145,315,460
RANDOM,6,485,43,97,73,3,145,315,460
RANDOM,6,486,43,97,73,3,145,315,460
RANDOM,6,487,43,97,73,3,145,315,460
RANDOM,6,488,43,97,73,3,145,315,460
RANDOM,6,489,43,97,73,3,145,315,460
RANDOM,6,490,43,97,73,3,145,315,460
RANDOM,6,491,43,97,73,3,145,316,461
RANDOM,6,492,43,97,73,3,145,316,461
RANDOM,6,493,43,97,73,3,145,316,461
RANDOM,6,494,43,97,73,3,145,317,462
RANDOM,6,495,43,97,73,3,145,317,462
RANDOM,6,496,43,97,73,3,145,317,462
RANDOM,6,497,43,97,73,3,146,317,463
RANDOM,6,498,43,97,73,3,146,317,463
RANDOM,6,499,43,97,73,3,146,317,463
RANDOM,7,0,0,2,2,13,0,1,1
RANDOM,7,1,1,6,3,12,0,2,2
RANDOM,7,2,1,6,5,12,0,3,3
RANDOM,7,3,2,10,7,11,0,3,3
RANDOM,7,4,2,12,8,11,0,4,4
RANDOM,7,5,2,14,10,11,0,5,5
RANDOM,7,6,3,17,10,10,0,5,5
RANDOM,7,7,3,17,10,10,0,5,5
RANDOM,7,8,3,17,10,10,0,5,5
RANDOM,7,9,3,19,11,10,0,6,6
RANDOM,7,10,3,20,11,10,0,7,7
RANDOM,7,11,3,20,11,10,0,8,8
RANDOM,7,12,3,20,11,10,0,9,9
RANDOM,7,13,5,23,11,8,0,11,11
RANDOM,7,14,6,26,11,7,0,12,12
RANDOM,7,15,6,28,13,7,0,15,15
RANDOM,7,16,6,28,16,7,0,15,15
RANDOM,7,17,6,28,17,7,1,19,20
RANDOM,7,18,6,29,17,7,1,21,22
RANDOM,7,19,6,31,18,7,1,22,23
RANDOM,7,20,6,31,20,9,3,25,28
RANDOM,7,21,6,32,20,10,5,28,33
RANDOM,7,22,6,32,20,10,5,29,34
RANDOM,7,23,6,33,20,10,5,30,35
RANDOM,7,24,6,33,22,10,7,32,39
RANDOM,7,25,6,34,22,11,9,36,45
RANDOM,7,26,7,36,22,10,9,37,46
RANDOM,7,27,7,36,24,10,10,38,48
RANDOM,7,28,7,36,25,10,10,41,51
RANDOM,7,29,7,36,25,10,10,43,53
RANDOM,7,30,8,37,25,9,10,46,56
RANDOM,7,31,8,37,25,9,10,49,59
RANDOM,7,32,8,37,26,10,11,51,62
RANDOM,7,33,8,37,26,11,12,54,66
RANDOM,7,34,8,38,28,11,12,58,70
RANDOM,7,35,8,38,30,11,13,59,72
RANDOM,7,36,8,39,30,11,13,60,73
RANDOM,7,37,8,40,31,11,14,61,75
RANDOM,7,38,8,42,31,11,14,61,75
RANDOM,7,39,8,42,32,11,14,62,76
RANDOM,7,40,8,42,32,12,15,65,80
RANDOM,7,41,8,42,33,13,16,67,83
RANDOM,7,42,8,43,33,13,16,70,86
RANDOM,7,43,8,44,33,13,18,71,89
RANDOM,7,44,8,44,33,13,18,71,89
RANDOM,7,45,9,46,33,13,19,73,92
RANDOM,7,46,9,47,34,14,20,74,94
RANDOM,7,47,9,47,35,16,22,78,100
RANDOM,7,48,9,48,35,16,23,80,103
RANDOM,7,49,9,48,35,16,23,82,105
RANDOM,7,50,9,48,35,16,24,82,106
RANDOM,7,51,9,48,35,16,25,84,109
RANDOM,7,52,9,48,35,16,25,84,109
RANDOM,7,53,9,48,36,16,25,87,112
RANDOM,7,54,9,48,36,16,26,88,114
RANDOM,7,55,9,50,37,16,26,89,115
RANDOM,7,56,9,50,38,16,27,91,118
RANDOM,7,57,9,51,38,17,28,92,120
RANDOM,7,58,10,52,38,16,28,92,120
RANDOM,7,59,10,53,38,16,28,92,120
RANDOM,7,60,10,53,38,19,32,92,124
RANDOM,7,61,10,53,38,19,32,93,125
RANDOM,7,62,10,53,39,19,32,93,125
RANDOM,7,63,10,53,39,19,33,94,127
RANDOM,7,64,10,53,39,21,36,95,131
RANDOM,7,65,10,53,39,21,37,95,132
RANDOM,7,66,10,53,39,21,37,96,133
RANDOM,7,67,10,53,39,21,37,100,137
RANDOM,7,68,11,54,39,21,38,102,140
RANDOM,7,69,11,54,39,21,38,105,143
RANDOM,7,70,11,54,39,21,38,106,144
RANDOM,7,71,11,54,39,22,39,106,145
RANDOM,7,72,11,54,39,22,39,107,146
RANDOM,7,73,12,55,39,21,39,109,148
RANDOM,7,74,13,56,39,20,41,110,151
RANDOM,7,75,13,56,39,21,42,111,153
RANDOM,7,76,13,56,39,21,42,113,155
RANDOM,7,77,13,57,39,21,42,113,155
RANDOM,7,78,13,57,39,21,43,115,158
RANDOM,7,79,13,57,40,21,43,116,159
RANDOM,7,80,13,57,41,21,44,116,160
RANDOM,7,81,13,59,42,21,45,118,163
RANDOM,7,82,13,59,42,21,45,120,165
RANDOM,7,83,13,59,43,21,45,121,166
RANDOM,7,84,13,59,43,22,47,123,170
RANDOM,7,85,13,60,43,22,48,124,172
RANDOM,7,86,13,61,43,22,48,127,175
RANDOM,7,87,13,61,43,22,48,129,177
RANDOM,7,88,13,61,43,22,49,132,181
RANDOM,7,89,13,61,43,22,49,132,181
RANDOM,7,90,15,63,43,20,49,132,181
RANDOM,7,91,15,63,43,21,50,133,183
RANDOM,7,92,15,63,43,21,50,134,184
RANDOM,7,93,15,63,43,21,50,135,185
RANDOM,7,94,15,63,43,21,50,136,186
RANDOM,7,95,15,64,43,21,50,137,187
RANDOM,7,96,15,64,43,21,50,139,189
RANDOM,7,97,15,64,43,21,50,141,191
RANDOM,7,98,16,65,43,20,50,142,192
RANDOM,7,99,17,66,43,19,51,143,194
RANDOM,7,100,17,66,43,19,51,144,195
RANDOM,7,101,17,67,43,19,52,147,199
RANDOM,7,102,17,68,44,19,54,150,204
RANDOM,7,103,17,68,44,19,54,151,205
RANDOM,7,104,17,68,45,19,54,153,207
RANDOM,7,105,17,68,45,19,54,155,209
RANDOM,7,106,17,68,45,19,54,155,209
RANDOM,7,107,18,69,45,18,54,155,209
RANDOM,7,108,18,69,45,18,54,155,209
RANDOM,7,109,18,69,45,18,54,156,210
RANDOM,7,110,18,69,45,18,54,156,210
RANDOM,7,111,18,69,45,18,55,159,214
RANDOM,7,112,18,69,45,18,55,160,215
RANDOM,7,113,18,69,45,19,57,160,217
RANDOM,7,114,18,69,45,19,57,162,219
RANDOM,7,115,18,69,45,19,57,162,219
RANDOM,7,116,18,69,45,19,57,162,219
RANDOM,7,117,18,69,45,19,58,163,221
RANDOM,7,118,18,69,45,19,59,164,223
RANDOM,7,119,19,70,45,18,60,164,224
RANDOM,7,120,19,70,45,18,60,165,225
RANDOM,7,121,19,70,45,18,60,166,226
RANDOM,7,122,20,71,45,17,61,167,228
RANDOM,7,123,20,71,45,17,61,170,231
RANDOM,7,124,20,71,45,17,62,171,233
RANDOM,7,125,20,72,45,17,62,171,233
RANDOM,7,126,20,72,45,18,63,171,234
RANDOM,7,127,20,72,46,18,63,171,234
RANDOM,7,128,20,73,46,18,64,171,235
RANDOM,7,129,20,73,46,18,65,172,237
RANDOM,7,130,20,73,46,18,65,173,238
RANDOM,7,131,20,73,46,18,65,173,238
RANDOM,7,132,20,73,46,18,66,173,239
RANDOM,7,133,20,73,46,18,66,173,239
RANDOM,7,134,20,73,46,18,66,174,240
RANDOM,7,135,20,73,46,18,66,175,241
RANDOM,7,136,20,73,47,18,66,176,242
RANDOM,7,137,20,73,47,18,66,176,242
RANDOM,7,138,20,73,48,18,66,177,243
RANDOM,7,139,20,73,48,18,68,177,245
RANDOM,7,140,21,74,48,17,68,178,246
RANDOM,7,141,21,74,48,17,68,180,248
RANDOM,7,142,21,74,48,17,68,180,248
RANDOM,7,143,22,75,48,16,68,181,249
RANDOM,7,144,22,75,48,16,68,182,250
RANDOM,7,145,22,75,49,16,68,182,250
RANDOM,7,146,22,75,49,16,69,184,253
RANDOM,7,147,22,75,49,16,69,184,253
RANDOM,7,148,22,75,49,16,69,184,253
RANDOM,7,149,22,75,49,16,69,185,254
RANDOM,7,150,22,75,49,16,69,185,254
RANDOM,7,151,22,76,49,16,70,185,255
RANDOM,7,152,22,76,49,16,70,185,255
RANDOM,7,153,22,76,49,16,70,187,257
RANDOM,7,154,22,77,49,17,72,188,260
RANDOM,7,155,22,77,49,18,74,188,262
RANDOM,7,156,23,78,49,17,74,188,262
RANDOM,7,157,23,78,49,17,74,188,262
RANDOM,7,158,23,78,49,17,74,188,262
RANDOM,7,159,23,78,49,17,75,188,263
RANDOM,7,160,23,79,49,17,75,188,263
RANDOM,7,161,23,79,49,17,75,189,264
RANDOM,7,162,23,79,49,17,75,189,264
RANDOM,7,163,23,79,49,17,75,189,264
RANDOM,7,164,23,79,49,17,75,189,264
RANDOM,7,165,24,80,49,16,76,189,265
RANDOM,7,166,24,80,49,16,77,189,266
RANDOM,7,167,25,81,49,15,78,189,267
RANDOM,7,168,25,81,49,15,79,189,268
RANDOM,7,169,25,81,49,15,79,190,269
RANDOM,7,170,25,81,49,15,79,191,270
RANDOM,7,171,25,81,49,15,79,192,271
RANDOM,7,172,25,81,49,15,79,192,271
RANDOM,7,173,25,82,49,15,79,192,271
RANDOM,7,174,25,82,49,15,79,192,271
RANDOM,7,175,25,82,49,15,80,192,272
RANDOM,7,176,25,82,49,15,82,192,274
RANDOM,7,177,25,82,49,15,82,193,275
RANDOM,7,178,25,82,49,15,82,196,278
RANDOM,7,179,25,82,49,15,82,196,278
RANDOM,7,180,25,82,49,15,82,196,278
RANDOM,7,181,25,82,49,15,82,197,279
RANDOM,7,182,25,82,49,15,83,198,281
RANDOM,7,183,25,82,49,15,84,198,282
RANDOM,7,184,25,82,49,15,84,198,282
RANDOM,7,185,25,82,49,15,84,198,282
RANDOM,7,186,25,82,50,15,85,198,283
RANDOM,7,187,25,82,50,15,86,198,284
RANDOM,7,188,25,82,50,15,86,198,284
RANDOM,7,189,25,82,50,15,86,200,286
RANDOM,7,190,25,82,51,15,87,200,287
RANDOM,7,191,25,83,51,15,87,200,287
RANDOM,7,192,26,84,51,14,88,200,288
RANDOM,7,193,26,84,51,14,88,200,288
RANDOM,7,194,26,84,51,14,89,200,289
RANDOM,7,195,26,84,51,14,89,200,289
RANDOM,7,196,26,84,51,14,90,201,291
RANDOM,7,197,27,85,51,14,91,201,292
RANDOM,7,198,27,85,51,14,92,201,293
RANDOM,7,199,28,86,51,13,92,202,294
RANDOM,7,200,28,86,52,13,92,202,294
RANDOM,7,201,28,86,52,13,92,202,294
RANDOM,7,202,28,86,52,13,92,202,294
RANDOM,7,203,29,87,52,12,92,202,294
RANDOM,7,204,29,87,52,12,92,202,294
RANDOM,7,205,29,87,53,12,92,202,294
RANDOM,7,206,29,87,53,12,93,202,295
RANDOM,7,207,29,87,53,12,93,202,295
RANDOM,7,208,29,87,53,12,93,202,295
RANDOM,7,209,29,87,53,12,93,203,296
RANDOM,7,210,29,87,53,12,93,203,296
RANDOM,7,211,29,87,53,12,93,203,296
RANDOM,7,212,29,87,53,12,93,203,296
RANDOM,7,213,29,87,53,12,93,203,296
RANDOM,7,214,29,87,53,12,93,204,297
RANDOM,7,215,29,87,53,12,93,205,298
RANDOM,7,216,29,87,53,12,93,206,299
RANDOM,7,217,29,88,53,12,95,206,301
RANDOM,7,218,29,88,53,12,95,206,301
RANDOM,7,219,29,88,53,12,95,207,302
RANDOM,7,220,29,88,53,12,95,208,303
RANDOM,7,221,29,88,53,12,95,208,303
RANDOM,7,222,29,88,53,12,95,208,303
RANDOM,7,223,29,88,53,12,95,208,303
RANDOM,7,224,29,88,53,12,95,208,303
RANDOM,7,225,29,88,53,12,96,209,305
RANDOM,7,226,29,88,53,12,96,209,305
RANDOM,7,227,29,88,53,12,97,209,306
RANDOM,7,228,29,88,53,12,97,209,306
RANDOM,7,229,29,88,53,12,97,210,307
RANDOM,7,230,29,88,53,12,97,210,307
RANDOM,7,231,29,88,53,12,97,210,307
RANDOM,7,232,29,88,54,12,98,211,309
RANDOM,7,233,29,88,54,12,98,211,309
RANDOM,7,234,29,88,54,12,99,211,310
RANDOM,7,235,29,88,54,12,99,212,311
RANDOM,7,236,29,88,54,12,99,212,311
RANDOM,7,237,29,88,54,12,99,213,312
RANDOM,7,238,30,89,54,11,99,213,312
RANDOM,7,239,30,89,54,11,100,214,314
RANDOM,7,240,31,90,54,10,100,214,314
RANDOM,7,241,31,90,54,10,100,215,315
RANDOM,7,242,31,90,54,10,100,215,315
RANDOM,7,243,31,90,54,10,101,215,316
RANDOM,7,244,31,90,54,10,101,215,316
RANDOM,7,245,31,90,54,10,101,215,316
RANDOM,7,246,31,90,54,10,101,216,317
RANDOM,7,247,31,90,54,10,101,216,317
RANDOM,7,248,31,90,54,10,101,216,317
RANDOM,7,249,31,90,54,10,101,216,317
RANDOM,7,250,31,90,54,10,101,216,317
RANDOM,7,251,31,90,54,10,101,218,319
RANDOM,7,252,31,90,54,10,101,218,319
RANDOM,7,253,31,90,54,10,101,218,319
RANDOM,7,254,31,90,54,10,101,218,319
RANDOM,7,255,31,90,54,10,101,219,320
RANDOM,7,256,31,90,54,10,102,219,321
RANDOM,7,257,31,90,54,10,102,219,321
RANDOM,7,258,31,90,54,10,102,219,321
RANDOM,7,259,31,90,54,10,102,219,321
RANDOM,7,260,32,91,54,9,102,219,321
RANDOM,7,261,32,91,54,9,103,219,322
RANDOM,7,262,32,91,54,9,103,219,322
RANDOM,7,263,32,91,54,9,103,219,322
RANDOM,7,264,32,91,54,9,103,220,323
RANDOM,7,265,33,92,54,8,103,220,323
RANDOM,7,266,33,92,54,8,103,220,323
RANDOM,7,267,33,92,54,8,103,220,323
RANDOM,7,268,33,92,54,8,103,221,324
RANDOM,7,269,33,92,54,8,103,221,324
RANDOM,7,270,33,92,54,8,103,222,325
RANDOM,7,271,33,92,54,8,103,222,325
RANDOM,7,272,33,92,54,8,104,222,326
RANDOM,7,273,33,92,54,8,104,222,326
RANDOM,7,274,33,92,54,8,104,222,326
RANDOM,7,275,33,92,54,8,104,222,326
RANDOM,7,276,33,92,54,8,104,222,326
RANDOM,7,277,33,92,54,8,104,223,327
RANDOM,7,278,33,92,54,8,104,223,327
RANDOM,7,279,33,92,54,8,104,223,327
RANDOM,7,280,33,92,54,8,104,223,327
RANDOM,7,281,33,92,54,8,104,224,328
RANDOM,7,282,33,92,54,8,104,224,328
RANDOM,7,283,33,92,54,8,104,225,329
RANDOM,7,284,33,92,54,8,104,227,331
RANDOM,7,285,33,92,54,8,104,227,331
RANDOM,7,286,33,92,54,8,104,227,331
RANDOM,7,287,33,92,54,8,104,228,332
RANDOM,7,288,33,92,54,8,105,228,333
RANDOM,7,289,33,92,54,8,106,228,334
RANDOM,7,290,33,92,54,8,106,228,334
RANDOM,7,291,33,92,54,8,106,228,334
RANDOM,7,292,33,92,54,8,106,228,334
RANDOM,7,293,33,92,54,8,106,228,334
RANDOM,7,294,33,92,54,8,106,228,334
RANDOM,7,295,33,92,54,8,106,228,334
RANDOM,7,296,33,92,54,8,106,228,334
RANDOM,7,297,33,92,54,8,107,228,335
RANDOM,7,298,33,92,54,8,107,228,335
RANDOM,7,299,33,92,54,8,107,228,335
RANDOM,7,300,33,92,54,8,107,228,335
RANDOM,7,301,33,92,54,8,107,228,335
RANDOM,7,302,33,92,54,8,107,229,336
RANDOM,7,303,33,92,54,8,107,229,336
RANDOM,7,304,33,92,54,8,107,229,336
RANDOM,7,305,33,92,54,8,107,229,336
RANDOM,7,306,33,92,54,8,107,229,336
RANDOM,7,307,33,92,54,8,107,231,338
RANDOM,7,308,34,93,54,7,107,231,338
RANDOM,7,309,34,93,54,7,107,231,338
RANDOM,7,310,34,93,54,7,107,231,338
RANDOM,7,311,34,93,54,7,108,231,339
RANDOM,7,312,34,93,54,7,108,231,339
RANDOM,7,313,34,93,54,7,108,231,339
RANDOM,7,314,34,93,54,7,108,231,339
RANDOM,7,315,34,93,54,7,108,231,339
RANDOM,7,316,34,93,54,7,109,231,340
RANDOM,7,317,34,93,54,7,109,231,340
RANDOM,7,318,34,93,54,7,109,232,341
RANDOM,7,319,34,93,54,7,109,232,341
RANDOM,7,320,34,93,54,7,109,232,341
RANDOM,7,321,34,93,54,7,109,232,341
RANDOM,7,322,34,93,54,7,109,233,342
RANDOM,7,323,34,93,54,7,110,233,343
RANDOM,7,324,34,93,54,7,110,233,343
RANDOM,7,325,34,93,54,7,110,233,343
RANDOM,7,326,34,93,54,7,110,233,343
RANDOM,7,327,34,93,54,7,110,233,343
RANDOM,7,328,34,93,54,7,110,233,343
RANDOM,7,329,34,93,54,7,110,233,343
RANDOM,7,330,34,93,54,7,110,233,343
RANDOM,7,331,34,93,54,7,110,233,343
RANDOM,7,332,34,93,54,7,110,233,343
RANDOM,7,333,34,93,54,7,110,233,343
RANDOM,7,334,34,93,54,7,110,233,343
RANDOM,7,335,34,93,54,7,110,233,343
RANDOM,7,336,34,93,54,7,110,234,344
RANDOM,7,337,35,94,54,6,110,235,345
RANDOM,7,338,35,94,54,6,110,235,345
RANDOM,7,339,35,94,54,6,110,235,345
RANDOM,7,340,35,94,54,6,110,235,345
RANDOM,7,341,35,94,54,6,111,235,346
RANDOM,7,342,35,94,54,6,111,235,346
RANDOM,7,343,35,94,54,6,111,235,346
RANDOM,7,344,35,94,54,6,111,235,346
RANDOM,7,345,35,94,54,6,111,235,346
RANDOM,7,346,35,94,54,6,111,235,346
RANDOM,7,347,35,94,54,6,111,235,346
RANDOM,7,348,35,94,54,6,111,235,346
RANDOM,7,349,35,94,54,6,112,235,347
RANDOM,7,350,35,94,54,6,113,236,349
RANDOM,7,351,35,94,54,6,113,236,349
RANDOM,7,352,35,94,54,6,113,236,349
RANDOM,7,353,35,94,54,6,113,236,349
RANDOM,7,354,35,94,54,6,113,236,349
RANDOM,7,355,35,94,54,6,113,236,349
RANDOM,7,356,35,94,54,6,113,236,349
RANDOM,7,357,35,94,54,6,113,236,349
RANDOM,7,358,35,94,54,6,113,236,349
RANDOM,7,359,35,94,55,6,113,236,349
RANDOM,7,360,35,94,56,6,114,236,350
RANDOM,7,361,36,95,56,5,114,236,350
RANDOM,7,362,36,95,56,5,114,236,350
RANDOM,7,363,36,95,56,5,114,236,350
RANDOM,7,364,36,95,56,5,114,237,351
RANDOM,7,365,36,95,56,5,114,237,351
RANDOM,7,366,36,95,56,5,114,237,351
RANDOM,7,367,37,96,56,4,114,237,351
RANDOM,7,368,37,96,56,4,114,237,351
RANDOM,7,369,37,96,56,4,114,237,351
RANDOM,7,370,37,96,56,4,114,237,351
RANDOM,7,371,37,96,56,4,114,237,351
RANDOM,7,372,37,96,56,4,115,237,352
RANDOM,7,373,37,96,56,4,115,237,352
RANDOM,7,374,37,96,56,4,115,237,352
RANDOM,7,375,37,96,56,4,115,237,352
RANDOM,7,376,37,96,56,4,115,237,352
RANDOM,7,377,37,96,56,4,115,237,352
RANDOM,7,378,37,96,56,4,116,237,353
RANDOM,7,379,37,96,56,4,116,237,353
RANDOM,7,380,37,96,56,4,116,237,353
RANDOM,7,381,37,96,56,4,116,237,353
RANDOM,7,382,37,96,56,4,116,237,353
RANDOM,7,383,37,96,56,4,116,237,353
RANDOM,7,384,37,96,56,4,116,238,354
RANDOM,7,385,37,96,56,4,116,238,354
RANDOM,7,386,37,96,56,4,116,238,354
RANDOM,7,387,37,96,56,4,116,238,354
RANDOM,7,388,37,96,56,4,116,238,354
RANDOM,7,389,37,96,56,4,116,238,354
RANDOM,7,390,37,96,56,4,116,238,354
RANDOM,7,391,37,96,56,4,116,238,354
RANDOM,7,392,37,96,56,4,116,238,354
RANDOM,7,393,37,96,56,4,116,238,354
RANDOM,7,394,37,96,56,4,116,238,354
RANDOM,7,395,37,96,56,4,116,238,354
RANDOM,7,396,37,96,56,4,116,239,355
RANDOM,7,397,37,96,56,4,116,239,355
RANDOM,7,398,37,96,56,4,117,239,356
RANDOM,7,399,38,97,56,3,117,239,356
RANDOM,7,400,38,97,56,3,117,239,356
RANDOM,7,401,38,97,56,3,117,239,356
RANDOM,7,402,38,97,56,3,117,239,356
RANDOM,7,403,38,97,56,3,117,240,357
RANDOM,7,404,38,97,56,3,117,240,357
RANDOM,7,405,38,97,56,3,117,240,357
RANDOM,7,406,38,97,56,3,117,240,357
RANDOM,7,407,38,97,56,3,117,241,358
RANDOM,7,408,38,97,56,3,117,241,358
RANDOM,7,409,38,97,56,3,117,241,358
RANDOM,7,410,39,98,56,2,117,241,358
RANDOM,7,411,39,98,56,2,117,241,358
RANDOM,7,412,39,98,56,2,117,241,358
RANDOM,7,413,39,98,56,2,117,241,358
RANDOM,7,414,39,98,56,2,118,241,359
RANDOM,7,415,39,98,56,2,118,241,359
RANDOM,7,416,39,98,56,2,118,241,359
RANDOM,7,417,39,98,56,2,118,241,359
RANDOM,7,418,39,98,56,2,118,242,360
RANDOM,7,419,39,98,56,2,118,242,360
RANDOM,7,420,39,98,56,2,118,242,360
RANDOM,7,421,39,98,56,2,118,242,360
RANDOM,7,422,39,98,56,2,118,242,360
RANDOM,7,423,39,98,56,2,118,242,360
RANDOM,7,424,39,98,56,2,118,242,360
RANDOM,7,425,39,98,56,2,118,242,360
RANDOM,7,426,39,98,56,2,118,242,360
RANDOM,7,427,39,98,56,2,118,242,360
RANDOM,7,428,39,98,56,2,118,242,360
RANDOM,7,429,39,98,56,2,118,242,360
RANDOM,7,430,39,98,56,2,118,242,360
RANDOM,7,431,39,98,56,2,118,242,360
RANDOM,7,432,39,98,56,2,118,242,360
RANDOM,7,433,39,98,56,2,118,243,361
RANDOM,7,434,39,98,56,2,118,243,361
RANDOM,7,435,39,98,56,2,118,244,362
RANDOM,7,436,39,98,56,2,118,244,362
RANDOM,7,437,39,98,56,2,118,244,362
RANDOM,7,438,39,98,56,2,118,244,362
RANDOM,7,439,39,98,56,2,118,244,362
RANDOM,7,440,39,98,56,2,118,244,362
RANDOM,7,441,39,98,56,2,118,244,362
RANDOM,7,442,39,98,56,2,118,244,362
RANDOM,7,443,39,98,56,2,118,244,362
RANDOM,7,444,39,98,56,2,118,244,362
RANDOM,7,445,39,98,56,2,118,244,362
RANDOM,7,446,39,98,56,2,118,244,362
RANDOM,7,447,39,98,56,2,118,244,362
RANDOM,7,448,39,98,56,2,118,244,362
RANDOM,7,449,39,98,56,2,118,244,362
RANDOM,7,450,39,98,56,2,118,244,362
RANDOM,7,451,39,98,56,2,118,244,362
RANDOM,7,452,39,98,56,2,118,245,363
RANDOM,7,453,39,98,56,2,118,245,363
RANDOM,7,454,39,98,56,2,118,246,364
RANDOM,7,455,39,98,56,2,118,246,364
RANDOM,7,456,39,98,56,2,118,246,364
RANDOM,7,457,39,98,56,2,118,246,364
RANDOM,7,458,39,98,56,2,118,246,364
RANDOM,7,459,39,98,56,2,118,246,364
RANDOM,7,460,39,98,56,2,118,246,364
RANDOM,7,461,39,98,56,2,118,246,364
RANDOM,7,462,39,98,56,2,118,246,364
RANDOM,7,463,39,98,56,2,118,246,364
RANDOM,7,464,39,98,56,2,119,246,365
RANDOM,7,465,39,98,56,2,119,246,365
RANDOM,7,466,39,98,56,2,119,246,365
RANDOM,7,467,39,98,56,2,119,246,365
RANDOM,7,468,39,98,56,2,119,246,365
RANDOM,7,469,39,98,56,2,119,246,365
RANDOM,7,470,39,98,56,2,119,246,365
RANDOM,7,471,39,98,56,2,119,246,365
RANDOM,7,472,39,98,56,2,119,246,365
RANDOM,7,473,39,98,56,2,119,246,365
RANDOM,7,474,39,98,56,2,119,246,365
RANDOM,7,475,39,98,56,2,119,246,365
RANDOM,7,476,39,98,56,2,119,246,365
RANDOM,7,477,39,98,56,2,119,246,365
RANDOM,7,478,39,98,56,2,119,247,366
RANDOM,7,479,39,98,56,2,119,247,366
RANDOM,7,480,39,98,56,2,119,247,366
RANDOM,7,481,39,98,56,2,119,247,366
RANDOM,7,482,39,98,56,2,119,247,366
RANDOM,7,483,39,98,56,2,119,247,366
RANDOM,7,484,39,98,56,2,119,247,366
RANDOM,7,485,39,98,56,2,119,248,367
RANDOM,7,486,39,98,56,2,119,248,367
RANDOM,7,487,39,98,56,2,119,248,367
RANDOM,7,488,39,98,56,2,119,248,367
RANDOM,7,489,39,98,56,2,119,248,367
RANDOM,7,490,39,98,56,2,119,248,367
RANDOM,7,491,39,98,56,2,119,248,367
RANDOM,7,492,39,98,56,2,119,248,367
RANDOM,7,493,39,98,56,2,119,248,367
RANDOM,7,494,39,98,56,2,119,248,367
RANDOM,7,495,39,98,56,2,119,248,367
RANDOM,7,496,39,98,56,2,119,248,367
RANDOM,7,497,39,98,56,2,119,248,367
RANDOM,7,498,39,98,56,2,119,248,367
RANDOM,7,499,39,98,56,2,119,248,367
RANDOM,8,0,0,2,1,10,0,2,2
RANDOM,8,1,0,2,3,10,0,3,3
RANDOM,8,2,0,4,4,10,0,5,5
RANDOM,8,3,0,7,5,10,0,7,7
RANDOM,8,4,1,9,5,9,0,9,9
RANDOM,8,5,1,9,5,9,0,10,10
RANDOM,8,6,1,10,5,9,0,13,13
RANDOM,8,7,1,10,6,9,0,13,13
RANDOM,8,8,1,10,7,9,0,13,13
RANDOM,8,9,1,10,8,9,0,14,14
RANDOM,8,10,1,11,11,9,0,16,16
RANDOM,8,11,1,11,12,9,0,17,17
RANDOM,8,12,1,13,13,9,0,20,20
RANDOM,8,13,1,16,13,9,0,20,20
RANDOM,8,14,1,16,13,9,0,23,23
RANDOM,8,15,2,18,15,8,0,28,28
RANDOM,8,16,2,19,15,9,2,32,34
RANDOM,8,17,3,20,15,8,2,34,36
RANDOM,8,18,3,20,16,9,3,36,39
RANDOM,8,19,3,20,16,9,5,38,43
RANDOM,8,20,3,20,16,9,5,39,44
RANDOM,8,21,3,21,16,9,6,39,45
RANDOM,8,22,3,22,17,9,9,41,50
RANDOM,8,23,3,23,19,9,9,44,53
RANDOM,8,24,3,23,19,9,10,46,56
RANDOM,8,25,3,23,19,9,10,47,57
RANDOM,8,26,3,24,20,9,10,48,58
RANDOM,8,27,3,26,20,9,10,49,59
RANDOM,8,28,3,26,21,10,12,51,63
RANDOM,8,29,3,27,22,10,14,55,69
RANDOM,8,30,4,28,22,9,14,57,71
RANDOM,8,31,4,28,22,10,16,60,76
RANDOM,8,32,4,28,22,10,17,61,78
RANDOM,8,33,4,28,23,11,18,63,81
RANDOM,8,34,4,28,23,11,18,66,84
RANDOM,8,35,4,29,23,13,20,67,87
RANDOM,8,36,4,29,23,13,20,69,89
RANDOM,8,37,4,29,23,13,20,70,90
RANDOM,8,38,4,29,24,13,20,71,91
RANDOM,8,39,4,30,25,13,21,72,93
RANDOM,8,40,4,31,29,13,22,73,95
RANDOM,8,41,4,32,29,13,24,74,98
RANDOM,8,42,4,32,29,13,24,77,101
RANDOM,8,43,4,33,30,14,26,78,104
RANDOM,8,44,4,33,30,14,27,81,108
RANDOM,8,45,4,33,32,15,30,81,111
RANDOM,8,46,4,33,32,16,31,83,114
RANDOM,8,47,4,33,32,16,31,84,115
RANDOM,8,48,4,33,33,17,32,86,118
RANDOM,8,49,5,34,33,16,32,88,120
RANDOM,8,50,5,34,33,16,32,91,123
RANDOM,8,51,5,35,33,16,32,92,124
RANDOM,8,52,5,36,33,16,32,94,126
RANDOM,8,53,5,37,33,16,32,98,130
RANDOM,8,54,5,38,33,17,34,98,132
RANDOM,8,55,5,38,33,17,35,99,134
RANDOM,8,56,5,38,33,17,36,101,137
RANDOM,8,57,6,39,33,16,39,101,140
RANDOM,8,58,6,39,33,16,40,102,142
RANDOM,8,59,6,39,33,16,40,103,143
RANDOM,8,60,6,39,33,17,41,105,146
RANDOM,8,61,6,39,33,17,42,105,147
RANDOM,8,62,6,39,33,18,43,107,150
RANDOM,8,63,6,39,33,18,45,107,152
RANDOM,8,64,6,39,33,18,45,110,155
RANDOM,8,65,6,39,33,18,46,113,159
RANDOM,8,66,6,39,33,18,48,114,162
RANDOM,8,67,6,39,33,18,48,116,164
RANDOM,8,68,6,39,34,19,50,117,167
RANDOM,8,69,6,39,35,19,50,119,169
RANDOM,8,70,6,39,35,19,50,121,171
RANDOM,8,71,6,41,35,19,50,121,171
RANDOM,8,72,6,41,35,20,51,124,175
RANDOM,8,73,6,42,35,22,53,125,178
RANDOM,8,74,6,43,35,22,53,128,181
RANDOM,8,75,6,43,35,23,54,128,182
RANDOM,8,76,6,43,35,23,55,128,183
RANDOM,8,77,6,43,35,23,55,128,183
RANDOM,8,78,6,43,36,23,56,128,184
RANDOM,8,79,6,44,36,23,57,128,185
RANDOM,8,80,6,44,36,23,58,130,188
RANDOM,8,81,6,44,36,23,58,132,190
RANDOM,8,82,6,44,36,24,59,134,193
RANDOM,8,83,6,44,36,25,60,135,195
RANDOM,8,84,6,44,36,25,60,140,200
RANDOM,8,85,6,44,36,25,61,140,201
RANDOM,8,86,6,44,37,25,62,143,205
RANDOM,8,87,6,44,37,25,62,145,207
RANDOM,8,88,7,45,37,24,62,147,209
RANDOM,8,89,7,45,37,24,62,150,212
RANDOM,8,90,7,45,37,24,62,151,213
RANDOM,8,91,7,45,37,24,63,153,216
RANDOM,8,92,7,45,37,24,64,153,217
RANDOM,8,93,7,45,37,24,64,153,217
RANDOM,8,94,7,45,37,24,65,154,219
RANDOM,8,95,7,46,37,24,66,159,225
RANDOM,8,96,7,46,37,25,67,159,226
RANDOM,8,97,7,46,37,26,68,161,229
RANDOM,8,98,7,46,37,26,68,161,229
RANDOM,8,99,7,46,37,26,68,162,230
RANDOM,8,100,7,46,37,26,69,162,231
RANDOM,8,101,8,47,37,26,71,164,235
RANDOM,8,102,8,47,37,26,72,164,236
RANDOM,8,103,8,47,37,26,73,166,239
RANDOM,8,104,8,47,37,26,74,168,242
RANDOM,8,105,8,47,37,26,74,168,242
RANDOM,8,106,8,48,37,26,74,171,245
RANDOM,8,107,8,48,38,26,75,173,248
RANDOM,8,108,8,48,38,26,76,174,250
RANDOM,8,109,8,49,38,26,76,175,251
RANDOM,8,110,8,49,38,26,77,175,252
RANDOM,8,111,8,49,38,26,78,176,254
RANDOM,8,112,8,49,38,26,78,178,256
RANDOM,8,113,8,49,39,26,78,178,256
RANDOM,8,114,9,50,40,25,79,179,258
RANDOM,8,115,9,50,40,25,79,180,259
RANDOM,8,116,9,50,40,25,79,181,260
RANDOM,8,117,10,51,40,24,80,181,261
RANDOM,8,118,10,51,40,24,80,181,261
RANDOM,8,119,10,51,41,25,81,183,264
RANDOM,8,120,10,51,41,25,81,186,267
RANDOM,8,121,10,51,42,26,83,188,271
RANDOM,8,122,10,51,42,26,84,189,273
RANDOM,8,123,11,52,43,25,85,189,274
RANDOM,8,124,12,53,43,25,87,190,277
RANDOM,8,125,13,55,43,24,87,192,279
RANDOM,8,126,13,55,43,24,87,195,282
RANDOM,8,127,13,55,43,24,88,195,283
RANDOM,8,128,13,55,43,24,89,198,287
RANDOM,8,129,13,55,43,24,89,198,287
RANDOM,8,130,13,55,43,24,89,198,287
RANDOM,8,131,13,55,43,24,89,202,291
RANDOM,8,132,13,55,44,25,90,202,292
RANDOM,8,133,13,55,44,25,90,202,292
RANDOM,8,134,13,55,44,26,91,205,296
RANDOM,8,135,13,55,44,26,91,206,297
RANDOM,8,136,13,56,44,26,91,206,297
RANDOM,8,137,13,56,44,26,91,207,298
RANDOM,8,138,13,56,44,26,92,209,301
RANDOM,8,139,13,56,44,26,93,209,302
RANDOM,8,140,13,56,44,26,94,209,303
RANDOM,8,141,13,56,44,26,94,210,304
RANDOM,8,142,13,56,44,26,94,210,304
RANDOM,8,143,13,56,46,26,94,211,305
RANDOM,8,144,13,56,47,26,95,212,307
RANDOM,8,145,13,56,48,26,97,214,311
RANDOM,8,146,14,57,48,25,98,219,317
RANDOM,8,147,14,57,48,26,100,219,319
RANDOM,8,148,14,57,48,26,100,220,320
RANDOM,8,149,14,57,49,26,100,221,321
RANDOM,8,150,14,57,49,26,100,222,322
RANDOM,8,151,14,57,49,26,100,222,322
RANDOM,8,152,14,57,50,26,100,222,322
RANDOM,8,153,16,59,51,25,101,224,325
RANDOM,8,154,16,59,51,25,103,225,328
RANDOM,8,155,16,59,51,25,103,225,328
RANDOM,8,156,16,59,51,26,104,227,331
RANDOM,8,157,16,59,51,27,105,227,332
RANDOM,8,158,16,59,51,27,106,227,333
RANDOM,8,159,16,59,51,27,106,227,333
RANDOM,8,160,16,59,51,28,109,227,336
RANDOM,8,161,16,59,51,28,109,227,336
RANDOM,8,162,16,59,51,28,109,228,337
RANDOM,8,163,16,59,51,28,110,228,338
RANDOM,8,164,16,59,51,28,111,229,340
RANDOM,8,165,16,60,51,28,112,229,341
RANDOM,8,166,16,60,51,28,113,229,342
RANDOM,8,167,16,60,51,28,114,231,345
RANDOM,8,168,16,61,51,28,116,233,349
RANDOM,8,169,16,61,51,28,117,233,350
RANDOM,8,170,16,61,51,28,117,233,350
RANDOM,8,171,16,61,51,28,118,235,353
RANDOM,8,172,16,61,51,28,118,235,353
RANDOM,8,173,16,61,51,29,120,235,355
RANDOM,8,174,16,61,51,29,120,235,355
RANDOM,8,175,16,61,51,29,120,235,355
RANDOM,8,176,16,61,51,30,121,235,356
RANDOM,8,177,16,61,51,30,121,235,356
RANDOM,8,178,16,61,51,30,121,237,358
RANDOM,8,179,16,61,51,30,121,238,359
RANDOM,8,180,16,61,51,30,122,240,362
RANDOM,8,181,17,62,51,29,122,241,363
RANDOM,8,182,17,62,52,29,123,241,364
RANDOM,8,183,17,62,52,29,123,241,364
RANDOM,8,184,17,62,52,29,123,241,364
RANDOM,8,185,17,62,52,29,123,243,366
RANDOM,8,186,17,62,52,29,124,244,368
RANDOM,8,187,18,63,52,28,125,245,370
RANDOM,8,188,18,63,53,28,125,248,373
RANDOM,8,189,18,63,53,28,125,250,375
RANDOM,8,190,18,63,53,28,127,250,377
RANDOM,8,191,18,63,53,28,127,251,378
RANDOM,8,192,19,64,53,27,128,251,379
RANDOM,8,193,19,64,54,27,128,251,379
RANDOM,8,194,19,64,54,27,129,251,380
RANDOM,8,195,19,64,54,27,129,253,382
RANDOM,8,196,19,64,54,27,129,255,384
RANDOM,8,197,19,64,54,27,129,255,384
RANDOM,8,198,19,64,54,27,129,255,384
RANDOM,8,199,19,64,54,27,129,256,385
RANDOM,8,200,19,64,54,27,129,257,386
RANDOM,8,201,19,64,54,27,130,259,389
RANDOM,8,202,19,64,54,27,131,259,390
RANDOM,8,203,20,65,54,27,133,260,393
RANDOM,8,204,20,65,54,27,134,261,395
RANDOM,8,205,20,65,54,27,134,263,397
RANDOM,8,206,20,65,54,27,134,264,398
RANDOM,8,207,20,65,54,27,135,265,400
RANDOM,8,208,21,66,54,26,135,265,400
RANDOM,8,209,21,66,54,26,135,265,400
RANDOM,8,210,21,66,54,26,136,268,404
RANDOM,8,211,21,66,54,26,136,269,405
RANDOM,8,212,21,66,54,26,136,271,407
RANDOM,8,213,21,66,54,26,136,273,409
RANDOM,8,214,21,66,54,26,136,274,410
RANDOM,8,215,21,66,54,26,137,274,411
RANDOM,8,216,21,66,54,26,138,274,412
RANDOM,8,217,21,66,54,26,138,275,413
RANDOM,8,218,21,66,54,26,139,276,415
RANDOM,8,219,21,66,54,26,140,277,417
RANDOM,8,220,22,67,54,25,140,277,417
RANDOM,8,221,22,67,54,25,140,279,419
RANDOM,8,222,22,67,54,25,140,279,419
RANDOM,8,223,22,67,54,25,140,280,420
RANDOM,8,224,22,67,54,25,141,281,422
RANDOM,8,225,22,67,54,26,142,281,423
RANDOM,8,226,22,67,54,26,142,282,424
RANDOM,8,227,22,67,54,26,142,285,427
RANDOM,8,228,22,67,54,26,142,285,427
RANDOM,8,229,22,67,54,26,142,286,428
RANDOM,8,230,22,67,54,26,142,286,428
RANDOM,8,231,22,67,54,26,143,286,429
RANDOM,8,232,23,68,54,25,144,288,432
RANDOM,8,233,23,68,54,25,145,288,433
RANDOM,8,234,23,68,54,26,146,289,435
RANDOM,8,235,23,68,54,27,148,289,437
RANDOM,8,236,23,68,54,27,148,289,437
RANDOM,8,237,23,68,54,27,148,289,437
RANDOM,8,238,23,68,54,27,148,292,440
RANDOM,8,239,23,68,54,27,148,293,441
RANDOM,8,240,23,68,54,27,149,295,444
RANDOM,8,241,23,68,54,27,150,296,446
RANDOM,8,242,23,68,54,27,150,296,446
RANDOM,8,243,23,68,54,27,150,296,446
RANDOM,8,244,23,68,54,27,150,296,446
RANDOM,8,245,23,68,54,27,150,298,448
RANDOM,8,246,23,68,54,27,150,299,449
RANDOM,8,247,23,68,54,27,150,300,450
RANDOM,8,248,23,68,54,27,151,300,451
RANDOM,8,249,23,69,54,27,151,301,452
RANDOM,8,250,23,69,55,27,151,302,453
RANDOM,8,251,24,70,55,26,152,303,455
RANDOM,8,252,24,70,55,26,152,303,455
RANDOM,8,253,25,71,55,25,152,303,455
RANDOM,8,254,25,71,55,25,153,304,457
RANDOM,8,255,25,71,55,25,153,304,457
RANDOM,8,256,25,71,55,25,155,306,461
RANDOM,8,257,25,71,55,25,155,307,462
RANDOM,8,258,25,71,55,25,155,308,463
RANDOM,8,259,25,71,55,25,155,308,463
RANDOM,8,260,25,71,55,25,155,310,465
RANDOM,8,261,25,71,55,25,155,312,467
RANDOM,8,262,26,73,55,24,155,313,468
RANDOM,8,263,26,73,55,24,155,314,469
RANDOM,8,264,26,73,55,24,156,314,470
RANDOM,8,265,26,73,55,24,156,314,470
RANDOM,8,266,26,73,55,24,156,315,471
RANDOM,8,267,26,73,55,24,156,315,471
RANDOM,8,268,26,73,55,24,157,315,472
RANDOM,8,269,27,74,55,23,157,316,473
RANDOM,8,270,27,74,55,24,158,316,474
RANDOM,8,271,27,74,55,24,158,316,474
RANDOM,8,272,27,74,55,24,158,319,477
RANDOM,8,273,27,74,55,24,160,320,480
RANDOM,8,274,27,74,55,24,161,320,481
RANDOM,8,275,28,75,55,23,161,321,482
RANDOM,8,276,28,75,55,23,161,322,483
RANDOM,8,277,28,75,55,23,162,322,484
RANDOM,8,278,28,75,55,23,162,322,484
RANDOM,8,279,28,75,55,23,162,322,484
RANDOM,8,280,28,75,55,23,162,323,485
RANDOM,8,281,28,75,55,23,162,323,485
RANDOM,8,282,28,75,55,23,162,325,487
RANDOM,8,283,28,75,55,23,163,325,488
RANDOM,8,284,28,75,55,23,164,327,491
RANDOM,8,285,28,75,55,23,166,327,493
RANDOM,8,286,28,75,55,23,166,327,493
RANDOM,8,287,28,75,55,23,166,328,494
RANDOM,8,288,28,75,55,23,166,328,494
RANDOM,8,289,28,75,55,23,166,328,494
RANDOM,8,290,28,75,55,23,166,328,494
RANDOM,8,291,28,75,55,23,166,329,495
RANDOM,8,292,28,75,55,23,167,329,496
RANDOM,8,293,28,75,55,23,167,330,497
RANDOM,8,294,28,75,55,23,168,330,498
RANDOM,8,295,28,75,55,23,168,332,500
RANDOM,8,296,28,75,55,23,168,332,500
RANDOM,8,297,28,75,55,23,169,332,501
RANDOM,8,298,28,75,55,23,170,332,502
RANDOM,8,299,28,75,55,23,170,332,502
RANDOM,8,300,28,76,55,23,171,332,503
RANDOM,8,301,28,76,55,23,171,332,503
RANDOM,8,302,28,76,55,23,171,332,503
RANDOM,8,303,28,76,55,23,171,332,503
RANDOM,8,304,28,76,55,23,172,332,504
RANDOM,8,305,28,76,55,23,172,332,504
RANDOM,8,306,28,76,55,23,173,332,505
RANDOM,8,307,28,76,55,23,173,333,506
RANDOM,8,308,28,76,55,23,174,333,507
RANDOM,8,309,28,76,55,23,174,334,508
RANDOM,8,310,28,76,55,23,175,336,511
RANDOM,8,311,28,76,55,23,175,336,511
RANDOM,8,312,28,76,55,23,175,337,512
RANDOM,8,313,28,76,55,23,175,337,512
RANDOM,8,314,28,76,55,23,176,338,514
RANDOM,8,315,28,76,55,23,176,338,514
RANDOM,8,316,28,76,55,23,178,338,516
RANDOM,8,317,28,76,55,23,179,339,518
RANDOM,8,318,28,76,55,23,179,339,518
RANDOM,8,319,28,76,55,23,181,340,521
RANDOM,8,320,28,76,55,23,181,341,522
RANDOM,8,321,28,76,56,23,181,343,524
RANDOM,8,322,28,76,56,23,181,344,525
RANDOM,8,323,28,76,56,23,181,344,525
RANDOM,8,324,28,76,56,23,181,344,525
RANDOM,8,325,28,76,56,23,181,344,525
RANDOM,8,326,28,76,56,23,181,344,525
RANDOM,8,327,28,76,56,23,182,345,527
RANDOM,8,328,28,76,56,23,182,345,527
RANDOM,8,329,28,76,56,23,182,345,527
RANDOM,8,330,28,76,56,23,182,345,527
RANDOM,8,331,28,76,56,23,182,345,527
RANDOM,8,332,28,76,56,23,182,347,529
RANDOM,8,333,28,76,56,23,183,348,531
RANDOM,8,334,29,77,56,22,183,349,532
RANDOM,8,335,29,77,56,22,183,351,534
RANDOM,8,336,29,77,56,22,183,351,534
RANDOM,8,337,29,77,56,22,185,351,536
RANDOM,8,338,29,77,56,22,186,351,537
RANDOM,8,339,29,77,56,22,186,352,538
RANDOM,8,340,29,77,56,22,186,352,538
RANDOM,8,341,29,77,56,22,186,353,539
RANDOM,8,342,29,77,56,22,186,354,540
RANDOM,8,343,29,77,56,22,186,355,541
RANDOM,8,344,29,77,56,22,186,355,541
RANDOM,8,345,29,77,56,22,186,356,542
RANDOM,8,346,29,77,56,22,186,359,545
RANDOM,8,347,29,77,56,22,186,359,545
RANDOM,8,348,29,77,57,22,186,359,545
RANDOM,8,349,29,77,57,22,186,359,545
RANDOM,8,350,29,77,57,22,186,360,546
RANDOM,8,351,29,77,57,22,186,361,547
RANDOM,8,352,29,77,58,22,186,362,548
RANDOM,8,353,29,77,58,22,186,362,548
RANDOM,8,354,29,77,58,22,186,363,549
RANDOM,8,355,29,77,58,22,187,363,550
RANDOM,8,356,29,77,58,22,187,364,551
RANDOM,8,357,30,78,58,21,187,365,552
RANDOM,8,358,30,78,58,21,187,366,553
RANDOM,8,359,31,79,58,20,189,367,556
RANDOM,8,360,32,80,58,19,190,368,558
RANDOM,8,361,32,80,58,19,191,368,559
RANDOM,8,362,32,80,58,19,191,368,559
RANDOM,8,363,32,80,58,19,193,368,561
RANDOM,8,364,32,80,58,19,193,369,562
RANDOM,8,365,32,80,58,19,193,369,562
RANDOM,8,366,32,80,58,19,194,369,563
RANDOM,8,367,32,80,59,19,194,370,564
RANDOM,8,368,32,80,59,19,194,372,566
RANDOM,8,369,32,80,59,19,194,372,566
RANDOM,8,370,32,80,59,20,195,372,567
RANDOM,8,371,32,80,59,20,195,372,567
RANDOM,8,372,32,80,59,20,195,372,567
RANDOM,8,373,32,80,59,20,195,372,567
RANDOM,8,374,32,80,59,20,195,372,567
RANDOM,8,375,32,80,60,20,195,372,567
RANDOM,8,376,32,80,60,20,195,373,568
RANDOM,8,377,32,80,60,20,195,373,568
RANDOM,8,378,32,80,60,20,195,375,570
RANDOM,8,379,32,80,60,20,196,375,571
RANDOM,8,380,32,80,60,20,197,375,572
RANDOM,8,381,32,80,60,20,197,375,572
RANDOM,8,382,32,80,60,20,197,376,573
RANDOM,8,383,32,80,60,20,199,379,578
RANDOM,8,384,32,80,60,20,199,381,580
RANDOM,8,385,32,80,60,20,199,382,581
RANDOM,8,386,32,80,60,20,199,382,581
RANDOM,8,387,33,81,60,19,199,383,582
RANDOM,8,388,33,81,60,19,199,383,582
RANDOM,8,389,33,81,61,19,199,384,583
RANDOM,8,390,33,81,62,19,199,385,584
RANDOM,8,391,34,82,62,18,199,385,584
RANDOM,8,392,34,82,62,18,199,386,585
RANDOM,8,393,34,82,62,18,199,387,586
RANDOM,8,394,34,82,63,18,199,388,587
RANDOM,8,395,34,82,63,18,199,388,587
RANDOM,8,396,34,82,63,18,199,390,589
RANDOM,8,397,34,82,63,18,200,391,591
RANDOM,8,398,34,82,64,18,200,391,591
RANDOM,8,399,34,82,64,18,200,391,591
RANDOM,8,400,34,82,65,18,201,391,592
RANDOM,8,401,34,82,65,18,202,391,593
RANDOM,8,402,35,83,65,17,202,391,593
RANDOM,8,403,36,84,65,16,202,391,593
RANDOM,8,404,36,84,66,16,202,391,593
RANDOM,8,405,36,84,66,16,202,393,595
RANDOM,8,406,36,84,67,16,202,394,596
RANDOM,8,407,36,84,67,16,202,395,597
RANDOM,8,408,36,84,67,16,203,396,599
RANDOM,8,409,36,84,67,16,203,396,599
RANDOM,8,410,36,84,67,16,203,398,601
RANDOM,8,411,36,84,67,16,203,398,601
RANDOM,8,412,36,84,68,16,204,398,602
RANDOM,8,413,36,84,68,16,204,398,602
RANDOM,8,414,36,84,68,16,205,398,603
RANDOM,8,415,36,84,68,16,205,398,603
RANDOM,8,416,36,84,69,16,205,399,604
RANDOM,8,417,36,84,69,16,205,399,604
RANDOM,8,418,36,84,69,16,205,399,604
RANDOM,8,419,36,84,69,16,205,401,606
RANDOM,8,420,36,84,70,16,205,402,607
RANDOM,8,421,37,85,70,15,205,402,607
RANDOM,8,422,37,85,70,15,206,403,609
RANDOM,8,423,37,85,70,15,206,403,609
RANDOM,8,424,37,85,70,15,206,404,610
RANDOM,8,425,37,85,70,15,206,404,610
RANDOM,8,426,37,85,70,15,206,404,610
RANDOM,8,427,37,85,70,15,206,404,610
RANDOM,8,428,37,85,70,15,206,404,610
RANDOM,8,429,39,87,70,13,206,404,610
RANDOM,8,430,39,87,70,13,206,406,612
RANDOM,8,431,39,87,70,13,206,406,612
RANDOM,8,432,39,87,70,13,206,407,613
RANDOM,8,433,39,87,70,13,207,408,615
RANDOM,8,434,39,87,71,13,208,408,616
RANDOM,8,435,39,87,71,13,208,408,616
RANDOM,8,436,39,87,71,13,209,408,617
RANDOM,8,437,39,87,71,13,210,408,618
RANDOM,8,438,39,87,71,13,210,408,618
RANDOM,8,439,39,87,71,13,210,408,618
RANDOM,8,440,39,87,72,13,210,408,618
RANDOM,8,441,40,88,72,12,210,408,618
RANDOM,8,442,41,89,72,11,210,409,619
RANDOM,8,443,41,89,72,11,211,409,620
RANDOM,8,444,41,89,72,11,211,410,621
RANDOM,8,445,41,89,72,11,212,411,623
RANDOM,8,446,41,89,72,11,212,412,624
RANDOM,8,447,41,89,72,11,212,412,624
RANDOM,8,448,41,89,72,11,212,412,624
RANDOM,8,449,42,90,72,10,212,412,624
RANDOM,8,450,42,90,72,10,212,412,624
RANDOM,8,451,42,90,73,10,212,412,624
RANDOM,8,452,42,90,73,10,212,412,624
RANDOM,8,453,42,90,73,10,212,412,624
RANDOM,8,454,42,90,73,10,212,412,624
RANDOM,8,455,42,90,73,10,212,412,624
RANDOM,8,456,42,90,73,10,212,412,624
RANDOM,8,457,43,91,73,9,212,412,624
RANDOM,8,458,43,91,73,9,212,413,625
RANDOM,8,459,43,91,73,9,212,414,626
RANDOM,8,460,43,91,73,9,213,414,627
RANDOM,8,461,43,91,73,9,213,414,627
RANDOM,8,462,43,91,73,9,213,414,627
RANDOM,8,463,43,91,73,9,213,414,627
RANDOM,8,464,43,91,73,9,213,414,627
RANDOM,8,465,43,91,73,9,213,414,627
RANDOM,8,466,43,91,73,9,214,414,628
RANDOM,8,467,43,91,73,9,214,415,629
RANDOM,8,468,43,91,73,9,214,415,629
RANDOM,8,469,43,91,73,9,214,417,631
RANDOM,8,470,43,91,73,9,214,418,632
RANDOM,8,471,43,91,73,9,214,419,633
RANDOM,8,472,43,91,73,9,214,419,633
RANDOM,8,473,43,91,73,9,214,419,633
RANDOM,8,474,43,91,73,9,214,419,633
RANDOM,8,475,44,92,73,8,214,419,633
RANDOM,8,476,44,92,73,8,214,420,634
RANDOM,8,477,44,92,73,8,214,420,634
RANDOM,8,478,44,92,73,8,214,420,634
RANDOM,8,479,45,93,73,7,214,420,634
RANDOM,8,480,45,93,73,7,214,420,634
RANDOM,8,481,45,93,73,7,214,420,634
RANDOM,8,482,45,93,73,7,215,420,635
RANDOM,8,483,45,93,73,7,216,420,636
RANDOM,8,484,45,93,73,7,216,420,636
RANDOM,8,485,45,93,73,7,216,420,636
RANDOM,8,486,45,93,73,7,216,420,636
RANDOM,8,487,45,93,73,7,216,420,636
RANDOM,8,488,45,93,73,7,216,420,636
RANDOM,8,489,45,93,73,7,216,420,636
RANDOM,8,490,45,93,73,7,216,420,636
RANDOM,8,491,45,93,73,7,216,421,637
RANDOM,8,492,45,93,73,7,216,421,637
RANDOM,8,493,45,93,73,7,216,421,637
RANDOM,8,494,45,93,73,7,216,421,637
RANDOM,8,495,45,93,73,7,216,421,637
RANDOM,8,496,45,93,73,7,216,421,637
RANDOM,8,497,45,93,73,7,216,421,637
RANDOM,8,498,45,93,73,7,217,421,638
RANDOM,8,499,45,93,73,7,217,421,638
RANDOM,9,0,0,2,2,12,0,1,1
RANDOM,9,1,0,4,2,12,0,1,1
RANDOM,9,2,1,6,3,11,0,1,1
RANDOM,9,3,1,10,3,11,0,4,4
RANDOM,9,4,1,13,3,11,0,5,5
RANDOM,9,5,1,14,3,11,0,6,6
RANDOM,9,6,1,15,5,11,0,8,8
RANDOM,9,7,1,18,5,11,0,8,8
RANDOM,9,8,1,21,7,11,0,8,8
RANDOM,9,9,1,22,8,11,0,8,8
RANDOM,9,10,2,24,8,10,0,9,9
RANDOM,9,11,2,24,8,10,0,10,10
RANDOM,9,12,3,25,8,9,0,12,12
RANDOM,9,13,3,25,9,9,0,12,12
RANDOM,9,14,3,25,11,9,0,16,16
RANDOM,9,15,4,26,11,9,1,18,19
RANDOM,9,16,4,27,11,9,2,21,23
RANDOM,9,17,4,27,11,9,3,22,25
RANDOM,9,18,4,28,12,9,3,24,27
RANDOM,9,19,4,28,13,10,4,27,31
RANDOM,9,20,4,29,14,10,5,28,33
RANDOM,9,21,4,29,15,11,6,32,38
RANDOM,9,22,5,31,15,10,6,32,38
RANDOM,9,23,5,32,16,11,7,35,42
RANDOM,9,24,5,33,17,12,9,36,45
RANDOM,9,25,5,33,17,12,9,40,49
RANDOM,9,26,5,34,17,12,9,40,49
RANDOM,9,27,5,34,19,12,9,41,50
RANDOM,9,28,5,34,19,12,9,42,51
RANDOM,9,29,5,34,20,13,10,44,54
RANDOM,9,30,5,35,21,13,10,46,56
RANDOM,9,31,5,36,21,13,10,50,60
RANDOM,9,32,5,36,21,13,10,53,63
RANDOM,9,33,5,38,22,14,12,53,65
RANDOM,9,34,5,38,22,14,12,55,67
RANDOM,9,35,5,38,22,15,13,58,71
RANDOM,9,36,5,39,23,16,14,58,72
RANDOM,9,37,6,40,24,15,14,60,74
RANDOM,9,38,6,41,25,15,17,60,77
RANDOM,9,39,7,42,25,14,18,60,78
RANDOM,9,40,7,44,25,14,19,62,81
RANDOM,9,41,7,44,25,14,19,62,81
RANDOM,9,42,8,45,25,13,19,63,82
RANDOM,9,43,8,45,25,13,19,65,84
RANDOM,9,44,8,45,25,13,19,66,85
RANDOM,9,45,8,45,26,14,21,66,87
RANDOM,9,46,8,45,27,14,21,68,89
RANDOM,9,47,8,45,27,14,24,70,94
RANDOM,9,48,8,46,28,14,24,70,94
RANDOM,9,49,8,46,28,14,24,70,94
RANDOM,9,50,8,47,28,14,26,71,97
RANDOM,9,51,8,47,28,14,27,71,98
RANDOM,9,52,8,47,28,14,27,71,98
RANDOM,9,53,8,47,28,14,27,72,99
RANDOM,9,54,8,47,28,14,27,72,99
RANDOM,9,55,8,47,28,15,28,72,100
RANDOM,9,56,8,48,29,15,28,74,102
RANDOM,9,57,9,49,29,15,29,74,103
RANDOM,9,58,9,49,29,15,29,76,105
RANDOM,9,59,9,49,29,15,29,80,109
RANDOM,9,60,9,50,29,15,30,81,111
RANDOM,9,61,9,51,29,16,31,82,113
RANDOM,9,62,9,51,29,17,32,83,115
RANDOM,9,63,9,51,29,17,32,85,117
RANDOM,9,64,9,51,30,17,32,87,119
RANDOM,9,65,10,52,30,17,33,87,120
RANDOM,9,66,10,53,30,17,33,89,122
RANDOM,9,67,10,53,31,17,34,90,124
RANDOM,9,68,11,55,31,16,35,90,125
RANDOM,9,69,11,57,31,16,36,90,126
RANDOM,9,70,11,57,31,16,37,90,127
RANDOM,9,71,11,57,31,17,39,94,133
RANDOM,9,72,11,57,31,17,40,95,135
RANDOM,9,73,11,57,31,17,40,95,135
RANDOM,9,74,11,57,31,17,40,97,137
RANDOM,9,75,11,57,31,18,41,98,139
RANDOM,9,76,11,57,31,20,43,101,144
RANDOM,9,77,11,57,31,20,44,103,147
RANDOM,9,78,11,57,31,20,44,104,148
RANDOM,9,79,11,57,32,21,46,105,151
RANDOM,9,80,11,57,32,21,46,105,151
RANDOM,9,81,11,57,32,21,46,105,151
RANDOM,9,82,11,57,32,21,46,106,152
RANDOM,9,83,11,57,32,21,46,107,153
RANDOM,9,84,11,57,33,21,47,108,155
RANDOM,9,85,11,57,33,21,47,109,156
RANDOM,9,86,11,57,33,21,48,109,157
RANDOM,9,87,11,57,34,21,48,109,157
RANDOM,9,88,11,58,34,21,48,111,159
RANDOM,9,89,11,58,34,21,49,115,164
RANDOM,9,90,11,58,34,22,51,115,166
RANDOM,9,91,11,58,34,22,51,115,166
RANDOM,9,92,11,58,34,22,52,115,167
RANDOM,9,93,11,58,34,22,52,115,167
RANDOM,9,94,11,58,34,22,52,117,169
RANDOM,9,95,11,58,34,22,53,119,172
RANDOM,9,96,11,58,34,23,56,119,175
RANDOM,9,97,11,58,34,23,57,119,176
RANDOM,9,98,11,58,34,23,57,120,177
RANDOM,9,99,11,58,34,23,57,121,178
RANDOM,9,100,11,58,34,24,61,121,182
RANDOM,9,101,11,58,34,24,62,123,185
RANDOM,9,102,11,58,35,24,62,124,186
RANDOM,9,103,12,59,35,23,62,124,186
RANDOM,9,104,13,60,35,22,62,125,187
RANDOM,9,105,14,61,35,21,62,125,187
RANDOM,9,106,14,61,35,21,65,125,190
RANDOM,9,107,14,61,37,22,66,126,192
RANDOM,9,108,15,62,37,21,66,126,192
RANDOM,9,109,15,62,37,21,66,127,193
RANDOM,9,110,15,63,37,21,66,129,195
RANDOM,9,111,15,64,37,21,66,130,196
RANDOM,9,112,15,65,37,21,66,131,197
RANDOM,9,113,15,65,37,21,66,131,197
RANDOM,9,114,15,65,37,21,68,131,199
RANDOM,9,115,15,65,37,21,68,132,200
RANDOM,9,116,15,65,37,21,68,134,202
RANDOM,9,117,15,65,37,21,69,134,203
RANDOM,9,118,15,65,38,21,69,135,204
RANDOM,9,119,15,65,38,21,69,135,204
RANDOM,9,120,16,66,38,20,69,135,204
RANDOM,9,121,16,66,38,20,69,135,204
RANDOM,9,122,16,66,38,20,69,137,206
RANDOM,9,123,16,66,38,20,69,137,206
RANDOM,9,124,16,66,38,20,70,138,208
RANDOM,9,125,16,66,38,20,70,138,208
RANDOM,9,126,16,66,38,20,71,139,210
RANDOM,9,127,16,66,38,20,72,139,211
RANDOM,9,128,17,67,38,19,75,142,217
RANDOM,9,129,17,67,38,19,75,145,220
RANDOM,9,130,17,67,38,19,75,145,220
RANDOM,9,131,17,67,38,20,76,145,221
RANDOM,9,132,17,67,38,20,76,145,221
RANDOM,9,133,17,67,38,20,76,145,221
RANDOM,9,134,17,67,38,20,76,147,223
RANDOM,9,135,17,67,39,20,77,148,225
RANDOM,9,136,17,67,39,20,77,149,226
RANDOM,9,137,17,67,40,20,78,150,228
RANDOM,9,138,17,67,40,20,78,153,231
RANDOM,9,139,17,67,40,20,78,155,233
RANDOM,9,140,18,68,40,19,79,155,234
RANDOM,9,141,18,68,40,19,79,155,234
RANDOM,9,142,18,68,40,19,79,155,234
RANDOM,9,143,18,68,40,19,79,155,234
RANDOM,9,144,19,69,40,18,79,156,235
RANDOM,9,145,19,69,40,18,80,156,236
RANDOM,9,146,19,69,40,19,81,158,239
RANDOM,9,147,19,69,40,19,82,159,241
RANDOM,9,148,19,69,40,19,82,159,241
RANDOM,9,149,19,69,40,19,83,159,242
RANDOM,9,150,19,69,40,19,83,159,242
RANDOM,9,151,19,69,40,20,85,160,245
RANDOM,9,152,19,69,40,20,87,161,248
RANDOM,9,153,20,71,40,19,87,161,248
RANDOM,9,154,20,71,40,19,87,161,248
RANDOM,9,155,20,71,40,19,87,163,250
RANDOM,9,156,20,71,40,19,88,163,251
RANDOM,9,157,20,72,40,19,88,164,252
RANDOM,9,158,20,72,40,19,88,165,253
RANDOM,9,159,20,72,40,19,88,165,253
RANDOM,9,160,20,72,40,19,88,166,254
RANDOM,9,161,20,72,41,19,89,166,255
RANDOM,9,162,20,72,41,20,90,166,256
RANDOM,9,163,20,72,42,20,91,168,259
RANDOM,9,164,20,72,43,20,92,169,261
RANDOM,9,165,20,72,45,20,92,169,261
RANDOM,9,166,20,72,45,20,92,169,261
RANDOM,9,167,22,74,46,18,92,169,261
RANDOM,9,168,22,75,46,18,92,169,261
RANDOM,9,169,22,75,46,18,92,170,262
RANDOM,9,170,22,75,46,18,93,170,263
RANDOM,9,171,22,75,46,18,93,171,264
RANDOM,9,172,22,75,46,18,93,172,265
RANDOM,9,173,22,75,46,18,93,173,266
RANDOM,9,174,22,75,46,18,93,173,266
RANDOM,9,175,22,75,46,18,94,174,268
RANDOM,9,176,22,75,47,19,95,174,269
RANDOM,9,177,22,75,47,19,95,174,269
RANDOM,9,178,22,75,47,19,95,176,271
RANDOM,9,179,22,75,47,19,95,177,272
RANDOM,9,180,23,76,47,18,96,178,274
RANDOM,9,181,23,76,47,18,96,179,275
RANDOM,9,182,23,76,47,18,96,179,275
RANDOM,9,183,23,76,47,18,97,179,276
RANDOM,9,184,23,76,47,18,97,180,277
RANDOM,9,185,23,76,47,18,97,183,280
RANDOM,9,186,23,77,47,18,97,183,280
RANDOM,9,187,23,77,48,18,97,184,281
RANDOM,9,188,23,78,48,18,97,184,281
RANDOM,9,189,23,78,48,18,97,184,281
RANDOM,9,190,23,78,48,18,97,185,282
RANDOM,9,191,23,78,48,18,97,185,282
RANDOM,9,192,23,78,48,18,97,185,282
RANDOM,9,193,23,78,49,18,98,185,283
RANDOM,9,194,23,78,49,18,98,185,283
RANDOM,9,195,23,79,49,18,99,185,284
RANDOM,9,196,23,79,49,18,99,187,286
RANDOM,9,197,24,80,49,17,99,187,286
RANDOM,9,198,24,80,50,17,99,188,287
RANDOM,9,199,25,81,50,16,99,190,289
RANDOM,9,200,25,81,50,16,100,190,290
RANDOM,9,201,25,81,50,16,100,191,291
RANDOM,9,202,25,81,50,16,101,191,292
RANDOM,9,203,25,81,51,16,101,191,292
RANDOM,9,204,25,81,51,16,102,191,293
RANDOM,9,205,26,82,51,15,102,192,294
RANDOM,9,206,26,82,51,15,102,193,295
RANDOM,9,207,26,82,51,15,102,193,295
RANDOM,9,208,26,82,51,16,104,193,297
RANDOM,9,209,26,82,51,16,104,193,297
RANDOM,9,210,27,83,51,15,104,193,297
RANDOM,9,211,27,83,51,15,104,193,297
RANDOM,9,212,27,83,51,15,104,193,297
RANDOM,9,213,27,83,51,15,105,194,299
RANDOM,9,214,27,83,52,15,105,194,299
RANDOM,9,215,27,83,52,15,105,195,300
RANDOM,9,216,27,83,52,15,105,196,301
RANDOM,9,217,27,83,52,15,106,196,302
RANDOM,9,218,27,83,52,15,106,196,302
RANDOM,9,219,27,83,52,15,106,196,302
RANDOM,9,220,27,83,52,15,106,196,302
RANDOM,9,221,27,83,52,15,106,196,302
RANDOM,9,222,27,83,52,15,106,196,302
RANDOM,9,223,27,83,52,15,107,196,303
RANDOM,9,224,27,83,52,15,108,196,304
RANDOM,9,225,27,83,52,15,108,196,304
RANDOM,9,226,27,83,52,15,108,197,305
RANDOM,9,227,27,83,52,15,109,197,306
RANDOM,9,228,27,83,52,15,109,198,307
RANDOM,9,229,27,83,52,15,109,200,309
RANDOM,9,230,27,83,52,15,110,200,310
RANDOM,9,231,27,83,52,15,111,201,312
RANDOM,9,232,27,83,52,15,112,202,314
RANDOM,9,233,27,83,53,15,112,202,314
RANDOM,9,234,28,84,53,14,112,203,315
RANDOM,9,235,28,84,53,14,112,204,316
RANDOM,9,236,28,84,53,14,112,204,316
RANDOM,9,237,28,84,53,14,112,204,316
RANDOM,9,238,29,85,53,13,112,205,317
RANDOM,9,239,29,85,53,13,112,205,317
RANDOM,9,240,29,85,53,13,114,205,319
RANDOM,9,241,29,85,53,13,114,206,320
RANDOM,9,242,29,85,53,13,114,206,320
RANDOM,9,243,29,85,53,13,114,206,320
RANDOM,9,244,29,85,53,13,114,206,320
RANDOM,9,245,29,85,53,13,114,206,320
RANDOM,9,246,29,85,53,13,114,206,320
RANDOM,9,247,29,85,53,13,115,207,322
RANDOM,9,248,29,85,53,13,116,207,323
RANDOM,9,249,29,85,53,13,116,207,323
RANDOM,9,250,29,85,53,13,116,207,323
RANDOM,9,251,29,85,53,13,116,207,323
RANDOM,9,252,29,85,53,13,117,207,324
RANDOM,9,253,30,86,53,12,117,207,324
RANDOM,9,254,30,86,53,12,117,207,324
RANDOM,9,255,30,86,53,12,117,207,324
RANDOM,9,256,30,86,53,12,118,207,325
RANDOM,9,257,30,86,53,12,118,208,326
RANDOM,9,258,30,86,53,12,118,209,327
RANDOM,9,259,30,86,53,12,118,209,327
RANDOM,9,260,30,86,53,12,118,210,328
RANDOM,9,261,31,87,53,11,118,210,328
RANDOM,9,262,31,87,53,11,119,210,329
RANDOM,9,263,31,87,53,11,119,210,329
RANDOM,9,264,31,87,53,11,119,211,330
RANDOM,9,265,31,87,53,11,119,211,330
RANDOM,9,266,31,87,53,11,120,211,331
RANDOM,9,267,31,87,53,11,120,211,331
RANDOM,9,268,31,87,53,11,120,211,331
RANDOM,9,269,31,87,53,11,121,211,332
RANDOM,9,270,31,87,53,11,121,213,334
RANDOM,9,271,31,87,53,11,122,213,335
RANDOM,9,272,31,87,53,11,122,213,335
RANDOM,9,273,31,87,53,11,122,213,335
RANDOM,9,274,31,87,53,11,122,213,335
RANDOM,9,275,31,87,53,11,122,213,335
RANDOM,9,276,31,87,53,11,122,214,336
RANDOM,9,277,31,87,53,11,124,214,338
RANDOM,9,278,31,87,53,11,125,214,339
RANDOM,9,279,31,87,53,11,125,214,339
RANDOM,9,280,31,87,53,11,125,214,339
RANDOM,9,281,31,87,53,11,125,214,339
RANDOM,9,282,31,87,53,11,126,215,341
RANDOM,9,283,31,87,53,11,126,215,341
RANDOM,9,284,31,87,53,11,126,215,341
RANDOM,9,285,31,87,53,11,126,216,342
RANDOM,9,286,31,87,53,11,126,216,342
RANDOM,9,287,31,87,53,11,126,216,342
RANDOM,9,288,31,87,53,11,126,216,342
RANDOM,9,289,31,87,53,11,126,216,342
RANDOM,9,290,31,87,53,11,127,216,343
RANDOM,9,291,31,87,53,11,127,216,343
RANDOM,9,292,31,87,53,11,127,216,343
RANDOM,9,293,31,87,53,11,127,217,344
RANDOM,9,294,31,87,53,11,127,217,344
RANDOM,9,295,31,87,53,11,127,217,344
RANDOM,9,296,31,87,53,11,127,217,344
RANDOM,9,297,31,87,53,11,127,217,344
RANDOM,9,298,31,87,53,11,127,217,344
RANDOM,9,299,31,87,53,11,128,217,345
RANDOM,9,300,31,87,53,11,128,217,345
RANDOM,9,301,31,87,53,11,128,218,346
RANDOM,9,302,31,87,53,11,128,218,346
RANDOM,9,303,31,87,53,11,129,218,347
RANDOM,9,304,31,87,53,11,130,218,348
RANDOM,9,305,31,87,53,11,130,219,349
RANDOM,9,306,31,87,53,11,130,219,349
RANDOM,9,307,31,87,53,11,130,219,349
RANDOM,9,308,31,87,53,11,131,220,351
RANDOM,9,309,32,88,53,10,131,220,351
RANDOM,9,310,32,88,53,10,131,220,351
RANDOM,9,311,32,88,53,10,131,220,351
RANDOM,9,312,32,88,54,10,132,220,352
RANDOM,9,313,32,88,54,10,133,220,353
RANDOM,9,314,32,88,54,10,133,220,353
RANDOM,9,315,32,88,54,10,133,220,353
RANDOM,9,316,32,88,54,10,133,221,354
RANDOM,9,317,32,88,54,10,134,221,355
RANDOM,9,318,32,88,54,10,135,221,356
RANDOM,9,319,32,88,54,10,135,221,356
RANDOM,9,320,32,88,54,10,135,221,356
RANDOM,9,321,32,88,54,10,135,221,356
RANDOM,9,322,32,88,54,10,135,221,356
RANDOM,9,323,32,88,54,10,137,221,358
RANDOM,9,324,32,88,54,10,137,221,358
RANDOM,9,325,32,88,54,10,137,223,360
RANDOM,9,326,32,88,54,10,137,223,360
RANDOM,9,327,32,88,55,10,137,224,361
RANDOM,9,328,32,88,55,10,137,224,361
RANDOM,9,329,32,88,55,10,137,225,362
RANDOM,9,330,32,88,55,10,137,226,363
RANDOM,9,331,32,88,55,10,137,226,363
RANDOM,9,332,32,88,55,10,137,226,363
RANDOM,9,333,32,88,55,10,137,226,363
RANDOM,9,334,32,88,55,10,137,226,363
RANDOM,9,335,32,88,55,10,137,227,364
RANDOM,9,336,32,88,55,10,137,227,364
RANDOM,9,337,32,88,55,10,137,227,364
RANDOM,9,338,32,88,56,10,137,228,365
RANDOM,9,339,32,88,56,10,138,228,366
RANDOM,9,340,32,88,56,10,138,228,366
RANDOM,9,341,32,88,56,10,138,228,366
RANDOM,9,342,32,88,56,10,138,228,366
RANDOM,9,343,32,88,56,10,138,228,366
RANDOM,9,344,32,88,56,10,139,229,368
RANDOM,9,345,32,88,57,10,139,229,368
RANDOM,9,346,32,88,57,10,139,229,368
RANDOM,9,347,32,88,58,10,139,229,368
RANDOM,9,348,32,88,59,10,139,229,368
RANDOM,9,349,32,88,59,10,139,229,368
RANDOM,9,350,33,89,59,9,141,229,370
RANDOM,9,351,33,89,59,9,141,229,370
RANDOM,9,352,33,89,59,9,141,229,370
RANDOM,9,353,33,89,59,9,142,229,371
RANDOM,9,354,33,89,59,9,142,229,371
RANDOM,9,355,33,89,59,9,142,230,372
RANDOM,9,356,33,89,59,9,143,230,373
RANDOM,9,357,33,89,59,9,143,230,373
RANDOM,9,358,33,89,59,9,144,231,375
RANDOM,9,359,33,89,59,9,144,231,375
RANDOM,9,360,33,89,59,9,144,231,375
RANDOM,9,361,33,89,59,9,145,231,376
RANDOM,9,362,33,89,59,9,145,231,376
RANDOM,9,363,34,90,59,8,145,231,376
RANDOM,9,364,34,90,59,8,146,231,377
RANDOM,9,365,34,90,59,8,146,231,377
RANDOM,9,366,34,90,59,8,146,231,377
RANDOM,9,367,34,90,59,8,147,231,378
RANDOM,9,368,34,90,59,8,147,231,378
RANDOM,9,369,34,90,59,8,147,231,378
RANDOM,9,370,34,90,59,8,147,231,378
RANDOM,9,371,34,90,59,8,147,232,379
RANDOM,9,372,34,90,59,8,147,232,379
RANDOM,9,373,34,90,59,8,148,233,381
RANDOM,9,374,34,90,59,8,148,233,381
RANDOM,9,375,34,90,59,8,148,233,381
RANDOM,9,376,34,90,59,8,148,233,381
RANDOM,9,377,34,90,59,8,148,233,381
RANDOM,9,378,34,90,59,8,148,233,381
RANDOM,9,379,34,90,59,8,149,233,382
RANDOM,9,380,34,90,60,8,149,233,382
RANDOM,9,381,34,90,60,8,149,233,382
RANDOM,9,382,34,90,60,8,149,234,383
RANDOM,9,383,34,90,60,8,149,235,384
RANDOM,9,384,34,90,60,8,149,235,384
RANDOM,9,385,34,90,60,8,149,235,384
RANDOM,9,386,34,90,60,8,149,235,384
RANDOM,9,387,34,90,60,8,150,236,386
RANDOM,9,388,34,90,60,8,150,236,386
RANDOM,9,389,34,90,60,8,150,237,387
RANDOM,9,390,34,90,60,8,150,237,387
RANDOM,9,391,34,90,60,8,150,237,387
RANDOM,9,392,34,90,60,8,150,237,387
RANDOM,9,393,34,90,60,8,150,237,387
RANDOM,9,394,34,90,60,8,151,238,389
RANDOM,9,395,34,90,60,8,151,238,389
RANDOM,9,396,34,90,60,8,151,238,389
RANDOM,9,397,34,90,60,8,151,238,389
RANDOM,9,398,34,90,60,8,152,238,390
RANDOM,9,399,34,90,60,8,152,238,390
RANDOM,9,400,34,90,60,8,152,238,390
RANDOM,9,401,34,90,60,8,152,239,391
RANDOM,9,402,34,90,60,8,152,239,391
RANDOM,9,403,34,90,60,8,152,239,391
RANDOM,9,404,34,90,60,8,152,239,391
RANDOM,9,405,34,90,60,8,152,240,392
RANDOM,9,406,34,90,60,8,153,240,393
RANDOM,9,407,34,90,60,8,153,240,393
RANDOM,9,408,34,90,60,8,153,240,393
RANDOM,9,409,34,90,60,8,153,240,393
RANDOM,9,410,34,90,60,8,153,240,393
RANDOM,9,411,34,90,60,8,153,241,394
RANDOM,9,412,34,90,60,8,153,241,394
RANDOM,9,413,34,90,60,8,154,241,395
RANDOM,9,414,34,90,60,8,154,241,395
RANDOM,9,415,34,90,60,8,155,241,396
RANDOM,9,416,34,90,60,8,155,241,396
RANDOM,9,417,34,90,60,8,155,242,397
RANDOM,9,418,34,90,60,8,155,242,397
RANDOM,9,419,34,90,60,8,155,242,397
RANDOM,9,420,35,91,60,7,155,242,397
RANDOM,9,421,35,91,60,7,155,242,397
RANDOM,9,422,35,91,60,7,155,243,398
RANDOM,9,423,35,91,60,7,155,243,398
RANDOM,9,424,35,91,60,7,155,243,398
RANDOM,9,425,35,91,60,7,155,243,398
RANDOM,9,426,35,91,60,7,155,243,398
RANDOM,9,427,35,91,60,7,156,243,399
RANDOM,9,428,35,91,60,7,156,243,399
RANDOM,9,429,35,91,60,7,156,244,400
RANDOM,9,430,35,91,61,7,156,244,400
RANDOM,9,431,36,92,61,6,156,244,400
RANDOM,9,432,36,92,61,6,156,244,400
RANDOM,9,433,36,92,61,6,156,245,401
RANDOM,9,434,36,92,61,6,156,245,401
RANDOM,9,435,36,92,61,6,156,245,401
RANDOM,9,436,36,92,61,6,156,246,402
RANDOM,9,437,36,92,61,6,156,246,402
RANDOM,9,438,36,92,61,6,156,246,402
RANDOM,9,439,36,92,61,6,156,246,402
RANDOM,9,440,36,92,61,6,157,246,403
RANDOM,9,441,36,92,61,6,157,246,403
RANDOM,9,442,36,92,61,6,157,246,403
RANDOM,9,443,36,92,61,6,157,246,403
RANDOM,9,444,36,92,61,6,158,246,404
RANDOM,9,445,36,92,61,6,158,246,404
RANDOM,9,446,36,92,61,6,158,246,404
RANDOM,9,447,36,92,61,6,158,247,405
RANDOM,9,448,36,92,61,6,158,247,405
RANDOM,9,449,36,92,61,6,159,247,406
RANDOM,9,450,36,92,61,6,160,247,407
RANDOM,9,451,36,92,61,6,160,247,407
RANDOM,9,452,36,92,61,6,160,247,407
RANDOM,9,453,36,92,61,6,160,248,408
RANDOM,9,454,36,92,61,6,160,248,408
RANDOM,9,455,36,92,61,6,160,249,409
RANDOM,9,456,36,92,61,6,160,249,409
RANDOM,9,457,36,92,61,6,160,249,409
RANDOM,9,458,36,92,61,6,160,249,409
RANDOM,9,459,36,92,61,6,160,249,409
RANDOM,9,460,36,92,61,6,160,249,409
RANDOM,9,461,36,92,61,6,160,249,409
RANDOM,9,462,36,92,61,6,161,249,410
RANDOM,9,463,36,92,61,6,161,249,410
RANDOM,9,464,36,92,61,6,161,249,410
RANDOM,9,465,36,92,61,6,161,249,410
RANDOM,9,466,36,92,62,6,162,249,411
RANDOM,9,467,36,92,62,6,162,249,411
RANDOM,9,468,36,92,62,6,162,250,412
RANDOM,9,469,36,92,62,6,162,250,412
RANDOM,9,470,36,92,63,6,162,250,412
RANDOM,9,471,36,92,63,6,162,250,412
RANDOM,9,472,37,93,63,5,162,250,412
RANDOM,9,473,37,93,63,5,162,251,413
RANDOM,9,474,37,93,64,5,162,251,413
RANDOM,9,475,37,93,64,5,162,251,413
RANDOM,9,476,38,94,64,4,162,251,413
RANDOM,9,477,38,94,64,4,162,251,413
RANDOM,9,478,38,94,64,4,163,251,414
RANDOM,9,479,38,94,64,4,163,251,414
RANDOM,9,480,39,95,64,3,163,252,415
RANDOM,9,481,39,95,64,3,163,252,415
RANDOM,9,482,39,95,64,3,163,252,415
RANDOM,9,483,39,95,64,3,163,252,415
RANDOM,9,484,39,95,65,3,163,253,416
RANDOM,9,485,39,95,65,3,163,254,417
RANDOM,9,486,39,95,65,3,163,254,417
RANDOM,9,487,39,95,65,3,163,254,417
RANDOM,9,488,39,95,65,3,163,254,417
RANDOM,9,489,39,95,65,3,163,254,417
RANDOM,9,490,39,95,65,3,163,254,417
RANDOM,9,491,39,95,65,3,163,255,418
RANDOM,9,492,39,95,65,3,163,255,418
RANDOM,9,493,39,95,65,3,163,255,418
RANDOM,9,494,39,95,65,3,163,256,419
RANDOM,9,495,39,95,65,3,163,256,419
RANDOM,9,496,39,95,65,3,163,256,419
RANDOM,9,497,39,95,65,3,163,256,419
RANDOM,9,498,39,95,65,3,163,257,420
RANDOM,9,499,39,95,65,3,163,257,420
